:020000040800F2
:1000000030C50020450100089D2F0008A9200008E8
:10001000992F0008051F000879350008000000002E
:100020000000000000000000000000000D32000889
:10003000E11F000800000000B12F0008D9320008BD
:100040005F0100085F0100085F0100085F01000810
:100050005F0100085F0100085F0100085F01000800
:100060005F0100085F0100085F010008211F000810
:100070005F0100085F0100085F0100085F010008E0
:100080005F0100085F0100085F0100085F010008D0
:10009000553500085F0100085F0100085F01000896
:1000A0005F0100085F0100085F0100085F010008B0
:1000B0005F0100085F0100085F0100085F010008A0
:1000C0005F0100085F0100085F0100085F01000890
:1000D0005F01000805340008753400085F0100085E
:1000E0005F0100085F0100085F0100085F01000870
:1000F0005F0100085F0100085F0100085F01000860
:100100005F0100085F0100085F0100085F0100084F
:100110005F0100085F0100085F0100085F0100083F
:100120005F0100085F0100085F0100085F0100082F
:10013000DFF80CD000F0A2FE004800479DB6000892
:1001400030C500200648804706480047FEE7FEE726
:10015000FEE7FEE7FEE7FEE7FEE7FEE7FEE7FEE777
:10016000ED3200083101000800487047D4F3000860
:1001700010B50446FFF7F8FF0068005D00F00100CD
:1001800010BD40EA01039B0703D009E008C9121F14
:1001900008C0042AFAD203E011F8013B00F8013B41
:1001A000521EF9D27047D2B201E000F8012B491E6D
:1001B000FBD270470022F6E710B513460A46044604
:1001C0001946FFF7F0FF204610BD30B505462A4618
:1001D0000B4612F8010B13F8014B08B1A042F8D0FE
:1001E0001CB1002802D06D1CF1E7284630BD10B5C7
:1001F000044604E00B7800F8013B03B1491C521E91
:10020000F8D2204610BDCAB2401E10F8011F8A4223
:1002100002D00029F9D100207047421C10F8011BC0
:100220000029FBD1801A704710B5002200E0521C53
:10023000835C8C5CA34201D1002BF8D1D8B2E1B22F
:10024000401A10BD30B504460020034600E05B1C98
:10025000934203D2E05CCD5C401BF8D030BD10B5BA
:10026000044600E0401C0378002BFBD100E0401C5A
:10027000521E04D311F8013B0370002BF7D100216B
:100280000170204610BD30B503461D783DB10A46C9
:1002900012F8014B1CB1AC42FAD15B1CF5E7181AFD
:1002A00030BD30B50546002008E00A4602E0A34212
:1002B00007D0521C1378002BF9D1401C2C5C002C69
:1002C000F3D130BD0FB400B58DB010A909900B90DB
:1002D00000914FF0FF300A9000200C9005480690E6
:1002E000054807906A4609A80F9900F017FC0DB061
:1002F0005DF814FB390B0008570B00082DE9FF5F70
:100300001D464FF0FF3BD5E9014691465F464FF051
:100310000008A9697F1C01988847296A8246884796
:100320000028F6D1BAF1FF3F0CD024F4C064002EAF
:1003300019DD600614D5BAF12B0F09D0BAF12D0FD3
:100340000ED103E0584604B0BDE8F09F44F4806449
:10035000A9697F1C01988847761E8246002E02DD1F
:10036000BAF1300F03D0B9F1000F26D032E0A969FD
:10037000761E44F400747F1C019888478246002E44
:1003800005DDBAF1780F06D0BAF1580F03D0B9F1F4
:10039000000F10D01EE0B9F1000F02D0B9F1100F1C
:1003A00018D1A969761E24F400747F1C019888472F
:1003B0008246102002E0082000E00A20814609E081
:1003C00008FB0908A969761E44F400747F1C019893
:1003D00088478246002E05DD4946504600F089FBDD
:1003E0000028EDDAE96901988847A00502D46FF08A
:1003F0000100A8E7E00725D1600613D5600502D506
:10040000C8F1000000E0404629680A1D2A6009681A
:10041000220501D5087015E0220701D5088011E0FA
:1004200008600FE02868011D29600068210502D5D9
:1004300080F8008006E0210702D5A0F8008001E0E6
:10044000C0F8008038467EE72DE9FF5FD2E901A7BA
:100450004FF00008916999461446DDF838B04646D9
:1004600001988847054659EA0B0005D009E0A169C3
:10047000761C019888470546216A28468847002847
:10048000F5D1681C03D05FEACA7005D015E04FF0C3
:10049000FF3004B0BDE8F09F2068011D2160D0F856
:1004A00000800AE05FEACA7001D108F8015BA16927
:1004B000761C7F1E019888470546002F1ADD681CB0
:1004C00018D0B9F1000F0DD0E81705EBD06042113C
:1004D00020F01F0059F822102A1A012090400142F2
:1004E000E0D107E0BBF1000FDCD1216A2846884744
:1004F0000028D7D0E16901988847BBF1000F07D1E8
:10050000002E05DD5FEACA7002D1002188F80010D4
:10051000A068B84203DDBBF1000F03D017B16FF044
:100520000100B6E73046B4E72DE9F04791460F46A3
:1005300080460446002614F8015B2DB1FFF714FE37
:100540000068405DC007F6D12B2D02D02D2D18D0AC
:10055000641E4A463946204600F00EFB27B1396832
:10056000A14201D1C7F8008071054FF002040BD5FC
:100570004042002803DD0EF055FA0460A007BDE8F4
:10058000F08746F48066E4E70028F8DA0EF04AFACD
:1005900004606FF00040F2E7F0B480EA0102D40F8B
:1005A0004200B2EB410F02D20246084611464A0011
:1005B00042D0C30DDDB2C1F3C752AD1A202D35DADA
:1005C000C1F3160141F4000204B15242C5F1200604
:1005D00002FA06F12A411044B3EBD05F23D0C4B134
:1005E000012DA0EBC35009DCF0BC4FF0004202EA41
:1005F000C352DBB200F5000000F016BB400000F172
:10060000807000EBC350A0F1807040EAD1704900C7
:1006100009E0490841EAC071A0EBC35000F50000B1
:10062000400800EBC350F0BC00F0F5BA6142012273
:1006300002EB4101001BF6E7F0BC704781F000417E
:10064000AAE780F00040A7E780EA010210B502F0B7
:100650000043400022D04A001FD0010E01EB12617E
:10066000C0F35600C2F3560240F4000042F4000208
:10067000A0FB022000047F39140400D0401C50EA83
:10068000124001D44000491EC2B20C0604EBD01047
:10069000401C4008802A02D003E0002010BD20F05A
:1006A0000100002900DA0020184310BD30B480EAB0
:1006B000010202F0004530F0004221F0004013D06A
:1006C00090B1C30DD40DC2F31601C0F31600E41AA5
:1006D00041F4000140F400027D34914201D3641CD6
:1006E00000E04900002C02DA30BC002070474FF4D3
:1006F00000000023914201D3891A034340084FEAC6
:100700004101F7D151B1914202D14FF0004105E0D2
:1007100002D24FF0010101E06FF0010103EBC45080
:10072000284430BC00F077BA2DE9FE4F804681EABC
:100730000300C00F0C46009021F0004123F000455B
:10074000B8EB0200A94105D24046214690461C461E
:100750000B46024623F00040104347D0270DC7F355
:100760000A00C3F30A510290401A019040286BDA44
:10077000C3F3130040F4801B0098924620B100237D
:10078000D2EB030A63EB0B0B01985946C0F1400210
:10079000504600F08DF906460D4650465946019ADE
:1007A00000F095F910EB08006141002487EA11522E
:1007B00084EAE7731A4340D0009A62B3019A012A8F
:1007C0004FEA075215DC001B61EB02014FF00042BB
:1007D00002EA0752CDE90042001C41F58011324681
:1007E0002B4600F05EFA03B0BDE8F08F404621468C
:1007F000F9E7001B61EB0201001C41F580130018B2
:100800005B412018A2F5001747EB030140EAD570C1
:10081000B6196D4111E06D084FEA360645EAC0751C
:100820004FEA0752001B61EB0201001C41F58011E9
:1008300049084FEA30000019514132462B4603B0B7
:10084000BDE8F04F00F01EBA0098012240000023DE
:10085000D0EB020263EBE073009821464FEAE074AC
:10086000B8EB000061EB0401E9E783F000435BE7CC
:1008700081F0004158E72DE9FE4F81EA030404F0BE
:10088000004421F0004100944FF0000B23F000439E
:1008900050EA01045ED052EA03045BD0C3F30A5469
:1008A000C1F30A552C44A4F2F3340194A0FB025482
:1008B000C1F3130141F48011C3F3130343F4801314
:1008C00001FB024400FB034E840A970A44EA815468
:1008D00047EA8357A4FB076802958D0A05FB078545
:1008E0004FEA932C04FB0C542705029D4FEA06584F
:1008F00047EA1637B5EB08056EEB070C870E920E2C
:1009000047EA811742EA8312A7FB0201B6EB0B010B
:1009100064EB00042B0D43EA0C335E1844EB1C50CF
:10092000DA465146E7FB0201C5F313044FEA0B33E5
:1009300043EA14534FEA0432019C43EA0603A4F14C
:100940000C040294009CCDE900B400F0AAF903B0B5
:10095000BDE8F08F00200146F9E7002801DBC0F177
:100960000040002901DBC1F10041814201D9012091
:10097000704700207047C10F80EAE0700844CA0742
:100980009623002100F050B996230022114600F072
:100990004BB900F0004220F00040C10DC0F316003A
:1009A00040F400007F2901DA00207047962903DC1B
:1009B000C1F19601C84001E096398840002AF4D080
:1009C0004042704700F0004230F000400AD0C10DB4
:1009D00001F56071C0F3160042EA0151C2084007F8
:1009E0001143704700200146704701F0004330B4C6
:1009F00021F0004150EA010206D00A0DA2F5607212
:100A0000C1F31301002A02DC30BC00207047440F00
:100A100044EAC104C100E01830BC00EBC25000F051
:100A2000FAB830B50B46014600202022012409E027
:100A300021FA02F59D4205D303FA02F5491B04FA97
:100A400002F52844151EA2F10102F1DC30BD2DE9AA
:100A5000F05F0546002092469B4688460646814642
:100A600040241BE0284641464746224600F018FA3B
:100A700053465A46C01A914110D311461846224691
:100A800000F016F82D1A67EB01084F4622460120A8
:100A9000002100F00DF817EB00094E41201EA4F1D3
:100AA0000104DFDC484631462A464346BDE8F09F54
:100AB000202A04DB203A00FA02F10020704791401E
:100AC000C2F1200320FA03F3194390407047202A13
:100AD00006DBCB17203A41FA02F043EAE07306E066
:100AE00041FA02F3D040C2F1200291400843194676
:100AF00070473A2800D2303820F02002412A01D332
:100B0000A2F13700884201D34FF0FF307047000058
:100B1000026811441378016018467047D160044997
:100B200051610449116200211161114600F0C8B9F8
:100B3000110B000871010008426842B1016811F808
:100B4000013B23B1521EC0E9001218467047012133
:100B5000C160881E704742685AB1C368016843B9D2
:100B600083688B4205D0491E521CC0E90012002048
:100B700070474FF0FF3070472DE9F05F82460078F4
:100B8000002715468B460AF10104B946302801D0EA
:100B90009DB113E014F8010B0127782803D05828E1
:100BA00001D045B10AE00DB1102D07D10027102565
:100BB00014F8010B02E0082500E00A250026B046E3
:100BC0000EE005FB080005FB06F1012701EB1046CE
:100BD0001FFA80F8B6F5803F00D3B94614F8010B30
:100BE0002946FFF786FF0028EBDABBF1000F05D09E
:100BF0000FB1641E00E05446CBF80040B9F1000F7D
:100C000006D00DF00FFF02210160C81EBDE8F09F65
:100C100048EA0640FAE70029A8BF7047401C49008F
:100C200008BF20F00100704710B4B0FA80FC00FA51
:100C30000CF050EA010404BF10BC704749B1CCF17C
:100C4000200421FA04F411FA0CF118BF0121214308
:100C50000843A3EB0C01CB1D4FEA00614FEA1020C3
:100C600042BF002010BC704700EBC3501044002965
:100C7000A4BF10BC7047401C490008BF20F0010011
:100C800010BC704710B5141E73F1000408DA401C44
:100C900041F1000192185B411A4301D120F001009B
:100CA00010BD2DE9F04D92469B4611B1B1FA81F28B
:100CB00002E0B0FA80F220329046FFF7F9FE0446D7
:100CC0000F4640EA0A0041EA0B0153465A460843E0
:100CD00013D0114653EA010019D0C8F14002504622
:100CE00000F0DEF805460E46504659464246FFF7EC
:100CF000DFFE084305D0012004E020463946BDE868
:100D0000F08D0020054346EAE0762C4337430A98ED
:100D10006305E40AA0EB08000022FD0A44EA4754F8
:100D20000A3002D500200146E9E7010510196941A2
:100D3000DDE9084500196941BDE8F04DA2E72DE95C
:100D4000F04D81EA030404F0004B21F00045144605
:100D50004FF0000A23F0004150EA050220D054EA87
:100D600001021DD0C5F30A570246C5F31303C1F3B0
:100D70001300C1F30A5640F4801543F48013A7EB27
:100D80000608101BD64608F2FD3873EB050002D3A7
:100D900008F1010801E092185B41B8F1000F03DA95
:100DA00000200146BDE8F08D00204FF4801106467A
:100DB00084460EE0171B73EB050705D3121B63EB8C
:100DC000050306434CEA010C49084FEA300092182B
:100DD0005B4150EA0107EDD152EA030012D082EAEA
:100DE000040083EA0501084305D0101BAB4106D27D
:100DF0000122002306E000224FF0004302E06FF0E2
:100E0000010253101AEB06004CEB085110EB0A00DC
:100E100041EB0B01BDE8F04DFFF734BFC1F30A52BF
:100E2000C1F3130140F2FF3341F480119A4202DA18
:100E300000200146704740F233439A42A2F2334207
:100E400002DC524200F02CB8FFF732BE30B5041E6F
:100E500071F1000404DB4FF00044404264EB0101F7
:100E6000141E73F1000405DB1C464FF00043524290
:100E700063EB0403994208BF904230BD064C074D16
:100E800006E0E06840F0010394E80700984710345A
:100E9000AC42F6D3FFF750F90C5401082C5401086A
:100EA000202A04DB203A21FA02F00021704721FABF
:100EB00002F3D040C2F12002914008431946704726
:100EC0002DE9F34F8BB04FF0000801F10C000C46F8
:100ED0004FF0010B46460DF1080A019062690121AD
:100EE00001989047051E2DD0252D2CD0216A8847CA
:100EF000C0B16269012101989047216A88470028A2
:100F0000F7D1411E62690198904700E0761CA16903
:100F10000B988847216A88470028F7D1E1690B9828
:100F20008847DBE7A1690B9888470746A84201D1AB
:100F3000761CD3E7E1690B9888477F1C02D1B8F192
:100F4000000F6FD046E1002762693D46394601989F
:100F500090472A2804D16269012101989047012510
:100F6000DFF884926269012101989047A0F1300175
:100F70000A290AD24F45E5DC07EB870100EB410760
:100F8000303FDFD445F01005ECE7E90601D46FF0FF
:100F900000476C280AD04C2814D0682815D06A283D
:100FA0000DD074281CD07A281AD01DE06269012166
:100FB000019890476C2802D045F0040514E045F0F4
:100FC00002050DE045F020050AE062690121019863
:100FD0009047682802D045F0080505E045F4006513
:100FE0006269012101989047C4E9015765283DD005
:100FF00019DC58287AD00CDC452837D004DC2528A9
:1010000026D0412831D131E046282FD047282CD195
:101010002CE05B2877D0612828D063287CD0642816
:1010200023D15AE0D0E06F2848D008DC66281DD0D4
:1010300067281BD0692821D06E2816D127E0702898
:1010400045D0732868D0752847D078280DD14DE059
:10105000A1690B988847054625283FF469AFE169E7
:101060000B9888476D1C3FF46AAFB3E023466A468D
:101070006FF001000B99AFF300809EE045F0400057
:101080006060A80723464FF0000236D43EE0E80730
:101090007FF447AF2068011D21600068290501D554
:1010A00006701BE7290701D5068017E7A90703D5B6
:1010B000F117C0E9006111E706600FE745F0400055
:1010C0006060A80723464FF0080216D41EE040F6E1
:1010D0000E0125EA0100606016E045F04000606006
:1010E000A80723464FF00A0207D40FE045F040005E
:1010F0006060A80708D5234610226FF001000B9905
:10110000AFF3008059E007E0234610226FF00100A2
:101110000B99FFF7F3F850E04FF000094F464B46AC
:10112000632802D05B2806D040E0E80601D4012005
:10113000A06001273AE062690121019890475E288A
:1011400005D14FF00109626949460198904721692C
:1011500039B900210A46534643F82120491C082981
:10116000FADBB0B3216969B9C11700EBD162531141
:101170000AEB830122F01F02821A01200B689040C3
:1011800003430B6062690121019890475D28E8D113
:10119000B9F1000F09D00020514651F82020D24368
:1011A00041F82020401C0828F7DB02AB22460097BC
:1011B0006FF001000B99FFF747F900280CDA401C8B
:1011C00008D1BBF1000F05D04FF0FF300DB0BDE8E6
:1011D000F08FFFE74046F9E7E90701D108F1010880
:1011E00006444FF0000B79E6CCCCCC0C30B58C1813
:1011F00010F8012B12F00F0301D110F8013B120976
:1012000006D110F8012B03E010F8015B01F8015B37
:101210005B1EF9D101E001F8013B521EFBD1A14256
:10122000E6D3002030BD000010B582B0C8B18C46B6
:1012300042F6A04042F60251C0F60100C0F601019C
:1012400000220023CDF800C000F0B4FA40F248308C
:10125000C2F2000090F808020238B0FA80F04409A7
:101260000DE042F6A04041F28153C0F60100C0F605
:10127000000300214FF47A72002400F09BFA20460C
:1012800002B010BD80B582B042F6025184460AA079
:10129000C0F6010100220023CDF800C000F08AFA58
:1012A00040F24830C2F2000090F808020238B0FA6A
:1012B00080F0400902B080BD41542B4448435000A7
:1012C00010B582B0C8B18C4642F6EC4042F60251ED
:1012D000C0F60100C0F6010100220023CDF800C0D5
:1012E00000F068FA40F24830C2F2000090F80802BC
:1012F0000238B0FA80F044090DE042F6EC4041F2C9
:101300008153C0F60100C0F6000300214FF47A7249
:10131000002400F04FFA204602B010BD80B582B024
:1013200042F6025184460AA0C0F6010100220023C1
:10133000CDF800C000F03EFA40F24830C2F20000A2
:1013400090F808020238B0FA80F0400902B080BD7F
:1013500041542B445343410010B582B042F6B4408F
:1013600042F617410024C0F60100C0F60101002238
:101370000023009400F01EFA40F24830C2F2000050
:1013800090F80802022807D104A00DF0CFFF41F227
:101390004260C2F20000047002B010BD5B41545DB7
:1013A0002041545F53657454706D6F64207375638E
:1013B000636573650000000010B582B0C8B18C464B
:1013C00042F6FC4042F60251C0F60100C0F60101AF
:1013D00000220023CDF800C000F0ECF940F24830C4
:1013E000C2F2000090F808020238B0FA80F0440916
:1013F0000DE042F6FC4041F28153C0F60100C0F618
:10140000000300214FF47A72002400F0D3F9204643
:1014100002B010BD80B541F2815304A0C0F60003B4
:1014200000214FF47A7200F0C5F980BD41542B4C75
:101430004950000010B582B0C8B18C4642F6D04089
:1014400042F60251C0F60100C0F60101002200235D
:10145000CDF800C000F0AEF940F24830C2F2000012
:1014600090F808020238B0FA80F044090DE042F624
:10147000D04041F28153C0F60100C0F600030021C4
:101480004FF47A72002400F095F9204602B010BDA6
:1014900010B582B0044604F035FFA8B142F6C6404C
:1014A000C0F6010010A100220023009400F082F990
:1014B00040F24830C2F2000090F808020238B0FA58
:1014C00080F0400902B010BD42F6C64041F281539F
:1014D000C0F60100C0F6000300214FF47A7200F05C
:1014E00069F9032002B010BD4755443630302D2530
:1014F000732C310080B582B0D0B18C4642F6D84012
:1015000042F60251C0F60100C0F60101002200239C
:10151000CDF800C000F04EF940F24830C2F20000B1
:1015200090F808020238B0FA80F0400902B080BD9D
:1015300042F6D84041F28153C0F60100C0F60003E4
:1015400000214FF47A7200F035F9032002B080BD1B
:1015500080B508A000210022002300F02BF940F202
:101560004830C2F2000090F808020238B0FA80F069
:10157000400980BD41542B5245424F4F540000005A
:1015800070B5022803D112B112A4022506E0042886
:101590001FD1002A08BF70BD0EA4042502EBC210A3
:1015A00001EB4000A0F581760EA031460DF0E2F986
:1015B00042F66840C0F6010029460DF0DBF92046EE
:1015C0000DF0B4FE3046FEF728FE81B230460BF037
:1015D0008DFE70BDD7BCB1B8B7A2CBCDBBD8B0FC27
:1015E0000000000044617461204672616D653A201C
:1015F00025730A0080B508A000210022002300F016
:10160000D9F840F24830C2F2000090F808020238DF
:10161000B0FA80F0400980BD41542B524553544FDD
:1016200052450000F0B5A2F1010C0023002400BFD8
:101630009AB294454FF0000531DDB0F80264B0F87D
:101640000074BE422BD0855D01338D54B0F8022466
:10165000402D02F101064FF000029DB26FF39F266C
:1016600008BF621C022DA0F802640DD36C1814F898
:10167000026C0D2E08D114F8014C0A2C04D1002460
:101680004C559E4607E000BFD5B22C1F18BF012461
:10169000042D08BF9E46002C14467546C8D1A8B23A
:1016A000F0BD0000B0F800C4B0F802240CF1010352
:1016B0006FF39F2393420FBF002000F80C10A0F897
:1016C000003401207047000010B582B0C0B142F66E
:1016D000BE4042F617410124C0F60100C0F60101E8
:1016E00000220023009400F065F840F24830C2F276
:1016F000000090F808020238B0FA80F044090DE0CA
:1017000042F6BE4041F28153C0F60100C0F600032C
:1017100000214FF47A72002400F04CF8204602B009
:1017200010BD000010B582B0C8B18C4642F6DF4053
:1017300042F60251C0F60100C0F60101002200236A
:10174000CDF800C000F036F840F24830C2F2000098
:1017500090F808020238B0FA80F044090DE042F631
:10176000DF4041F28153C0F60100C0F600030021C2
:101770004FF47A72002400F01DF8204602B010BD2C
:1017800080B582B042F6174141F281534FF0050C0B
:1017900006A0C0F60101C0F6000342F22832CDF8DF
:1017A00000C000F007F802B080BD00BF41542B53C9
:1017B00043414E00F0B581B040F24834C2F200041B
:1017C000164694F810220AB101B0F0BD1D460F462E
:1017D000034606A80090B1B13878A0B142F69C4209
:1017E000C0F6010220464FF400710DF0D3F82046F8
:1017F000FEF713FD2218009BC0F5007110463A4613
:101800000DF0F6F80BE040F2483042F60252C2F218
:101810000000C0F601024FF400710DF0BBF8204645
:10182000FEF7FBFC40F2FF110A1A22A12046FEF748
:1018300016FD00F02BFCC4F80002012084F8080219
:101840003046C4F80C52002E18BF012084F8100254
:101850002046FEF7E2FC81B2204602F0E9F91EB113
:10186000C4F8046201B0F0BD00F010FC064600BFF1
:1018700000F00CFC801B80087C280BD894F8080230
:1018800000F0FE010229F3D175B194F8262C04F280
:10189000122108E0042084F808022DB194F8262CC7
:1018A00004F212210420A847002084F8100201B09D
:1018B000F0BD00BF0D0A0000F0B581B01C46034624
:1018C00006A8009081B308780F4668B340F2483606
:1018D0001546C2F2000642F69C42C0F601023046AE
:1018E0004FF400710DF056F83046FEF796FC3218B2
:1018F000009BC0F5007110463A460DF079F830466D
:10190000FEF78BFC80B20719B91CB1F5007F0BD82C
:10191000304429462246FEF734FCB9B2304602F084
:1019200087F902A00DF002FD01B0F0BD73656E6491
:101930002055382064617461207375636365736535
:1019400021000000B0B582B042F6B44042F6174123
:101950000125C0F60100C0F6010100220023009518
:101960000024FFF727FF40F24830C2F2000090F851
:101970000802022808D106A00DF0D8FC41F242600E
:10198000C2F2000001240570204602B0B0BD00BFC5
:101990005B41545D2041545F53657454706D6F64B6
:1019A00020737563636573650000000080B541F2C4
:1019B000815304A0C0F6000300214FF47A72FFF7B0
:1019C000F9FE80BD41542B5354415400F0B581B011
:1019D00040F24837C2F2000797F8100278B197F842
:1019E0000802013802280AD800F050FBD7E980121B
:1019F000401A904205D897F80802032801D001B098
:101A0000F0BD16A00CF0B6FF97F8260C042187F85D
:101A10000812E8B116A41AA507F212260FE000BFBB
:101A200020460DF083FC97F8260C013887F8260C29
:101A3000C1B228460CF09EFF97F8260C40B1D7F8AB
:101A40000C32002BECD0C2B2042031469847EAE7B2
:101A5000002087F8100201B0F0BD00BF41545F5371
:101A6000544154455F54494D454F5554210A0D008A
:101A700063616C6C6261636B204E554C4C000000DE
:101A80006672616D655F636F756E742D2D3A2564A6
:101A90000A0000002DE9F04FC5B004465AB11546C2
:101AA00004F628464F1E00BF17F8011F3046FFF707
:101AB000F9FD013DF8D104F6284805AE404631460F
:101AC0004FF48072FFF7AEFD002800F0E7808246F9
:101AD000301D0FF23C2B0FF24829AFA50290CDF834
:101AE0000C8012E030462946FEF76FFB00284FD0ED
:101AF000022084F80802404631464FF48072FFF716
:101B000091FD8246002800F0C980584631460CF00D
:101B100031FF30464946FEF758FB98B1012002F0EC
:101B2000D3FE074630463D21FEF76DFBE0B30130A2
:101B30007EA104AA3B46FEF7C5FB022800F0B18057
:101B40007EA043E0304685A1FEF73FFB70B3012045
:101B5000A8465D4602F0B8FE834630463D21FEF7BA
:101B600052FBB0B3471C7FA039460CF003FF41F68F
:101B7000F80238467DA1C2F2000204ABCDF800B0F5
:101B8000FEF7A0FB032800F09C806CA022E000BFC1
:101B900042F6E6413046C0F60101FEF716FB00288A
:101BA000A9D00320A5E700BF68A00FE0BAF1080F95
:101BB0000AD30598B0F1253F06D10AEB060050F88C
:101BC000040CB0F1403F3DD06CA000BF0DF0AEFB67
:101BD00006E05EA00DF0AAFBAB464546DDF80C80A2
:101BE00094F8267C092F3FF67DAF3046FEF715FBB3
:101BF0000528FFF477AF42F6F3413046C0F6010105
:101C0000FEF7E3FA00287FF46DAF07EBC71004F28C
:101C1000122707EB40003146FF22FEF7E8FA94F85E
:101C2000260C00EBC01107EB41010130A1F800A127
:101C300084F8260CC1B242F68C40C0F601000CF0CC
:101C400099FE4FE742F60550C0F601000DF06EFB1D
:101C5000012002F039FEBAF1080F0190C0D3AAF1B9
:101C6000070C029B4FF0000E604606E00EF1010EDD
:101C70000138E64503F10103B2D056F80E10B1F178
:101C8000253FF3D106EB0E01002700BFDA59B2F170
:101C9000403F27D00137B842F8D1E7E745B0BDE86B
:101CA000F08F049942F68040C0F601000CF062FE0D
:101CB00004990120A7F80404A7F8001445B0BDE872
:101CC000F08F049942F68040C0F601000CF052FEFD
:101CD000049940F20110ABF80404ABF8001445B0CD
:101CE000BDE8F08F019D07F1080428462246FEF763
:101CF00048FA012085F8040442F65B40A1B2C0F620
:101D00000100A5F800440CF035FE45B0BDE8F08FA9
:101D10006672616D655F6275663A25730A00000040
:101D200047415454444154410000000025642C258F
:101D30003531325B5E0D0A5D00000000B8F1CABDAE
:101D4000BDE2CEF6CAA7B0DC00000000CEB4D5D20A
:101D5000B5BD20273D2720B7FBBAC50057464441F3
:101D60005441000025730D0A0000000025642C2555
:101D7000642C253531325B5E0D0A5D00B2BBB0FCD0
:101D8000BAAC20C0B4D4B4B9D8BCFCD7D620D7D60E
:101D9000B7FBB4AE000000004F4B000080B542F628
:101DA000B440C0F60100002100220023FFF702FD2D
:101DB00040F24830C2F2000090F808020238B0FA4F
:101DC00080F0400980BD000070B59AB004460078EC
:101DD0002B2815D10DAD28463221FEF7EBF96E46C2
:101DE00030463221FEF7E6F9601C2946324609F0FA
:101DF000F5FE2846314603F065FA01201AB070BDA1
:101E000000201AB070BD000070B541F6FC01C2F2AE
:101E100000010C68002C08BF70BD0546002605E0D7
:101E200040F00200607100BFA469E4B16079C107AD
:101E3000FAD0D4E90321294491422161F4D32179D4
:101E40002661C907ECD0216809B16069884720790B
:101E50004007E9D5E08801380104E080E4D120465C
:101E600000F016F8E0E770BD80B501600021DDF8F4
:101E700008C0C0E903210421C3800381002B08BFEF
:101E8000082141EA0C01017101F0ACFA80BD0000AB
:101E90004179002201F0FC010261417170470000AC
:101EA0000021016101894279C18042F00101417143
:101EB0007047000010B541F6FC00C2F20000046853
:101EC00001E000BFA469002C08BF10BD6079810744
:101ED000F8D5216800F0FD00607109B1606988479C
:101EE00020794007EED5E08801380104E080E9D18F
:101EF0002046FFF7CDFFE5E7417941F0010141714F
:101F000070470000FEE7000080B5DDE902EC0170DB
:101F10004270C0F8023080F806E080F807C080BD4B
:101F2000F0B581B00024C4F2020420460021022250
:101F300002F070FB002850D020460021022202F05F
:101F400061FB41F27830C2F20000017840F2F022E9
:101F5000C2F2000202EB410140F2403314396FF04B
:101F60000102C2F2000300BF9F187F880232062AD6
:101F700021F8147FF8D101784CF6CD420131CCF62E
:101F8000CC42A1FB0223DA0802EB8202A1EB420160
:101F9000017011BB41F2D450C2F2000040F2F024B3
:101FA00041F2C477851EC2F200040026C2F2000787
:101FB00020460A210BF082FFD4F80610D4F80A203C
:101FC000B819B9510421426001F08CFE083625F899
:101FD000020F202E04F11404EAD101B0F0BD00007C
:101FE000FEE7000070B540F2CC260446C2F20006BF
:101FF0000120307010A0032101F01AFE00F046F815
:10200000054600BF00F042F8401BA0420AD23078DB
:102010000328F7D141F24260C2F2000000240470AC
:1020200010A004E0002030704FF0FF3403A00DF04A
:102030007DF9204670BD00BF2B2B2B0045786974BD
:102040005F5472616E73706172656E744D6F64651A
:102050005F426C6F636B696E67204641494C454433
:102060000D000000457869745F5472616E73706191
:1020700072656E744D6F64655F426C6F636B696E01
:102080006720535543434553530D00004BF60C1046
:10209000C2F20000006870474BF60C10C2F200005C
:1020A0000168013101607047FEE7000070B545F23C
:1020B00000440E460546C4F2000400BF204640F22C
:1020C000016104F027F80028F8D1204604F064F8F4
:1020D00020464FF4A06104F01DF80028F8D02046F7
:1020E00080216FF0010204F041F800BF204640F269
:1020F000015104F00FF80028F8D0204640F20151B9
:1021000003F0F4FF204640F2075104F003F80128E1
:10211000F8D12046314603F0E1FF00BF204640F2EF
:10212000025103F0F7FF0028F8D00026A95D2046F1
:1021300003F0D4FF204640F2075103F0EBFF0028E4
:10214000F8D00136022EF1D1204604F02BF800BF62
:1021500020688005FCD470BDF0B581B045F2004424
:1021600015460F460646C4F2000400BF204640F262
:10217000016103F0CFFF0028F8D1022D04D12046E1
:102180004FF4006103F0D2FE204604F005F800BFD2
:1021900020464FF4A06103F0BDFF0028F8D0204690
:1021A00080216FF0010203F0E1FF00BF204640F202
:1021B000015103F0AFFF0028F8D0204640F2015152
:1021C00003F094FF204640F2075103F0A3FF0128DB
:1021D000F8D1204603F084FF2046394603F07EFF05
:1021E000204640F2025103F095FF0028F8D0142059
:1021F00002F0F2F8204603F0CFFF00BF20464FF474
:10220000A06103F087FF0028F8D02046802101223A
:1022100003F0ACFF022D03D82046002103F080FE1E
:10222000204640F2015103F075FF0028F8D0204607
:1022300040F2015103F05AFF012D0DD1204603F069
:10224000B1FF09E077B3012002F0C6F8204640F262
:10225000065103F05FFFF0B9AFB2022F10D0032F89
:10226000F0D100BF204640F2025103F053FF002896
:10227000F8D02046002103F053FE022FE3D100BF27
:10228000204640F2025103F045FF0028F8D02046D6
:1022900003F088FFD7E7204603F01CFF06F8010B88
:1022A000013DD9E720688005FCD420464FF48061C9
:1022B00003F036FE2046002103F038FE01B0F0BDE9
:1022C000F0B581B0064640F2016003F08BFF0028B4
:1022D00074D045F20045C4F2000528464FF6FF745D
:1022E00003F05AFF4FF4A06003F062FF00286AD0A9
:1022F000284682216FF0010203F038FF40F20150BE
:1023000003F056FF00285ED0284640F2015103F04A
:10231000EDFE40F2075003F04BFF002853D0284653
:10232000314603F0DBFE40F2025003F041FF00288B
:1023300049D0284603F030FF4FF4A06003F038FF87
:10234000002840D028468221012203F00FFF40F2EE
:10235000015003F02DFFB0B3284640F2015103F0C5
:10236000C5FE40F2065003F023FF60B3284603F099
:10237000B1FE06462846002103F0D2FD284603F0B0
:1023800011FF40F2065003F013FFE0B1284603F0BE
:10239000A1FE074628464FF4007103F0BBFE00285B
:1023A000F8D128464FF4806103F0BAFD40F2016095
:1023B00003F018FF50B147EA062404E00BA04FF6E3
:1023C000FF740CF0B3FF204601B0F0BD01A00CF08B
:1023D000ADFFF8E74552524F523A2049324320D7D9
:1023E000DCCFDFCEB4CACDB7C50000004552524F96
:1023F000523A2049324320D7DCCFDFC3A6A3ACB585
:10240000C8B4FDB3ACCAB10070B5064640F2016075
:102410000D4603F0E7FE002853D045F20044C4F215
:102420000004204603F088FD204603F0B5FE4FF47B
:10243000A06003F0BDFE002847D0204682216FF047
:10244000010203F093FE40F2015003F0B1FE0028B8
:102450003FD0204640F2015103F048FE40F20750C1
:1024600003F0A6FE60B32046314603F037FE40F28B
:10247000075003F09DFE18B3290A204603F02EFEF4
:1024800040F2075003F094FED0B1E9B2204603F0C9
:1024900025FE40F2025003F08BFE88B1204603F087
:1024A00081FE4FF4007003F09DFEB0B140F2016078
:1024B00003F098FE002818BF70BD0AA00CF036FF8C
:1024C00070BD21A00CF032FF70BD1AA00CF02EFFE1
:1024D00070BD11A00CF02AFF70BD08A00CF026FF03
:1024E00070BD00BF5B6572726F725D204932432020
:1024F000D7DCCFDFCEB4BFD5CFD000005B65727222
:102500006F725D2053544F5020D0C5BAC5CEB4C4AD
:10251000DCC7E5B3FD0000005B6572726F725D2081
:10252000C9E8B1B8B5D8D6B7B7A2CBCDCAA7B0DC89
:10253000000000005B6572726F725D2053746172FF
:102540007420CAA7B0DC00005B6572726F725D20F8
:1025500049324320D7DCCFDFC3A6A3ACCDCBB3F643
:1025600000000000F0B581B007462A201C46154641
:102570000E4600F0FDFC384600F0DCFC284600F07A
:10258000D9FC2B2000F0F4FC304600F0D3FC2046B0
:1025900000F0D0FC2C2000F0EBFC01B0F0BD0000FE
:1025A00010B5144602460B46FFF7DCFF204600F04C
:1025B000C1FC10BD2DE9F04381B00E468146501E8E
:1025C000591E9846154682B28BB248463146FFF7EF
:1025D000C9FF464512D2089C04E000BF0136B0B2E4
:1025E00040450BD2A945F9D24F4600BF204600F026
:1025F000A1FC0137B8B2A842F8D3EFE701B0BDE8BB
:10260000F0830000B0B582B041F20004C4F20104CE
:1026100020464021012202F0FBFA642001F0DCFE9A
:10262000204640210022002502F0F2FA642001F049
:10263000D3FE20464021012202F0EAFA642001F094
:10264000CBFE112000F094FC0A2001F0C5FECF2043
:1026500000F08EFC002000F077FCC12000F074FC3C
:10266000302000F071FCED2000F082FC642000F0CE
:102670006BFC032000F068FC122000F065FC812058
:1026800000F062FCE82000F073FC852000F05CFCA8
:10269000002000F059FC792000F056FCCB2000F01F
:1026A00067FC392000F050FC2C2000F04DFC00208D
:1026B00000F04AFC342000F047FC022000F044FC0B
:1026C000F72000F055FC202000F03EFCEA2000F04E
:1026D0004FFC002000F038FC002000F035FCC0204A
:1026E00000F046FC1D2000F02FFCC12000F040FC53
:1026F000122000F029FCC52000F03AFC332000F045
:1027000023FC3F2000F020FCC72000F031FC922089
:1027100000F01AFC3A2000F02BFC552000F014FCCD
:10272000362000F025FC782000F00EFCB12000F0EF
:102730001FFC002000F008FC122000F005FCB62071
:1027400000F016FC0A2000F0FFFBA22000F0FCFBCA
:10275000442000F00DFC022000F0F6FBF22000F017
:1027600007FC002000F0F0FB262000F001FC012017
:1027700000F0EAFBE02000F0FBFB0F2000F0E4FBA0
:10278000222000F0E1FB1C2000F0DEFB1B2000F00B
:10279000DBFB082000F0D8FB0F2000F0D5FB482021
:1027A00000F0D2FBB82000F0CFFB342000F0CCFBCF
:1027B000052000F0C9FB0C2000F0C6FB092000F04A
:1027C000C3FB0F2000F0C0FB072000F0BDFB002082
:1027D00000F0BAFBE12000F0CBFB002000F0B4FBDE
:1027E000232000F0B1FB242000F0AEFB072000F016
:1027F000ABFB102000F0A8FB072000F0A5FB382061
:1028000000F0A2FB472000F09FFB4B2000F09CFB58
:102810000A2000F099FB132000F096FB062000F040
:1028200093FB302000F090FB382000F08DFB0F2050
:1028300000F08AFB292000F09BFB322001F0CCFD48
:102840000020002140F23F12EF230095FFF7B2FE77
:10285000322001F0C1FD20464FF48071012202F0C8
:10286000D7F90A2001F0B8FD02B0B0BD2DE9F04F54
:1028700087B0DDF8448081464FEA58074FEA1810C8
:102880001C46924601237A0718BF03EB181000FB81
:1028900008F609EB580001EB08020138531E82B21A
:1028A0009BB248460D460691FFF75CFE002E04964B
:1028B00000F08280A8F10C01CAB2890141EA9201BC
:1028C000AAF12000CBB24FF64C01C2B2C0F6000113
:1028D00001EB0211019141F20C01129DC0F60101C0
:1028E0000020029201EB82114E4600224FF0000AB6
:1028F0000091039309E04FF0000A00BF059A049984
:102900000132039B90B2814256D9052B54D80592CF
:10291000DFE803F0030E5210521A02994FF2D83238
:1029200001EB4101C0F6000202EB81010DE000BFA6
:1029300001990AE002994FF63C6201EB4101C0F6B1
:10294000000202EB011100E00099084490F800B089
:102950004FF0000817E000BF10EA0B0F2046109957
:1029600008BF084600F0E6FA0AF1010A5FFA8AF0A9
:10297000B0FBF7F101FB17000028BCD008F10108FB
:10298000B8F1080FBAD00120002D00FA08F0E3D00A
:1029900010EA0B0F05D00699B0B289B22246FFF7B4
:1029A000FFFD0136B0B2A0EB0900B842E6D10698AF
:1029B0004E4601300690A1E707B0BDE8F08F000059
:1029C0002DE9F04F83B015461278002A47D0DDE993
:1029D0000CA40746A4F10C008B46C1B28001DDF8BF
:1029E000388040EA91009946C6B204E015F8020F1B
:1029F0002744002833D0052E31D8DFE806F00E1921
:102A000030253003B8B259462A464B46CDE900A4DA
:102A1000CDF8088000F0DAF9E8E7B8B259462A465E
:102A20004B46CDE900A4CDF8088000F01BF8DDE7A7
:102A3000B8B259462A464B46CDE900A4CDF80880E5
:102A400000F0A2F8D2E700BFB8B259462A464B467A
:102A5000CDE900A4CDF8088000F026F9C6E703B060
:102A6000BDE8F08F2DE9F04F87B0119E8046F00849
:102A70001C4606910121730718BF01EBD600704375
:102A800043F621630590701E4FF000094FF01A0CB9
:102A9000C0F6010347464FF0000B019002920DE093
:102AA000DDF80C90029A09F1010943F62163B9F1AE
:102AB000050F4FF01A0CC0F6010361D009FB0CF0B2
:102AC000185C1178CDF80C908842E9D109FB0C35DF
:102AD000517868788842E3D10199DDF818C0C819A7
:102AE000614482B28BB2B8B21FFA8CF1FFF73AFDA3
:102AF00005980028D4D000204FF0000A049509E082
:102B00004FF0000B0AF1010A0599049D5FFA8AF063
:102B10008142C5D9284400F10209002517E000BF11
:102B200099F800001099E840C007204608BF084601
:102B300000F000FA0BF1010B5FFA8BF0B0FBF6F13D
:102B400001FB16000028DBD00135082DDAD01298E1
:102B50000028E5D099F80000E840C00705D00699A4
:102B6000B8B289B22246FFF71BFD0137B8B2A0EB1D
:102B70000800B042E8D10698474601300690C1E708
:102B800007B0BDE8F08F00002DE9F04F87B0119E2F
:102B90008046F0081C4606910121730718BF01EB1F
:102BA000D600704343F6A3610590701E4FF00009F4
:102BB000C0F6010147464FF0000B019002920BE076
:102BC000DDF80C90029A09F1010943F6A361B9F10D
:102BD000440FC0F6010163D009EB091011F810C0D1
:102BE0001378CDF80C909C45EAD101EB400568784C
:102BF00051788842E4D10199DDF818C0C8196144C0
:102C000082B28BB2B8B21FFA8CF1FFF7ABFC059819
:102C10000028D5D000204FF0000A04950AE04FF0BC
:102C2000000B00BF0AF1010A0599049D5FFA8AF0C2
:102C30008142C5D9284400F10209002517E000BFF0
:102C400099F800001099E840C007204608BF0846E0
:102C500000F070F90BF1010B5FFA8BF0B0FBF6F1AD
:102C600001FB16000028DAD00135082DDAD01298C1
:102C70000028E5D099F80000E840C00705D0069983
:102C8000B8B289B22246FFF78BFC0137B8B2A0EB8D
:102C90000800B042E8D10698474601300690C1E7E7
:102CA00007B0BDE8F08F00002DE9F04F87B0119E0E
:102CB0008046F0081C4606910121730718BF01EBFE
:102CC000D600704344F2AB730590701E4FF00009BC
:102CD0004FF04A0CC0F6010347464FF0000B01903D
:102CE00002920DE0DDF80C90029A09F1010944F21C
:102CF000AB73B9F1220F4FF04A0CC0F6010361D05B
:102D000009FB0CF0185C1178CDF80C908842E9D1E1
:102D100009FB0C35517868788842E3D10199DDF8D8
:102D200018C0C819614482B28BB2B8B21FFA8CF1D4
:102D3000FFF718FC05980028D4D000204FF0000AB7
:102D4000049509E04FF0000B0AF1010A0599049D72
:102D50005FFA8AF08142C5D9284400F102090025B2
:102D600017E000BF99F800001099E840C00720461E
:102D700008BF084600F0DEF80BF1010B5FFA8BF09C
:102D8000B0FBF6F101FB16000028DBD00135082D61
:102D9000DAD012980028E5D099F80000E840C00782
:102DA00005D00699B8B289B22246FFF7F9FB013780
:102DB000B8B2A0EB0800B042E8D10698474601300F
:102DC0000690C1E707B0BDE8F08F00002DE9F04F95
:102DD00087B0119E8046F0081C46069101217307BA
:102DE00018BF01EBD600704345F27F110590701EAD
:102DF0004FF00009C0F6010147464FF0000B01906B
:102E000002920BE0DDF80C90029A09F1010945F2FB
:102E10007F11B9F1050FC0F6010163D009EB8910EC
:102E200011F810C01378CDF80C909C45EAD101EB55
:102E30004005687851788842E4D10199DDF818C0DE
:102E4000C819614482B28BB2B8B21FFA8CF1FFF795
:102E500089FB05980028D5D000204FF0000A049582
:102E60000AE04FF0000B00BF0AF1010A0599049D2A
:102E70005FFA8AF08142C5D9284400F10209002591
:102E800017E000BF99F800001099E840C0072046FD
:102E900008BF084600F04EF80BF1010B5FFA8BF00B
:102EA000B0FBF6F101FB16000028DAD00135082D41
:102EB000DAD012980028E5D099F80000E840C00761
:102EC00005D00699B8B289B22246FFF769FB0137EF
:102ED000B8B2A0EB0800B042E8D1069847460130EE
:102EE0000690C1E707B0BDE8F08F00002DE9F04F74
:102EF00083B09B461378CBB1DDE90C9ADDF83880BE
:102F00000D4606464FEA5A07541E00BFB0B2DAB269
:102F100029465B46CDE9009ACDF80880FFF7A6FC6C
:102F2000A3783E44002B04F10104EFD103B0BDE8C7
:102F3000F08F000010B50446000A00F005F8E0B27A
:102F400000F002F810BD0000B0B541F20005C4F277
:102F50000105044628468021002201F059FE204642
:102F600000F02AF928468021012201F051FEB0BD6F
:102F7000B0B540F60045C4F20105044628461021CC
:102F8000002201F045FE2046FFF7DEFF2846102113
:102F9000012201F03DFEB0BDFEE70000FEE70000AB
:102FA0004EF623510001CEF2000108707047000078
:102FB000FEE7000080B582B0002001900BA00CF06D
:102FC000B5F901A801F0ECFB30B1019A22B181B250
:102FD00010460BF06FFC02E008A00CF0A7F9019876
:102FE000002818BF0BF074FB02B080BDB1A3B4E69B
:102FF000C0FACAB7CAFDBEDD00000000C0FACAB7F9
:10300000CAFDBEDDCCEEB3E4CAA7B0DCBBF2CEDEB7
:10301000D0A7CAFDBEDDB3A4B6C8000080B54FF688
:10302000FF7291B140F2080C0138C2F2000C00BFEF
:1030300010F8013F1FFA82FED2B25A403CF812202B
:1030400001390B0482EA1E22F2D190B280BD000049
:103050002DE9F04182B0002001900120FFF730F906
:10306000FDF792FC0021C4F22001FDF7EDFA41F2D8
:10307000EC57C2F2000778600220FFF721F9FDF754
:1030800083FC0021C3F6A071FDF7DEFA386003204F
:10309000FFF716F919214843FDF76DFC386104204C
:1030A000FFF70EF9FDF770FC41F26F28054638680E
:1030B000C3F683284146BD60FDF7C6FA2946FDF7F1
:1030C000C3FA4146FDF7C0FA01ADF8602846002179
:1030D0000222FFF741F8A81C01210222FFF73CF869
:1030E000BDF80400000400BAFDF745FCFDF76AFCDA
:1030F0000025C3F6F06500222B46FDF7BCFB4AF223
:103100000003C4F264030022FDF7B5FB0023CCF2F8
:1031100044030022FDF708FBFDF767FCBDF806102D
:103120000646080400BAFDF726FCFDF74BFC00221A
:103130002B46FDF7A0FB0023C4F259030022FDF744
:103140009AFBFDF752FC054641F2E450C2F2000042
:10315000C0E9006538680021BF68C4F27A41FDF714
:10316000A5FA41F23064C2F20004C4E90006384610
:103170004146A560FDF768FAE06002B0BDE8F08165
:10318000B0B543F200040546C4F201042046022112
:103190000AF070FF0028F9D0204629460AF044FFC3
:1031A000204601210AF066FF0028F9D020460AF0E7
:1031B00037FFC0B2B0BD000070B543F6004405460D
:1031C0000026C4F2000400BF204602210AF052FF8C
:1031D00020B9C72E06F10106F6D90EE02046294691
:1031E0000AF022FF002500BF204601210AF042FF1D
:1031F00030B9002D05F10105F6D00020C0B270BD38
:1032000020460AF00DFFC0B270BD0000FEE70000CE
:1032100010B582B0002044F2FF110024FFF7F4F84B
:103220000020FFF74DF8052001F0D6F805204FF4F7
:103230002061FFF7E9F80520FFF742F80EA00CF037
:1032400075F81020ADF806000DF106000221FEF71A
:103250002DFF142001F0C0F801A8FF210222ADF8D3
:103260000440FEF779FFBDF80400000401BA09A08C
:103270000BF080FB02B010BD494E41323236205275
:10328000454720434F4E46494720535543434553F6
:1032900045210000546865204465766963654944AA
:1032A00020697320307825780A0D0000B0B5013808
:1032B0000024B4EB106F1CBF0120B0BD4EF210050E
:1032C000CEF2000568600F20FFF76AFE0720AC60B1
:1032D00028602046B0BD000080B501F087F8FEF7F9
:1032E000DBFE0120FEF790FD80BD000010B582B02E
:1032F00041F20004C4F20204206840F001002060A2
:1033000020688007FCD5606800F00C00082839D1DF
:103310000020019001994F2906D800BF0199013181
:10332000019101995029F9D361680091009921F028
:10333000F0010091009941F08001009100996160D5
:10334000019001984F2805D801980130019001980B
:103350005028F9D360680090009820F0F0000090A9
:10336000009840F09000009000986060002001906C
:1033700001984F2806D800BF0198013001900198AC
:103380005028F9D3606820F00300606000F0F6F880
:1033900020684FF6FF71CFF6F66108402060606844
:1033A0000C22CEF6FF021040606020684FF6FF72DC
:1033B000084020602068CFF2007220F48020206056
:1033C0006068104060602068084020604FF41F0073
:1033D000A0600AF001FF4FF00060002108F01EFB22
:1033E00002B010BD41F6FC01C2F200010A682AB128
:1033F000824208BF70479269002AF9D10A680860C2
:1034000082617047B0B50024C4F20204A4F54845B7
:1034100040F20431C0F2040128460BF0A1F840B399
:1034200028460BF01BF8002001F04EFA002808BFD8
:10343000B0BD05462046042101F05AF9C0F50070E0
:10344000A5F8000405F5007182B22846FCF799FE44
:10345000012085F804042046042101F00DF82046DF
:1034600004214FF4007201F033F92046042101F0E9
:1034700015F8B0BD70B50024C4F20204A4F5DE3521
:1034800040F20431C0F2040128460BF069F820B381
:1034900028460AF0E3FF012001F016FAE8B10546DC
:1034A0002046052101F024F940F2CC26C2F20006A4
:1034B00031780129C0F1000110D100060DD0C8B249
:1034C00005F50074012898BF012021460A78612A79
:1034D0002FD0013801F10101F8D170BD30780228F8
:1034E0000DD1C8B205F500740021215417A1204662
:1034F000FCF76BFE002808BF70BD03201EE040F201
:103500004830CAB205F50071C2F20000A5F80224E5
:10351000FEF7C0FA2046052100F0AEFF2046052147
:103520004FF4007201F0D4F82046052100F0B6FFF8
:1035300070BD07A0012100F07BFB02203070204607
:103540004FF40071FCF736FE70BD00BF2B6F6B00AF
:103550006100000010B594B001AC20464C21FCF78E
:1035600029FE46F20040C4F200000021224600F08D
:1035700063FD14B010BD0000FEE7000081B0002024
:1035800000900098C0087C2807D800BF0098013040
:1035900000900098B0F57A7FF8D301B07047000032
:1035A0002DE9F04F85B088B1044690F8340020B37F
:1035B0002069894611441546814234D943F27D5031
:1035C000C0F601000AF034FA0526B8E043F2B177FC
:1035D00043F2517043F2CD5243F2BB73C0F6010780
:1035E000C0F60100C0F60102C0F601034FF43371CA
:1035F00000970AF0F5F900BFFEE743F2B17743F216
:10360000517043F2CD5243F2C973C0F60107C0F6C0
:103610000100C0F60102C0F6010340F2CD2100977F
:103620000AF0DEF9FEE7A16A9B4604F1200809B121
:10363000404688475FEAC9700FD0204649460122BC
:103640000123CDF800B008F0F7F9064600286DD147
:103650000BF1010B09F10109013D2046012109F09F
:1036600075FF0646002861D1AD20022D8DF80C00B3
:103670003FD303AF781C0190012002900298C0074D
:1036800015D0019A2046494608F030F994F83500E3
:103690009BF8001000284FF0050008BF04203954A3
:1036A0009BF801103A1851700021029108E09BF834
:1036B00000008DF80D009BF801008DF80E00012030
:1036C000666A40F00202C2464046B84639460023C8
:1036D00000270097B047F8B920460BF025F818BB33
:1036E000023D09F10209012D0BF1020B4746D046BC
:1036F000C4D82046002109F029FF012D064608BF45
:10370000002E13D12046494601220123CDF800B0F6
:1037100008F092F9064609E0064643F2A350C0F6C7
:1037200001000AF085F900E00646D0461EB12046A9
:10373000002109F00BFFE16A09B140468847304695
:1037400005B0BDE8F08F0000816841F0080181609C
:1037500081680907FCD4816841F00401816000BFE1
:1037600081684907FCD4704780B5012908D0022937
:1037700018BF80BD4FF4401E6FF4401C382304E096
:103780004FF4700E6FF4700C2C23195801EA0C01E1
:1037900019500EEB02511A5801EA0E01114319504B
:1037A00080BD000010B508F089FC42F20044C4F26C
:1037B0000104204600F056F8002000F003F92046EE
:1037C0000221012200F052F920464FF480710122BB
:1037D00000F04CF92046002100F03AF82046012183
:1037E0000422FFF7C1FF204600210A22052300F032
:1037F000F5F8204601210B22052300F0EFF82046C2
:1038000002210C22052300F0E9F8204603210D22B5
:10381000052300F0E3F8204601214FF4602200F078
:10382000B3F820460121012200F08EF8204600F076
:1038300081F8012000F0D0FD2046FFF785FF2046EB
:1038400000F072F82046012100F002F910BD0000DE
:103850008268002922F4006218BF02F500628260CB
:103860007047000010B542F20041C4F201018842E5
:103870000FD043F60041C4F2010188420CD042F659
:103880000001C4F20101884218BF10BD40F20A34A1
:1038900004E040F2093401E040F20F34204608F021
:1038A000C9FC204608F0B6FC10BD0000B0B588B0D9
:1038B0000B2000210022002508F074F80024C4F237
:1038C00002042046002100F07FFE42F24C40C4F288
:1038D0000100019040F24030C2F20000039001204C
:1038E000ADF81D004FF4807002904FF4806004909A
:1038F000042005904FF40050069001AA20460021B4
:103900008DF81C5000F08EFE2046002100F0EAFDEC
:1039100020460021022200F0BBFE2046002100F0DC
:10392000BDFD08B0B0BD0000816841F480718160C8
:10393000704700008168C90718BF7047816841F06F
:103940000101816070470000002A01F0010203D0EC
:103950007AB9890713D470471AB1826822F48012A9
:103960008260890758BF7047816821F400418160F7
:103970007047826842F4801282608907EBD58168C3
:1039800041F4004181607047012905D0022918BF28
:1039900070476FF4E04101E06FF4602183681940E3
:1039A00081608168114381607047000080B541F2F9
:1039B0000000C4F20100002103220F2301F02EF9C0
:1039C00080BD000042F20441C4F201010A6822F401
:1039D00070220A600A6810430860704710B5052914
:1039E00004D800F1340C01EB810E10E00B2906D84D
:1039F00001EB810100F1300CA1F11E0E07E00F294F
:103A000010D801EB810100F12C0CA1F13C0EDCF887
:103A100000101F2404FA0EF4A14302FA0EF421430D
:103A2000CCF80010092A03D8103002EB420106E05E
:103A3000112A88BF10BD02EB42010C301E3902680A
:103A400007248C40A24303FA01F11143016010BD29
:103A5000CA0703D0826842F480028260890758BF97
:103A60007047816841F4001181607047002A01F4B9
:103A7000807205D0BAB94A051BD489071FD4704794
:103A80001AB1426822F4807242604A0503D5426846
:103A900022F480624260890758BF7047816821F034
:103AA000020181607047426842F4807242604A05B8
:103AB000E3D5426842F4806242608907DFD58168BD
:103AC00041F0020181607047A0F10B011F2908D865
:103AD00046F60041C4F2000141EA8000143000883B
:103AE0007047411E092984BF0020704746F60041F7
:103AF000C4F2000141EA800000887047A0F10B0287
:103B00001F2A08D846F60042C4F2000242EA8000AA
:103B1000143001807047421E092A88BF704746F65C
:103B20000042C4F2000242EA8000018070470000B7
:103B300080B508F05FFA08F053FA80BDF0B583B0A5
:103B400041F24066C2F20006707858B308F08AFF6E
:103B5000002829DD85B22FA029460AF00BFF284650
:103B600008F09EF9294600220446002708F0DAFEF4
:103B7000B0F1FF3F34DD05F1180008F091F9064679
:103B800000200021082233460094019500F0BEFD7C
:103B90000146304609F0AAFB20460AF099FD30465E
:103BA0000AF096FD03B0F0BD00251820757008F0EE
:103BB00077F904460020002108222346009501954C
:103BC00000F0A4FD0146204609F090FB20460AF0D3
:103BD0007FFD00200021012208F0A4FE03B0F0BD0B
:103BE000204677700AF074FD182008F059F9044651
:103BF00000200021082223460097019700F086FD4F
:103C00000146204609F072FB20460AF061FD03B030
:103C1000F0BD00BFB6C1C8A1B5BDB5C4C0FACAB732
:103C2000CAFDBEDDB5C4D7D6BDDA3A25640A0000A8
:103C30002DE9F04180460D4616A041460AF09AFE55
:103C40005DB1A8F1010715A62C4600BF17F8011FAA
:103C500030460AF08FFE013CF8D10A200BF060FBE1
:103C6000002D08BFBDE8F08144F20046C4F2000612
:103C7000002700BF304607210AF04AFC0028F9D08F
:103C800018F8071030460AF0EDFB0137AF42F1D1CA
:103C9000BDE8F08162743A25730A0000253032587D
:103CA000200000002DE9F04381B0904689460129AB
:103CB0000EDB441E09A647464D4600BF14F8012FEF
:103CC000384631460AF080FE013D07F10207F5D182
:103CD000002008F8190001B0BDE8F08325303278E3
:103CE0000000000041B1821E00200B4632F802CFD6
:103CF000013B6044FAD100E00020B0FBF1F080B25B
:103D0000704700002DE9F04194B001AC0F468046A9
:103D100020464C211D461646FCF74CFA082E28BFBB
:103D2000082604F10B00394632468DF80E60FCF788
:103D300028FA2DB104208DF80C00CDF8088004E09D
:103D400000208DF80C00CDF8048046F20044C4F247
:103D5000000400208DF80D0001A9204600F0C0F9F4
:103D600006464FF6FF7500BF2046314600F040FA88
:103D7000012802D0013DF7D10025002D18BF0125F3
:103D8000284614B0BDE8F08170B588B0054646F20B
:103D9000004405A90020C4F20004002600F0FCF94C
:103DA0006946002000F0F8F9204600F043F84FF093
:103DB00001707C2DCDE90506ADF81C6008DDB5F578
:103DC000FA7F0DDA7D2D13D0FA2D18D1182019E0C5
:103DD000142D0FD0322D14D0642D10D13C2011E0C1
:103DE000B5F57A7F09D0B5F5FA7F08D10C2009E046
:103DF000302007E04FF4967004E0062002E00C202B
:103E000000E07820ADF81E0005A9204600F0A0F8DB
:103E10004FF4803003904FF44050CDE90000002073
:103E2000029001208DF81000684600F017F808B0E5
:103E300070BD000046F20041C4F20001884218BF84
:103E4000704780B540F2194008F0F4F940F219408B
:103E500008F0E0F9BDE8804070470000B0B546F2D8
:103E60000061C4F2000144890A684FF0010C42F07D
:103E700001020A60CB690CFA04F5AB43CB61C3893C
:103E80006FEA050C012B10D023BBCB6803EA0C03AF
:103E9000CB60B0F806E0438843EA0E434FEAC40E15
:103EA00001EBC404236403460DE0CB682B43CB60D5
:103EB000B0F800E0438843EA0E434FEAC40E01EB3A
:103EC000C4042364831D84881B8843EA044301EBF4
:103ED0000E04636483894C68002B44EA050208BF22
:103EE00004EA0C024A6002894B69002A43EA05048D
:103EF00008BF03EA0C044C61007C012802D1C869A8
:103F00002843C861086820F001000860B0BD0000C7
:103F100010B540F2197008F06DF940F2026008F037
:103F200069F94FF4C06008F065F940F60004C4F286
:103F300001042046482103224FF4006300F06EFE86
:103F40002046182103224FF4805300F067FE10BD75
:103F500010B5026840F2010C22F002020260026811
:103F6000CFF6FF7C42F0010263460260426823B153
:103F700012F0010203F10103F8D04268D20704BF36
:103F8000002010BD0A784B7891F802E0CC789207B7
:103F900063F319620EF00F0342EA034204F00703D1
:103FA0004C8942EA0352631E6FF39F231A44C26195
:103FB0000A790368012A23F0800308BF8033036075
:103FC0004A790368012A23F0400308BF40330360A5
:103FD0008A790368012A23F0200308BF2033036095
:103FE000CA790368012A23F0100318BF1033036055
:103FF0000A7A0368012A23F0080318BF0833036014
:10400000497A0268012922F0040208BF04320260E2
:10401000016821F00101016042686146BCF1000FB6
:1040200004D012F0010201F1010CF5D1002918BFF2
:104030000121084610BD000010B500EB0114D4F8B2
:10404000B0C11CF004031372D4F8B0E119BF4FEAF9
:10405000DE0353604FEA5E531360D4F8B0314FEA89
:10406000011C03F0020353720CEB0003D3F8B441BC
:1040700000294FEA142482F84B40D3F8B44104F0ED
:104080000F049472D3F8B841D472D3F8B8414FEA10
:1040900014241473D3F8B8414FEA14445473D3F87A
:1040A000B8414FEA14649473D3F8BC41D473D3F885
:1040B000BC414FEA14241474D3F8BC414FEA1444B1
:1040C0005474D3F8BC314FEA136393744FF0100269
:1040D00008BF0C22815841F02001815010BD000022
:1040E00070B50546806840010ED4A86800014FF005
:1040F00001000CD4AA6812F0805280EA12734FF0CB
:10410000020008BF032003E00023002000E000239A
:10411000002B1CBF032070BD05EB0013D3F88021DA
:104120004FEA001C02F00102C3F880210A7A1AB19A
:104130004C6842EAC40E02E00A684FEA425E4A7ADC
:104140008C7AD3F8806142EA0E023243C3F88021B0
:104150000CEB0502D2F8846126F00F06C2F88461E8
:10416000D2F884612643C2F88461D1F80B60C2F8AA
:104170008861D1F80F10C2F88C11D3F8801141F08A
:104180000101C3F8801170BD80B514200021002208
:1041900007F008FC80BD000003280DD8DFE800F020
:1041A000020D161C0020C0F2FF308860002048601D
:1041B0004FF4003008607047FEE700204FF4803273
:1041C0000874CA6008604860886070470020C1F8C1
:1041D0000F00C1F80B0006E00020C1F80F00C1F885
:1041E0000B0081F84B00C1E90000C1F807007047DF
:1041F000022906D849B213A252F82110806808405B
:1042000000E0002040F2FF21C0F60001884209DCF6
:10421000002804BF022070470321C0F200418842F9
:104220000BD00CE040F20031C0F60001884204D00F
:104230000021C1F20301884201D101207047002012
:10424000704700BF030000040003000800000310D3
:104250002DE9F04F81B044F20757CCF22E27A0FB96
:104260000776340C40F2A3276743A0EBC7104BF24C
:10427000C537C9F2A217A0FB0776F70A4FF46166AB
:1042800007FB160048F68906C8F68806A0FB0665F7
:1042900000931646DDE90A23894617706A091A70E9
:1042A00012010C99A2EB5512A0EB820040F2B275FC
:1042B000087000BFA8B2274601F0FCFF00284FF4A9
:1042C000B77008BF40F26D1084424FF0000124BF68
:1042D0000121241A87420D44ECD242F6F83A01201B
:1042E0001FFA85FBC0F6010A307009E0BC42204687
:1042F00022BFE01B08F101013170BC4204460FD31C
:1043000096F8008008EB0A0010F8017CB8F1020F63
:10431000ECD1584601F0CEFF002818BF0137E5E781
:1043200005F1300189F8001000990130087001B0E2
:10433000BDE8F08F2DE9F04F81B0064640F2B37032
:104340009846914686420F4611DB40F2B274002532
:10435000204601F0AFFF00284FF4B77004F10104CC
:1043600008BF40F26D10A6420544F1D100E00025DF
:10437000DDF828B0022F16DB42F6F83A013F0024A0
:10438000C0F6010A03E000BF0134A7420BD01AF8BF
:104390000400012C0544F7D1304601F08BFF0028C2
:1043A00018BF0135F0E709EB050040F2A3214843AF
:1043B0004FF4616108FB01F1CBEB0B1201EB8201C1
:1043C0000B9A114401EBC010A0F58030A0F5A3407A
:1043D00001B0BDE8F08F000041F2D441C2F200010B
:1043E000086000BF08680028FCD1704741F2D44043
:1043F000C2F200000168002908BF70470168013956
:104400000160704710B541F2D03EC2F2000E9EF836
:1044100000C0BCF1000F844615D041F2D4309EF8A4
:1044200000E0C2F200000430BEF1010F98BF4FF06F
:10443000010E00BF10F8044C644509D0BEF1010E16
:1044400000F10800F6D105A061460AF093FA10BD0C
:104450000468084611461A46A04710BD556E6B6E9B
:104460006F776E20636F6D6D616E643A20307825D2
:104470003032580A00000000B0B50D46044600F086
:1044800019F948B105EB850004EB8000816821F043
:1044900001018160B0BD00BFFEE70000B0B50D4670
:1044A000044600F007F948B105EB850004EB8000F5
:1044B000816841F001018160B0BD00BFFEE70000EE
:1044C000B0B50D46044600F0F5F848B105EB85009F
:1044D00004EB8000816821F020018160B0BD00BF45
:1044E000FEE70000B0B50D46044600F0E3F848B121
:1044F00005EB850004EB8000816841F020018160BC
:10450000B0BD00BFFEE700002DE9F04788B04FF4D2
:10451000A06007F06FFE0024C4F2020420460421CC
:1045200000F052F841F60010C2F2000044F20449D3
:10453000002600F50070C4F20009CDE9030609F574
:10454000744001AD4FF4007801904FF4807A4FF43D
:104550004057204604212A468DF81E60CDF814806D
:10456000ADF81CA00296069700F05CF820460421E6
:10457000FFF7A6FF20460421FFF790FF2046052104
:1045800000F022F841F60650C2F2000000F500707B
:1045900003A981E84101204605212A468DF81E60C5
:1045A000CDF80490ADF81CA00296069700F03AF8FA
:1045B00020460521FFF784FF20460521FFF76EFF07
:1045C00008B0BDE8F0870000B0B50D46044600F025
:1045D00071F8A8B105EB850004EB8000816821F03B
:1045E0000101816000218160C16001614161A80019
:1045F0000F21626801FA00F010436060B0BD00BF97
:10460000FEE700008900436802FA01F119434160A6
:10461000704700000068890002FA01F1084018BFE5
:104620000120704770B514460E46054600F042F86A
:1046300060B3216806EB860005EB80000161A1688C
:104640004161218AC1608168626821F47C51E3681C
:1046500066691143194331438160217E82680129D3
:1046600022F0400208BF40328260617E82680129E8
:1046700022F0800208BF80328260A17E8268002919
:1046800022F0100218BF1032826070BDFEE70000F9
:1046900070B514460E46054600F00CF840B106EB26
:1046A000860005EB800081682143816070BD00BFFA
:1046B000FEE7000040F20042C4F20202801A18BF76
:1046C00001200022052938BF012210437047000055
:1046D00070B516460D460446FFF7ECFF30B105EB0A
:1046E0008501B0B204EB8101C86070BDFEE7000037
:1046F000B0B50D460446FFF7DDFF28B105EB850098
:1047000004EB8000C068B0BDFEE700002DE9F04773
:10471000DDE90889074618201D4692460C4607F039
:10472000BFFB06464FF0253040F2982130604FF035
:104730004030C2F2000170616820098870727720F1
:10474000C6F80A10F0732846314612223771C6F8AF
:10475000054086F80EA0A6F81090FBF712FDB8F100
:10476000000F05D005F1120041464A46FBF709FD4E
:1047700009F10E01281D89B2FEF750FC7082F08A03
:1047800005EB0901C882D6F81200C1F812003046C4
:1047900009F09EFF09F1180080B2BDE8F087000023
:1047A00070B5002847D004461A2007F079FB00288E
:1047B000206042D041F2DC51C2F200018A8882803E
:1047C0000968016041F23061C2F2000120680A68A4
:1047D0004B688968C0F80A30C0F80E1041F20061D9
:1047E000C0F80620C2F200012068D1E90021C0F81B
:1047F0001220C0F8161013A01A210AF0BBF817A057
:104800000AF094FD42F604450026C0F6010501E0D9
:104810001A2E0BD02068815D28460AF0ABF80136CD
:104820003007F5D10A200AF07BFDF1E70A200AF0F3
:1048300077FD1A2070BD13A000E00EA00AF076FDEF
:10484000002070BDCCEEB3E4CAFDBEDDB3A4B6C893
:104850003A20257520D7D6BDDA0A0000CCEEB3E4A5
:10486000CAFDBEDDC4DAC8DDA3A83136BDF8D6C6A0
:10487000A3A93A00C4DAB4E6B7D6C5E4CAA7B0DC47
:1048800000000000B4EDCEF3A3BA707064617461EF
:1048900020CEAABFD5D6B8D5EB000000B0B544F6FF
:1048A0000045C4F200050446C1B2284609F0DAFD0D
:1048B0002846072109F02CFE0028F9D02046B0BD7B
:1048C0000020C0F20520704741F6065241F6001163
:1048D000C2F200020128C2F2000118BF0022002823
:1048E00018BF11460846704784B08DE80F0068462F
:1048F00041F2D45C04386FF00101C2F2000C00BF39
:104900000CEB01035B8850F8042F02310629138059
:10491000F6D104B07047000010B584A10446FBF73F
:1049200083FC002800F0C68082A12046FBF77CFCB7
:10493000002800F0C18081A12046FBF775FC00280B
:1049400000F0BC807FA12046FBF76EFC002800F041
:10495000B7807EA12046FBF767FC002800F0B280FC
:104960007CA12046FBF760FC002800F0AD807BA115
:104970002046FBF759FC002800F0A88079A12046CA
:10498000FBF752FC002800F0A38078A12046FBF73B
:104990004BFC002800F09E8076A12046FBF744FCEB
:1049A000002800F0998076A12046FBF73DFC002806
:1049B00000F0948074A12046FBF736FC002800F03C
:1049C0008F8073A12046FBF72FFC002800F08A801F
:1049D00070A12046FBF728FC002800F085806FA11D
:1049E0002046FBF721FC002800F080806CA12046C7
:1049F000FBF71AFC00287BD06BA12046FBF714FCC8
:104A0000002877D069A12046FBF70EFC002873D060
:104A100068A12046FBF708FC00286FD066A120465D
:104A2000FBF702FC00286BD064A12046FBF7FCFBDF
:104A3000002867D063A12046FBF7F6FB002863D06F
:104A400062A12046FBF7F0FB00285FD060A1204662
:104A5000FBF7EAFB00285BD05FA12046FBF7E4FBF5
:104A6000002857D05EA12046FBF7DEFB002853D07C
:104A70005DA12046FBF7D8FB00284FD05CA1204663
:104A8000FBF7D2FB00284BD05BA12046FBF7CCFB09
:104A9000002847D05AA12046FBF7C6FB002843D088
:104AA00059A12046FBF7C0FB0021002808BF1F21A9
:104AB000084610BD022010BD012010BD032010BD0E
:104AC000042010BD052010BD062010BD072010BD1C
:104AD000082010BD092010BD0A2010BD0B2010BDFC
:104AE0000C2010BD0D2010BD0E2010BD0F2010BDDC
:104AF000102010BD112010BD122010BD132010BDBC
:104B0000142010BD152010BD162010BD172010BD9B
:104B1000182010BD192010BD1A2010BD1B2010BD7B
:104B20001C2010BD1D2010BD1E2010BD54504D4F27
:104B3000444500005754504D4F4445005343414EA7
:104B4000000000005245424F4F540000524553545C
:104B50004F52450053544154000000004453434118
:104B6000000000004E414D45000000004C454E4104
:104B70004D4500004741545453454E440000000049
:104B80004D4F444500000000524F4C4500000000CE
:104B90005241500057524150000000004C49500013
:104BA00044484350000000005349500057534950B7
:104BB0000000000047570000574757004D41534B36
:104BC00000000000574D41534B000000444E53007D
:104BD00057444E5300000000415041430000000084
:104BE0005741504143000000525353490000000018
:104BF000534F434B00000000574C414E4300000010
:104C0000574653454E440000434C4F534500000067
:104C10001023002A08BF1423195070472DE9F047CC
:104C2000CF0601F00F0C00F1100E00F1140A4FF046
:104C300000044FF001094FF00F084FF0000748BF84
:104C40004CEA020C0EE000BF166008FA04F225EAF6
:104C500002020CFA04F52A4302600137082F04F11E
:104C600004040CD009FA07F212EA0306F5D005682D
:104C700028295246E8D04829E7D17246E4E70824BB
:104C800000254FF001094FF00F080FE0176008FAF8
:104C900005F226EA02020CFA05F6324342600134BC
:104CA000102C05F1040508BFBDE8F08709FA04F2ED
:104CB00012EA0307F3D0466828295246E6D048296D
:104CC000E5D17246E2E70000B0B50422C4F2010269
:104CD000134602F1180E002848BF73461C6800F402
:104CE0004013B3F5401F1FFA80FC06D1156824F06D
:104CF000706325F07064146015E0C3020AD46FF08D
:104D00000F0303EA50430CFA03F324EA030343F0CE
:104D1000706308E0C0F30343032505FA03F324EAB4
:104D2000030343F070636FF00F0404EA504400295A
:104D30000CFA04F518BF2B43002848BF72461360D5
:104D4000B0BD000070B584B00024102533A205204A
:104D5000BC214FF4FC63CDE900450294FDF730FE21
:104D6000182631A223200F214FF4FC63CDE9004621
:104D70000294FDF725FE32A2322037214FF4FC6366
:104D8000CDE900460294FDF71BFE30A232205521EA
:104D90004FF4FC63CDE900460294FDF711FE2EA20C
:104DA000322073214FF4FC63CDE900460294FDF7F5
:104DB00007FE2CA2322091214FF4FC63CDE900467E
:104DC0000294FDF7FDFD2AA26E20BC214FF4FC6386
:104DD000CDE900450294FDF7F3FD27A26E20D02116
:104DE0004FF4FC63CDE900450294FDF7E9FD24A2F0
:104DF000D220BC214FF4FC63CDE900450294FDF7BD
:104E0000DFFD21A2D220D0214FF4FC63CDE9004583
:104E10000294FDF7D5FD04B070BD00BFBBAABAE790
:104E2000BFC6BCBC00000000CBC4CDA8B5C0C0EB61
:104E3000B2E3CEBBD2C6B4ABB8D0C6F70000000018
:104E4000CDA8B5C0D2BBA3BA00000000CDA8B5C0A4
:104E5000B6FEA3BA00000000CDA8B5C0C8FDA3BA35
:104E600000000000CDA8B5C0CBC4A3BA000000006C
:104E7000B5E7D1B9A3BA0000CEC2B6C8A3BA000044
:104E8000CAAAB6C8A3BA0000B1E0BAC5A3BA000066
:104E90002DE9F04F8BB00DF12A000AA90DF1260281
:104EA00009AB0590069107920893FFF71DFDFEF7E9
:104EB000CFF841F20860C2F2000041F2006B851D9C
:104EC0004FF0000AC2F2000B0FF2EC09002635E0A9
:104ED00005A850F82680B8F80000C01B01B20029D0
:104EE000D8BF504600B2FBF746FD55F8041C0246F9
:104EF00008461146FBF7A8FB2968024608461146FA
:104F0000FBF74AFB0021C4F296310446FBF725FD6E
:104F100000281CBF0024C4F296342046FBF739FD5C
:104F20002BF81600B8F80020484631463B4609F0F9
:104F300021FD0136042E05F10A0506D035F8067C60
:104F4000002FC5D12BF816A0F3E740F2982BC2F240
:104F5000000B9BF8100010B10BB0BDE8F08F4FF0C4
:104F600000094FF0070A03AC03250FF2740800276D
:104F700004E000BF032E07F10107EDD2FEB2304678
:104F8000FBF702FD0346204607213246CDF800A07C
:104F9000CDF80490FCF7B8FFDBF80A00214665F372
:104FA0001F2008220023FEF7ADFE0128E2D0404674
:104FB0000AF0BCF9DEE700BF47657453616D706CA1
:104FC0006525646368616E6E656C3A0976616C751F
:104FD000653D25642C6F66667365743D25640A0023
:104FE00063616E206D657373616765206E6F7420F9
:104FF00073656E64210D00002DE9F04F93B041F20E
:1050000000680026C2F200080FF284190DF12E0488
:105010004FF0370A4FF0180B4FF4FC67002511E0F2
:105020002654C5EB05100AEB400081B296202246BB
:105030004FF47843CDE9007B0296FDF757FF013529
:10504000042D10D038F815202046494609F0BCFC44
:105050000928E5DC2218C0F10A0110462022FBF7DE
:10506000A2F80A20DCE741F23060C2F200000168D9
:10507000426880680992CDE9071040F29820C2F298
:10508000000000880690FBF77FFC0A90002607AF1F
:105090004FF4FC694FF00008002008E00498059FD9
:1050A0000130A8F10208022807F1080746D0049051
:1050B00000EB8000BC2101EB800B4FF0000A6FF089
:1050C0000205059719E000BF265464200AFB00F092
:1050D0009E301021019180B21FFA8BF122464FF4CD
:1050E0007843CDF800900296FDF700FF05F1040A21
:1050F0000135681C07F10407D0D0A8450AD142F653
:105100001741069A2046C0F6010109F05DFC05280A
:10511000DADC0AE03868FBF755FC02460B4620460D
:105120001DA109F051FC0528CEDC2218C0F10601B2
:1051300010462022FBF737F80620C5E741F2DC5085
:10514000C2F20000C278037947790DF12E0414A150
:105150002046009709F038FC082806DC2218C0F128
:10516000090110462022FBF71EF810204FF4FC61C5
:105170000027CDE900100DF12E020520D0214FF4BB
:1051800078430297FDF7B2FE13B0BDE8F08F00BF81
:1051900025646D6D00000000252E316600000000C2
:1051A000253032643A253032643A253032640000CA
:1051B0002DE9F04F8BB0824635A003920C4609F0E2
:1051C000D9FB64B142F60446AAF10105C0F6010616
:1051D00015F8011F304609F0CDFB013CF8D10A203B
:1051E0000AF09EF8182006F05BFE9AF810700DF198
:1051F000280B81460AF1120158463A46FAF7C1FFD8
:105200000DF1260009A90DF1220208AB04900591C9
:1052100006920793FFF768FB781E03281BD841F21C
:105220000864002004ADC2F2000420A64FF000087C
:105230001BF8001055F8210001EB8103028824F8C7
:1052400013200288304609F095FB08F101085FFA47
:1052500088F0B842ECD309F0BFFA9AF80900DAF8FE
:105260000A10002703224B4600970197FFF74EFADA
:10527000039900290146484602D008F037F801E0BA
:1052800007F0FAFE484609F023FA0BB0BDE8F08FAC
:105290005B434D4420307830335D20D0A3D7BCCD64
:1052A000A8B5C0B2CECAFD3A20000000D0A3D7BC3A
:1052B0002564CDA8B5C03A206F66667365743D2538
:1052C000640A0000B0B5054601200C46FFF7FCFA61
:1052D0002846FFF721FB01381E2829D8DFE810F007
:1052E0001F002E0041004A0055005C0065006F0061
:1052F0007E0085008C0093009A00AA00B500BE00D5
:10530000CA00D7001901C801E200EF0026013301ED
:10531000FA0007013E011201450149014D0142F623
:10532000B350C0F601000AF001F8FCF737FDB0BD3C
:105330000FF2E830294609F01DFBB0BD42F6B3502C
:10534000C0F6010009F0F2FFFCF7FCFA002800F0BB
:10535000188142F64E40C0F60100042107F0C6FF56
:10536000B0BD42F6D060C0F6010009F0DFFFFCF7E7
:1053700007FAB0BDFCF7ECF8002800F00A8142F60D
:105380004E40C0F60100042108E142F64760C0F635
:10539000010009F0CBFFB0BDFCF708FB42F69170AD
:1053A000C0F6010009F0C2FFB0BD2046FBF7B6FF12
:1053B00042F62650C0F6010009F0B8FFB0BD204605
:1053C000FCF766F8002800F02A81032800F02E81FF
:1053D00042F64E40C0F60100042125E142F61D6070
:1053E000C0F6010009F0A2FFB0BD42F67050C0F651
:1053F000010009F09BFFB0BD42F69350C0F60100DA
:1054000009F094FFB0BD42F6D150C0F6010009F09A
:105410008DFFB0BD01202146FCF76CF8002800F09C
:105420000C81032800F0108142F64E40C0F60100C6
:10543000042107E100202146FCF75CF842F6EC600D
:10544000C0F6010009F072FFB0BDFBF7E3FF42F6C2
:105450003170C0F6010009F069FFB0BD2046FBF7CE
:1054600011FF002800F0A38042F64E40C0F6010074
:105470000421A1E001202146FCF754F9002800F0A6
:10548000A48042F64E40C0F601000421A2E00020B4
:105490002146FCF747F942F65670C0F6010009F0C4
:1054A00045FFB0BD01202146FBF7C4FF002800F0F6
:1054B0009A8042F64E40C0F60100042198E0002098
:1054C0002146FBF7B7FF42F6B060C0F6010009F0D5
:1054D0002DFFB0BD01202146FBF7A6FE002800F0FD
:1054E000908042F64E40C0F6010004218EE000207C
:1054F0002146FBF799FE42F64C50C0F6010009F038
:1055000015FFB0BD42F68A60C0F6010009F00EFF3B
:10551000B0BD01202146FBF74FFF002800F09B8023
:1055200042F64E40C0F60100042199E001202146D8
:10553000FBF7C6FE002800F0A68042F64E40C0F6FB
:1055400001000421A4E000202146FBF7B9FE42F649
:105550007370C0F6010009F0E9FEB0BD42F66A6062
:10556000C0F6010009F0E2FEB0BD62A009F0DEFE67
:10557000B0BD56A009F0DAFEB0BD4AA009F0D6FED3
:10558000B0BD42F65340C0F60100072107F0AEFE61
:10559000B0BD42F65340C0F60100072107F0A6FE59
:1055A00042F6B570C0F6010009F0C0FEB0BD42F68B
:1055B0005340C0F60100072107F098FE42F6117033
:1055C000C0F6010009F0B2FEB0BD42F65340C0F68D
:1055D0000100072107F08AFE42F65670C0F601006E
:1055E00009F0A4FEB0BD42F65340C0F60100072109
:1055F00007F07CFE42F6B060C0F6010009F096FEAE
:10560000B0BD42F65340C0F60100072107F06EFE20
:1056100042F64C50C0F6010009F088FEB0BD42F6DB
:105620005340C0F60100072107F060FE42F6FA5031
:10563000C0F6010009F07AFEB0BD42F65340C0F654
:105640000100072107F052FE42F6EC60C0F60100AF
:1056500009F06CFEB0BD42F65340C0F601000721D0
:1056600007F044FE42F6D370C0F6010009F05EFE7A
:1056700000202146FBF7A0FE42F6D370C0F60100E1
:1056800009F054FEB0BD42F65340C0F601000721B8
:1056900007F02CFE42F67370C0F6010009F046FEDA
:1056A000B0BD00BFB4A6C0EDB6CFBFAA544350BF33
:1056B000CDBBA7B6CBC1ACBDD3C3FCC1EEA3A84143
:1056C000542B434C4F5345A3A9000000B4A6C0ED92
:1056D000CDA8B9FD534F434B4554B7A2CBCDCAFD1E
:1056E000BEDDC3FCC1EEA3A841542B574653454E23
:1056F00044A3A900B4A6C0EDC6F4B6AF534F434BC4
:1057000045542F4D515454C1ACBDD3C3FCC1EEA37D
:10571000A841542B574C414E43A3A900CEDED0A73D
:10572000BBF2CEB4D6AAC3FCC1EEA3BA25730A005D
:105730002DE9F04182B0064625A090460D4609F0BD
:1057400019F965B142F60447741EC0F6010700BF9F
:1057500014F8011F384609F00DF9013DF8D10A206F
:1057600009F0DEFD182006F09BFB05464FF47A7029
:10577000FCF738FCFBF7F0FD707AD6F80A1000272A
:1057800009222B4600970197FEF7C0FFB8F1000FE2
:1057900013D0322006F084FB044628461821224606
:1057A000FEF780FA40F60D2020862046322107F0D1
:1057B0009DFD204608F08CFF03E00146284607F0D7
:1057C0005BFC284608F084FF02B0BDE8F08100BF12
:1057D0005B434D4420307830395D00002DE9F043C3
:1057E000A3B081461DA0904609F0C4F81A2006F027
:1057F00057FB41F2086104460020C2F2000103AAEF
:10580000002300BF0F18DDB2D7F80260D7F806708A
:105810000433DBB20A3042F8256042F823702828AE
:1058200003F10403EED199F80900D9F80A102026F3
:1058300000920A2223460196FEF768FFB8F1000F96
:105840000146204602D007F051FD01E007F014FCAC
:10585000204608F03DFF23B0BDE8F0835B434D4494
:1058600020307830415D20BBF1C8A14B414B423A1A
:1058700020000000B0B582B0044613A0154609F020
:1058800055FD2F2006F00CFB627AD4F80A1004466E
:1058900040F29820C2F200004FF0170C0090104622
:1058A00002222346CDF804C0FEF730FF0146204611
:1058B00015B107F01BFD01E007F0DEFB204608F004
:1058C00007FF02B0B0BD00BF5B434D4420307830CD
:1058D000325D20B2E9D1AFC9E8B1B8D0C5CFA200DE
:1058E00010B507A0144609F021FD41F24060C2F254
:1058F00000000121002C18BF0130017010BD00BF55
:105900005B434D4420307830385D20B6C1C8A1C01B
:10591000FACAB7CAFDBEDD0070B584B0054614A052
:10592000144609F003FD03A8FEF73AFF86B2EEB174
:1059300006F1180006F0B4FA6A7A039BD5F80A104B
:1059400005460093104607222B460196FEF7DEFE21
:105950000146284614B107F0C9FC01E007F08CFBB2
:10596000039808F0B5FE284608F0B2FE04B070BDFA
:105970005B434D4420307830375D20B6C1C8A1CAA2
:10598000B5CAB1CAFDBEDD002DE9F04383B00646BD
:105990001820904606F084FA377C02AD814606F165
:1059A000120128463A46FAF7ECFB1AA0394608F0ED
:1059B000E1FF781E032810D841F208610020C2F2EE
:1059C00000010023002200BFEB5C013203EB8304E3
:1059D000D3B2BB4221F81400F6D308F0FDFE707A72
:1059E000D6F80A10002704224B4600970197FEF7CD
:1059F0008DFEB8F1000F0146484602D007F076FC54
:105A000001E007F039FB484608F062FE03B0BDE84C
:105A1000F08300BF5B434D4420307830345D20B8C4
:105A2000B4CEBBCDA8B5C03A20CDA8B5C0BAC5206C
:105A30003D2025640A0000002DE9F04182B00546B2
:105A400026A090460E4608F095FF66B142F6044740
:105A50006C1EC0F6010700BF14F8011F384608F09D
:105A600089FF013EF8D10A2009F05AFC182006F0FF
:105A700017FA41F20862064605F112000021C2F24F
:105A800000020023DFB2C75954180433C4F802706F
:105A9000DBB2C7580A31282903F10403C4F80670A1
:105AA000F0D108F099FE687AD5F80A1000270B2289
:105AB000334600970197FEF729FEB8F1000F014623
:105AC000304602D007F012FC01E007F0D5FA30466C
:105AD00008F0FEFD02B0BDE8F08100BF5B434D441D
:105AE00020307830425D20C9E8D6C34B414B423A62
:105AF000200000002DE9F04782B005463DA0904609
:105B00000E4608F037FF66B142F604476C1EC0F639
:105B1000010700BF14F8011F384608F02BFF013EB3
:105B2000F8D10A2009F0FCFB182006F0B9F940F280
:105B30009827C2F200070646B7F80EA0D7F8024031
:105B400005F1120138461722FAF71BFBD7F80200BD
:105B5000A0420ED043F60009C4F20109484608F0FD
:105B6000C1FCD7F80210484608F068FB484608F028
:105B7000C9FCF889002818BF504516D04EF66021A0
:105B800040F2D02400FB01F2C2F2000442F6B571EB
:105B90004FF0020CC0F6000120460023CDF800C0F3
:105BA000FCF762F92046FCF77BF9F88928B940F246
:105BB000D020C2F20000FCF76BF908F03FFE687AD3
:105BC000D5F80A1000270122334600970197FEF707
:105BD0009DFDB8F1000F0146304602D007F086FB6C
:105BE00001E007F049FA304608F072FD02B0BDE866
:105BF000F08700BF5B434D4420307830315D20C9D1
:105C0000E8D6C3C9E8B1B8D0C5CFA23A2000000099
:105C10002DE9F04182B005461FA090460E4608F0DF
:105C2000A9FE66B142F604476C1EC0F6010700BF2C
:105C300014F8011F384608F09DFE013EF8D10A20F5
:105C400009F06EFB182006F02BF995F812C0E97CDC
:105C50002A7D6B7DAC7DEF7D064660460094019702
:105C600007F056FC687AD5F80A100027052233465B
:105C700000970197FEF74AFDB8F1000F0146304644
:105C800002D007F033FB01E007F0F6F9304608F0E8
:105C90001FFD02B0BDE8F0815B434D4420307830F9
:105CA000355D20CDACB2BDCAB1BCE43A20000000E5
:105CB00010B582B028B1044608F038F8B8B102B087
:105CC00010BD43F6240443F2517043F2CD5243F227
:105CD000BB73C0F60104C0F60100C0F60102C0F6B5
:105CE000010340F20111009407F07AFEFEE7606ABA
:105CF00000284FD0206908B3A08AF8B1A069E8B1A4
:105D0000207FD8B12369002B5BD0A08A002858D00F
:105D1000A069002855D0207F002852D0217B42F670
:105D2000683C0020C0F6010C0CEBC00212798A42DC
:105D300076D001301228F7D1002173E0204606F01A
:105D400007FF0028BBD1204607F01CFF002841D0E8
:105D5000D4E9141200202161B4F848100123A06096
:105D6000012908BF022394F85810A382A261217769
:105D700003E000BF01300328C4D004EBC001CA6DAA
:105D8000002AF7D0A3699342F4D991F86010A26178
:105D90002177EFE743F6240443F2517043F2CD52EA
:105DA00043F2FD73C0F60104C0F60100C0F6010223
:105DB000C0F601034FF48771009407F011FE00BF95
:105DC000FEE743F24350C0F6010007F031FE012028
:105DD00002B010BD94F80CE042F64C0C0020C0F666
:105DE000010C04E01830B0F5347F3FF48BAF0CEBBE
:105DF00000031A797245F5D15A79617B8A42F1D153
:105E00009979A27B9142EDD15CF800009968A0607D
:105E1000988921611969A082187DA161207771E7B5
:105E20005CF8301029B1A26842B11CA007F000FE56
:105E300008E031A0194607F0FBFD03E023A01A4655
:105E400007F0F6FD204607F03DF800287FF437AF55
:105E5000A18A49070BD4217BC2290DD1617B20295E
:105E60000AD1A17B162907D12046002101E0204656
:105E70000121002207F094FF00287FF420AF216960
:105E8000B1F1807F04D9204607F0B0FA02B010BD0E
:105E9000002184F8351002B010BD00BF466F756E4A
:105EA00064206120257320257320666C617368204F
:105EB000636869702E2053697A6520697320256CA8
:105EC000642062797465732E00000000466F756E61
:105ED00064206120257320666C61736820636869A3
:105EE000702E2053697A6520697320256C642062C6
:105EF000797465732E000000466F756E6420612012
:105F0000666C61736820636869702E2053697A65D6
:105F100020697320256C642062797465732E0000FB
:105F2000026822F48062114301607047026822F423
:105F3000006211430160704710B540F20A510446F7
:105F400000F0E8F820B1204640F20A5100F0CEF807
:105F5000204640F2095100F0DDF820B1204640F221
:105F6000095100F0C3F820464FF4A16100F0D2F8C7
:105F7000002808BF10BD20464FF4A16100F0B6F81C
:105F800010BD0000F0B581B00446022017460D4652
:105F900006F03AF84DF68361C4F21B31A0FB011202
:105FA000910C4FF67F12C0F2373290420A4688BFFA
:105FB0003622636848F2A066C0F2010623F03F0370
:105FC000B54243EA0203636007D84BF24072C0F265
:105FD000283290421BD3362121E041F68021C0F2C5
:105FE00006018D423AD84FF49671514344F6D3528C
:105FF000C1F26202A1FB0212012101EB92112162A6
:10600000C7B1E2691921694342F4804217E048F2BE
:106010007F42C0F21E0290428CBF013102212162F8
:106020006900B0FBF1F01C34042898BF04206FF322
:106030001F3010E0E26905EB450122F48042B0FB1D
:10604000F1F0E261010554F81C1F08BF40F00100A7
:1060500041F40041216021680843206001B0F0BD97
:10606000B0B540F2157006F0C5F845F2004548F2AB
:10607000A064C4F20005C0F20104284621460022B3
:10608000FFF780FF284600210022002300F076F869
:10609000284600F025F828464FF48061FFF740FFBE
:1060A00040F2167006F0A6F805F5806528462146F0
:1060B0000022FFF767FF284600210022002300F09E
:1060C0005DF8284600F00CF828464FF48061FFF791
:1060D00027FFB0BD0069C0B2704700000161704782
:1060E000016841F0010101607047000040F2015277
:1060F000914202D141698069704701F01F0289090C
:106100004FF0010C0B580CFA02F223EA02020A507B
:10611000704700008A09105801F01F01C84000F0C4
:106120000100704710B540F2036006F063F840F6D6
:106130000044C4F2010420461C2103224023FEF740
:106140006DFD20461C2103228023FEF767FD2046BB
:106150001C2103224FF48063FEF760FD20461C21C2
:1061600003224FF40063FEF759FD10BD21F0010139
:10617000023218BF0131016170470000D0F800C041
:106180006FF39F232CF0020C41EA0C01016043EAFB
:106190000201816070470000016841F48071016074
:1061A00070470000016841F4007101607047000011
:1061B00070B548F2A06445F20046C0F2010485B211
:1061C000C4F2000630462946FFF7A4FF20B9013C7F
:1061D000601CF7D14FF0FF34002C18BF012420467B
:1061E00070BD000070B548F2A06445F20046C0F2F0
:1061F000010485B2C4F2000630462946FFF78AFF43
:1062000020B1013C601CF7D14FF0FF34002C18BFC7
:106210000124204670BD000010B545F6F521C0F6FA
:106220000001012006F02AFE45F67501C0F60001C6
:10623000022006F023FE45F2B111C0F60001032052
:1062400006F01CFE45F68911C0F60001042006F098
:1062500015FE45F61144C0F600040520214606F05F
:106260000DFE0620214606F009FE45F61911C0F67E
:106270000001072006F002FE45F6E101C0F600012C
:10628000082006F0FBFD45F23171C0F6000109203F
:1062900006F0F4FD45F2DD71C0F600010A2006F0BB
:1062A000EDFD45F63921C0F600010B2006F0E6FDB4
:1062B00010BD000048F21F51C5F2EB11820780FBB0
:1062C000012109D14A1102EBD171642201FB1201B3
:1062D00000291CBF012070474BF6500145F62942AA
:1062E000C0F21E51CCF28F2200FB02104DF20B7255
:1062F0004FEA3011C0F2A3020020914238BF0120C2
:106300007047000080B582B060B1017851B101A939
:106310000A22FAF709F901980078B0FA80F04009EA
:1063200002B080BD002002B080BD0000B0FBF1F0E3
:106330004843704780B508440138FFF7F7FF80BD38
:1063400070B582B00E460446D4E91601814210D2DF
:10635000606E00BFCA08825C01F00703DA40D20712
:1063600011D0226EA36D0131013A9942E165226696
:10637000F0D3206E30B3204600F076F8002818BF26
:106380000546E1D01BE0626DE36E1144B1FBF3F210
:1063900002FB13113160A16DD4E917230132013BD7
:1063A0008A42E265236609D2D308C35C02F0070281
:1063B00023FA02F2D207EFD1002500E0002528469B
:1063C00002B070BD606DE26E0844B0FBF2F142F6BF
:1063D000EC7601FB120343F24141C0F6010605A031
:1063E000C0F6010140F2B322009608F0C3FA6FF044
:1063F0001B05E4E725733A25643A6572726F723AB9
:10640000204E6F206D6F7265206672656520737017
:10641000616365203078257825730A00C16E0166B6
:106420007047000080B50021C0E91611FFF7F6FFA4
:1064300080BD0000426DC36E891A1944B1FBF3F2AE
:10644000D0F858C002FB131161450AD2406E01F02A
:106450000702C9084FF0010C435C0CFA02F21A4320
:10646000425400207047000070B50446406DE16D55
:10647000E26E0844B0FBF2F3216E03FB1200A26E41
:106480006065D66A0025F000E56504F099FC616E50
:10649000A06508463146F9F78DFE46F23541C0F653
:1064A000000120462246012304F052FA20B106469C
:1064B0002046FFF7B7FF3546284670BD2DE9F04F5F
:1064C00087B0DDF848B00493BBF1000F37D0924697
:1064D0000E4607464FF00009ABEB0900082104F017
:1064E0006FFC0546109804994844AAEB0903CDE9CE
:1064F00000100DF11408384600213246CDF808800E
:10650000039500F0FFF828B1014601200C4688B140
:1065100016E000BF11982A4600EB09014046F9F742
:1065200091FE0221002818BF012048BF012118BF99
:106530000C4628B9A944D945CED3002400E0002454
:10654000204607B0BDE8F08F2DE9F04F87B0119FCE
:10655000049357B316468A4683464FF0000800BF9F
:10656000A7EB0800082104F02BFC044610980499BE
:106570004044CDE9001005A8A6EB08030290584658
:1065800000215246039400F0BDF8054640B9129828
:1065900005A90068224600F0A1F912990860484652
:1065A00025B9A044B8458146DAD3002007B0BDE83C
:1065B000F08F000080B5806EC268904780BD0000FB
:1065C0002DE9F04F83B00E6816F1030F01D90026B4
:1065D00037E0876E0C4681468868B9699B469046CD
:1065E000FFF7A8FEBD686268E36882463846314618
:1065F000CDF800A0A84710B1064600201EE0BBF170
:10660000000F16D0404600F059F9D4E90030E16897
:106610005246CDE9000148464146CDF808A0FFF7B3
:106620004DFF0646002858BF6FF0530601D00020EA
:1066300004E04846214600F045F90120002818BF33
:106640000026304603B0BDE8F08F00002DE9F04F82
:1066500083B0DDE90EB7DDE90C950E460446CDE9C1
:10666000012367B94BE000BFA06EC6F800908169B6
:106670002846FFF75BFE00217060B160CFB3306841
:106680004845F1D1D6F80480A845EDD8A06E806ABF
:1066900000EB08018D42E7D2A8EB05010144384622
:1066A00004F08EFBF268A5EB0801804650185946AD
:1066B0004246F9F766FDD6E901104544691A04F02F
:1066C0007BFBA16EB060896A88420BD1DDE90123B2
:1066D00020463146FFF774FF002818BF824601D0DC
:1066E000002000E00120C3440028A7EB0807B8D130
:1066F00001E04FF0000A504603B0BDE8F08F4FF0C4
:10670000000AF8E72DE9F04F87B00446806EDDF807
:106710004CA0119DC06917460AEB05028242049302
:1067200003D96FF053000590B0E0E06EDDF840B0A3
:106730000138584503D26FF053000590A6E0BAF136
:10674000000F00F0A180DDF848908846CDE9017483
:10675000B8F1000F50460FD0D8F800005845504609
:106760000AD1D8E9016290198542504604D2711BC2
:1067700069D9504604F024FB3968594508D1D7E956
:10678000016291198D4203D2711B56D904F018FB96
:10679000049906958A4537D2CDF80C90D946D4F89D
:1067A00068B02846DBF81440C7F800902146FFF790
:1067B000BDFD294645468046786004980844214638
:1067C000FFF7B8FDDBF81C1004F0FAFADBF828102C
:1067D000A0EB080004F0F4FA0646DBF80440FB687E
:1067E000B8605846CB46DDF80C9059464246059FA6
:1067F000A8460096A0470146002818BF07460597FF
:1068000018BF012132E000BFA66E71698A45C3D36B
:10681000B5FBF1F202FB1152002ABDD1FFF786FD54
:10682000D6F804C00446304659462A464B460094E2
:10683000E047A8B10121059018E0114404F0C0FA26
:106840000446F86806E01144504604F0B9FA0446DC
:10685000D8F80C00A91B014448462246F9F791FCE0
:106860002544A1440695AAEB040A022141F0020046
:1068700002280BD1069DDDE90174BAF1000F7FF407
:1068800067AF0020059001E000200590059807B053
:10689000BDE8F08F70B50446104615460E4600F070
:1068A0000DF8204631462A460023FFF789FE0028CE
:1068B00018BF70BDA06E0169884770BD4FF0FF31F1
:1068C0000160704710B50C46816EE068896AFF224E
:1068D000F9F769FC4FF0FF30206010BD80B5002A49
:1068E00008BF80BD42F61C3C0139C0F6010C00BF58
:1068F00011F801EF013A80EA0E0303F00F035CF890
:10690000233083EA101000F00F0383EA1E135CF8B3
:10691000233083EA1010EBD180BD000090FAA0F084
:10692000B0FA80F0704700002DE9F04F8DB00746B7
:106930001698DDF860A0934601380CAC07930891D7
:10694000059006E04FF001080646B8F1000F40F050
:106950000A8138462146FFF7F3FC0028F2D1DDF822
:10696000309038464946FFF725FE10F1540100F0FB
:10697000E0800028E6D11698C8B105980BA90B90C5
:10698000384600F045F9B96E0B9AC96901328A425E
:106990000B9215D10130FFF7C1FF411C07980990F8
:1069A0005DD354464FF008084FF0010AAFE0179846
:1069B0000026C0F80090CAF800604FF00108C4E754
:1069C000002A049200F07F800696002692460DF180
:1069D0002B0100BF07984FF001085D46CDE9000686
:1069E000CDE9021838468B4600212A46534600243A
:1069F000FFF788FE20B106905946AB4604BB26E05F
:106A0000089938462A4601230124CDE90096CDF89D
:106A100008B00394FFF71AFE10F15401AB4604D0FE
:106A200038B94FF00008012407E04FF004080024B3
:106A300003E04FF00108002406900DF12B0134B162
:106A4000BAF1010A06F10106C4D14FF00508DDF8DC
:106A500060A0069E0CACB8F1050F39D065E0069633
:106A600000260D460C4603E0013C06F1040647D023
:106A7000099804F00DFE099009A808994FF0040840
:106A8000029038465A460123CDE90096CDF80C8095
:106A9000FFF7DCFD30BB012CE6D009980021CDE9E1
:106AA000000609A802900420039038465A460423A1
:106AB0004FF0000AFFF726FE0028D5D0189C4FF0B3
:106AC0000108064622E04FF00508B8F1050F2CD169
:106AD00017980026C0F8009004984FF00108CAF8F3
:106AE000000022E0189C10F1540103D1069E4FF0E3
:106AF000000A0BE04FF001084FF0000A064605E0DF
:106B0000189C069E4FF008084FF0010A2946BAF17A
:106B1000000FA24608D017980026C0F80090880001
:106B20004FF00108CAF800000CACB8F1040F7FF474
:106B30000CAF43F2E93043F24141354642F6EC7680
:106B4000C0F60100C0F6010140F6A6324B46C0F681
:106B5000010600962E4607F00DFF0898FFF7AEFEDF
:106B60004FF00008F1E630460DB0BDE8F08F0000B0
:106B70002DE9F04F87B0884611990692B3B381464C
:106B8000581E059005A9484600F042F8064610A98F
:106B9000484600F03DF88246C0F1010B042700BFD3
:106BA000564528D90BEB060004F066FB451E30461F
:106BB000FFF7B4FE0146284604F002F905460698A0
:106BC000A900CDE9000106A80290484600214246EE
:106BD00004230397FFF796FD4FF0FF31002801FAD9
:106BE00005F10CBF0E440446DAD00BE04FF0FF3045
:106BF0000860002003E00699DDE910021160129997
:106C000000240860204607B0BDE8F08F7047000000
:106C1000F0B581B0806E0E68C069A0F10807B74278
:106C200001D9002512E0B6FBF7F00C46013804F05C
:106C300077FBA6EB80000838B0FBF7F5284605FB8C
:106C4000176604F06DFBA6EB80002060284601B0BB
:106C5000F0BD000010B50446006804F019FD61683D
:106C60002060084604F014FD606010BD2DE9F04F6F
:106C70008BB01D46149B002B4CD0CDE90612591E3B
:106C8000DDE915B80A910AA90590FFF7C1FF04468E
:106C900003E000BF01210746E9BB40462946D8472B
:106CA0000028F7D1ACB104F00106002005AAC6F116
:106CB0000209019007CAA2464FEA890308AC009571
:106CC00003930294FFF71EFD38B101210746544695
:106CD000E2E7012100240027DEE7CDF8109086F0DE
:106CE00001090021544600BF8A46494508D2089947
:106CF0004046D84700284FF00101F5D0074600E094
:106D00000421049ACA45C7D308A850F82950A41AE8
:106D10000021C1E7002738460BB0BDE8F08F000026
:106D200010B50446806E406B10B9E06803F058FA65
:106D3000A06E806B10B9E06903F052FAA06EC06BD0
:106D4000002818BF10BD606E03F04AFA10BD0000A5
:106D50002DE9F04184B08846054600273C46022FC5
:106D60000BD0671C07F0010008EB80012846FFF7F5
:106D7000E7FA002818BF0646F0D0022C2AD3D8F82C
:106D8000001000204746042247F8080FCDE9001004
:106D90000392284600212A4604230297FFF7B2FCFB
:106DA00006463868002E18BF16F1540112D1A96E9C
:106DB000496A012905DB013141F00101FFF7BAFA07
:106DC000386004204FF0FF31002608F10C0243C266
:106DD000C8E90611304604B0BDE8F08110B504469C
:106DE00001F018F9002848BF10BD07D02046002147
:106DF00003F05AFA002808BF002010BD002010BD83
:106E000080B59446D0E900238E4610461946724656
:106E1000634600F00BF880BD10B50446084604F048
:106E2000FFFB216801440020216010BD2DE9F04FD7
:106E300089B0834610469A4615460C4604F0F0FB8E
:106E40000646606861693044884202D96FF01B07CA
:106E50001EE0A06825F0004980EA090004F014FC57
:106E6000089008AA58462146042300F06BF907460B
:106E700070B9B5F1FF3FA6F104030DDD5846214678
:106E8000524600F05FF9074610B90027C4F8089091
:106E9000384609B0BDE8F08F002B984618BF4FF078
:106EA0000108CDF8109038D0CDF818A04FF00009A7
:106EB0000DF11F0A1D46059306995A464868096850
:106EC0004844CDE9001001200390584600212B468C
:106ED000CDF808A00026FFF715FC18B1074676B9D3
:106EE0001BE000BF584621465246012300F02AF914
:106EF000B0FA80F14E09002818BF07466EB1059B15
:106F000009F101094B454FF0000888BF4FF0010817
:106F1000013D0DF11F0ACFD1FFE7DDF810905FEAC8
:106F2000C870B5D1B1E700002DE9F04F8BB0866E87
:106F3000044648680D46F169143003F041FFB16919
:106F4000FFF7F8F907461438069008A804300590B2
:106F5000002004F1100A04900020079034E000BFE4
:106F6000D5E901129DF82B00ABEB010180F0FF0089
:106F7000043941EA40304FF60041C5F20F0140EAC2
:106F8000010888EA020004F07FFBE96808AE089077
:106F9000084631460422FFF7A1FCE86004F078FBC4
:106FA000D5E9001209908DE8460020465146224658
:106FB000002308260396FFF749FB002862D0012131
:106FC0008146002940F0B9806868B84280F0888026
:106FD000061DB81B40F2FE3103F0F2FE00EB060B7B
:106FE000BB4504D20699584603F0EAFE8346BB45EA
:106FF0004FF0FF008DF82B00B2D3A06ED0E9063021
:10700000C01A8345ACD828680021CDE9000B0DF1EA
:107010002B00029001200390204622460026FFF715
:1070200071FB002818BF10F1540152D1A06E2B68DB
:1070300082694FF0FF30059E099020462146089254
:10704000CDE900B20296FFF77FFA002818BF10F1D1
:1070500054013DD108AE304601F09EFF4FF6084284
:1070600020462946C5F6FF723346FFF7DFFEB0FA29
:1070700080F14E09002818BF8146002E7FF470AFC2
:107080002CE000BF079818B96868E96804300491DB
:1070900007909DF82B00802121EA000088EA00601B
:1070A000C5E901B0BB454FF0FF30E86005D2A06EE6
:1070B0006169806A0844834508D3204651462246C8
:1070C000FFF7E8FB002818BF814607D1002178E7C9
:1070D00000268146002E7FF443AF00BF012170E7F8
:1070E0004FF0FF312869089107992B680A1D091A8A
:1070F000CDE900012046214608AE0296FFF724FAAA
:107100008146D0B908980499884214D107992B6810
:107110000420CDE900102046214604220296FFF704
:1071200013FA814648B9DDF82090B9F1000F18BF75
:107130006FF0530901E06FF0530948460BB0BDE80A
:10714000F08F000070B584B01C461646D1E90023CC
:107150000D4600F110018DE84C0002460023039417
:10716000FFF774FA08B104B070BDE86831462246F2
:10717000FFF7B4FB6968E86008196860002004B094
:1071800070BD00002DE9F04F99B0CDE908238A4683
:10719000074600F02BFFD3465BF8081F8046481CCB
:1071A000B8F1000F4FF00003CBF8000008D0012029
:1071B000189017A95046179304F064F818B1E2E04C
:1071C0004FF0000902E04FF000090023BA6EDAF830
:1071D00004104FF0FF3013901490D06C1191129363
:1071E0001593002808BFD069083816903846FFF775
:1071F000E1F910F1540100F0C28000287ED1DBF8E3
:10720000000004F045FA11ADCBF8000038462946DD
:107210005A460423FFF796FF10F1540100F0AF80A7
:1072200000286BD10DF1880CCDE90F75089D9CE805
:107230000610504246F60163C0F6000300B24FF656
:1072400000460095099D039205AA0DF13C0EC4F27B
:107250000F0682E80940384600224FF0FF33CDE99F
:107260000156CDF810C001F0B7FC10F1540100F048
:107270008680002842D10AF11806304604F018F83A
:10728000C8B9304604F040F89AF817004FF60841A4
:10729000C6F20F0141EA005211A938463346FFF702
:1072A000C5FD0546304604F001F815F1540066D0DE
:1072B000002D40F0B58000205FEAC976CDE90D00D1
:1072C0000C900AD10CAD07F13C01284603F0FEFCFE
:1072D00007F13001284603F0F9FC0CAD07F1480135
:1072E000284603F0F3FC0C9840F2FF3188430C90E1
:1072F000384651462A4600F017FD20B101210446C8
:1073000002293FD090E00CA803F0AAFC88B90CAD8C
:10731000284603F0C9FC4FF60C4211A9C7F6FF72CC
:1073200038462B46FFF782FD10F1540127D0002884
:10733000E4D111A93846FFF7F7FD10F154011ED032
:107340000028DBD1504603F0D9FFDDE92310A0EB84
:107350000100AAF81400DDE91201CAE903014FF0A7
:107360000001C7E91211396556B907F1300207CAA1
:1073700007F13C0307C30021022903D054E0022196
:10738000022951D1254607F11000FFF797FA5FEA6D
:10739000C87612D1DAF8043042F6EC7443F2E930E0
:1073A00043F24141C0F60104C0F60100C0F60101FC
:1073B00040F61802009407F0DDFA00200A90012040
:1073C0000B900AA9504603F05DFF0AF10401A8B131
:1073D0003846FEF7B5FF58B104461C304FF00003A5
:1073E00026D12EB34FF001094FF000082C46EDE6F0
:1073F0004FF001094FF000082C46E6E60B6842F614
:10740000EC7743F24141C0F601070BA0C0F6010141
:1074100040F61E02009707F0ADFA6FF01B0407E07C
:1074200001212C460229ADD0002908BF09F0010432
:10743000204619B0BDE8F08F25733A25643A77618C
:10744000726E3A205375706572626C6F636B203098
:1074500078257820686173206265636F6D6520759B
:107460006E7772697461626C6525730A00000000B2
:10747000F0B583B016460C4600F148023146054689
:1074800000F052FC08B103B0F0BD06F11807384611
:1074900003F03AFFF07D4FF60841C6F20F0141EAD2
:1074A0000050CDE9010701AA284621460123FFF734
:1074B00095FC0446384603F0F9FE204603B0F0BDC3
:1074C00080B584B04FF0000C4FF0FF33CDE9003CA5
:1074D0004FF0FF33CDF808C0CDF80CC000F002F833
:1074E00004B080BD2DE9F04F9DB00646C06E0693F6
:1074F00030B1136883424DD25368834280F0C28218
:107500004FF0000901254FF0FF340DF1680B904654
:1075100000200F91CDE91A990D920E900AE000BF5C
:10752000601C49F100050BF1040B08F10408A042AE
:1075300004462BD2D8F8000000218DE8010A30461D
:107540003246042304270397FFF7DCF8074610F1BF
:10755000540A12D0A7B904F1010989F001011AAA4D
:10756000DBF8000052F8211003F0D2FF00280E983B
:10757000C8BF48464FF000090E9027B9D0E700BFBA
:107580001097002FCCD0BAF1000FC9D0E80704D073
:10759000109F91E26FF053078EE20E9A0D9B02EB63
:1075A000D27020F00100101A53F82010DDF83C9042
:1075B00006F13C08C9F80010511C01EBD17222F011
:1075C0000102891A1AAA52F820004A46049153F877
:1075D000211042F8080F002050604FF0FF300425C2
:1075E00014AC0C90002042F8041C0792CDF81480D3
:1075F000079F0D9038684FF0FF311991189104F0F2
:1076000047F838604FF0FF3039460422FFF766F93B
:10761000159000200B90002009900C98109F0A9064
:1076200000204FF000084FF0FF3B0E900020089024
:1076300007E000BF01210746002918BF082940F0D4
:107640008F81584603F0ECFFB16E8044CB69D9F8C6
:1076500000103046CDE9001800213246029403950F
:10766000FFF750F810F1540124D00028E2D115980A
:1076700021460422FFF732F914991590084602F0CA
:10768000B3FD80EA0B0A5046CDF850A003F0DEFFB0
:1076900090B15046109703F0C3FFB16E8146CF6999
:1076A0004044B84213D90921DDE90F97042514ACF1
:1076B000C2E700BF0921BFE7584603F0DBFFA0F592
:1076C000A060B0FA80F040090E900921B4E750465E
:1076D00003F0D0FFB0F5A06F42D1DDF83C9008F187
:1076E0000401D9F800003246CDE9000113A8029048
:1076F000304600213B4604250395FFF703F810F1BF
:1077000054015AD000285CD113981599109F8142DA
:1077100054D1149803F080FFF16A8AEAC07A0846CF
:1077200015A90422FFF7DAF81499F062084603F06D
:1077300077FF4044C9E9030A0B9814ACA9F8140078
:10774000DDE91801C9E906010998082100F00100E6
:1077500089F817004FF0FF3015900A980C90FCE064
:107760000F9808F1040B0368A9F10400CDE900B0FB
:10777000304631463A4615AF0297FEF7E5FE10F166
:10778000540122D020BB149F384603F06DFFB0F5A2
:10779000C06F23D0DDF83C90B0F5806F16AC3ED0C2
:1077A000002853D1384603F045FF0B9A91B2884226
:1077B00028BF421C109F0B9280E0109F092114AC3F
:1077C000CBE00121074614ACC7E00921D3466BE7A3
:1077D000DDF83C900121D346074667E7384603F0C1
:1077E0001BFFB16EDDF83C90CB69D9F8001000F0BA
:1077F0000100099018A8CDE9001B02903046002135
:10780000324608270397FEF77DFF10F154014CD054
:107810000028DFD118A803F049FD109F4EE038463C
:1078200003F01CFF81464FF600400A9CC0F20F0097
:1078300000212040C4F6F071084387420B98484469
:107840000B9021D144F000440A9435E0384603F00F
:1078500017FF40F2FF51884225D1B06E0021C36965
:10786000D9F800003246CDE9000B304608270294D3
:107870000397FEF747FF109F543017D0204601F0C2
:1078800089FB0120089019E0601C12D0384603F0F3
:10789000D1FE0746204603F0CDFE87429CBF04EB95
:1078A00089240A9408E0109F08E0109F0921D3461C
:1078B000FCE64FF0FF300A90DDE90F971499269807
:1078C000069A4840104203D0042514AC002144E03D
:1078D000D9F80000289BCDE9110B299811AA9847E7
:1078E000B0F1FF3F4FF0040514AC1FDDDDF850B0E0
:1078F00028B30A9F4FF600428BEA0701C7F6FF72D2
:10790000114221D0022822D1584603F093FE81462D
:10791000384603F08FFE8145DDF83C9014AC4FF003
:10792000040598BF4BF000470A9710E010F154018E
:107930004FF001010CBF0921074600200AE0002199
:107940000120CDF828B004E04FF0FF300A9000216C
:107950000120109F002818BF0021D3466CE600BF0D
:10796000092940F08180D9F80C00DDF81480002846
:1079700049D00E99C9074FF0000189F816102FD091
:10798000B16E8A69B0FBF2F303FB1202002A18BF42
:107990000122089B62EA0302D20721D1CA69169923
:1079A000D9F80030BA464FF0FF37CDE90001304634
:1079B000314614970294FEF7C7FD18B110F1540137
:1079C000074608D11499179A5746891AB1FA81F1D6
:1079D000490989F81610002818BF10F1540041D148
:1079E0004046494603F022F9F8B1D8F8000003F008
:1079F00021FE0C9F8246384603F01CFE82450DD1C5
:107A000047F0004710E0484603F078FC04991AA8B4
:107A100050F821000721C9F8080025E0791C2DD075
:107A2000824538BFA7F580670C97279FDDF830A007
:107A30003FB1504603F0FEFDB9F8141003F0C0F951
:107A40003880504603F002FE10B1012157460BE08A
:107A5000504603F0EFFDB9F814100027884238BFF4
:107A60006FF00107012100BF072910D10D98109771
:107A7000002800F101003FF4BBAD06E04FF0FF30FD
:107A80000C90D2E76FF0530716E0109F05210529EF
:107A900012D1D9E9003042F6EC7743F24141C0F609
:107AA0000107009006A0C0F6010140F25A5201976A
:107AB00006F060FF6FF0530738461DB0BDE8F08F49
:107AC00025733A25643A6572726F723A20436F7279
:107AD00072757074656420646972207061697220C7
:107AE0006174207B307825782C20307825787D25AE
:107AF000730A00002DE9F04F8FB09946089217687D
:107B0000002B0B901CBF40F2FF30A9F800000D467F
:107B10000B992E46086A4FF6004B46F8180F486A34
:107B200043F23F44C0F22F0BC0F601047060CDE970
:107B300006590A9638462146F8F7A5FB07EB000AD6
:107B400050462146F8F7ADFB804602280AD0B8F12E
:107B5000010F0DD19AF800002E2845D0B8F1020F80
:107B600006D100BFBAF8000042F62E6188423BD031
:107B70000AEB080701263D4604E000BFD0B10136FC
:107B800009EB000528462146F8F77DFB05EB0009C7
:107B900048462146F8F785FB0228EFD1B9F80010D6
:107BA00042F62E629142EAD1013EE9D109F1020783
:107BB000C0E700BF9AF80000002861D00898C0F81C
:107BC00000A0584603F05CFD022862D1584603F03D
:107BD00031FD40F2FF318842059709D1DDE90659B0
:107BE000DDE9090624E000BF0AEB0807A2E700BFB1
:107BF0000821C2F20001069D41EA80230B984FF64E
:107C00000042DDF828B02946C7F20F02CDF800B0D7
:107C100000F070F8DDF81C900646002804D45846A1
:107C200003F044FB099800E03046002E0A9E2DD454
:107C3000099000BF50462F21F8F7E5FA4946002881
:107C400018BF0021CDE9008147F69D410B98C0F691
:107C500000010291294632464FF0F0430CAFCDE9C6
:107C60000C0ACDF838800397FFF73CFC83460028C8
:107C700006D403D1E87D0028DCD105E0059F59E753
:107C800058460FB0BDE8F08F6FF001000FB0BDE8AF
:107C9000F08F6FF013000FB0BDE8F08F2DE9F041C9
:107CA00084B00446076885680846164603F0D2FC8F
:107CB00080462846414603F083F8D6E900316668DD
:107CC0000246CDE90016384639460292FEF7F6FB29
:107CD00010B104B0BDE8F081A068404503D1002098
:107CE00004B0BDE8F0814FF0020038BF012004B0BD
:107CF000BDE8F0812DE9F04383B0DDF82890074618
:107D000018461C4690460E4603F0A4FC054600208B
:107D1000CDE900093846314642462346029500F037
:107D20009FF803B0BDE8F083B0B584B014460022DC
:107D3000C7F6F07202F10C0301AD0095FFF7DAFF10
:107D400001466FF00100081A18BF0846002900EA32
:107D5000E1700AD4023108D001AD284602F056FF86
:107D60002046294602F0B2FF002004B0B0BD00005A
:107D70002DE9F04F87B08046806EDDF84CA0DDF82D
:107D80004490C06915460AEB09028242059304D962
:107D90006FF0530007B0BDE8F08FBAF1000F57D075
:107DA00012980F46049000BF286802301ED16C68FC
:107DB000A1451BD3A8680119894517D2A4EB090175
:107DC0000144504602F0FCFF8346E868A9EB040139
:107DD000049C014420465A46F8F7D3F95C440494C5
:107DE000D944AAEB0B0A02212BE000BFBB46D8F80E
:107DF00068706FF001007E69286048463146FEF7E2
:107E000095FA04466860059831464844FEF792FAB0
:107E1000B96A5F4602F0D4FF0646E8684FF60042B2
:107E2000109BAE60CDE9004040465946CFF6F77250
:107E3000029600F015F8C10F069A002848BF0246C6
:107E4000069241F00200022806D1BAF1000FABD130
:107E5000002007B0BDE8F08F069807B0BDE8F08FAE
:107E60002DE9F04F8BB00746D1E9039007F13C04B0
:107E70000A9020461E469046099102F0D7FE80B136
:107E8000404603F0D7FB60B1206803F0D3FB044603
:107E9000304603F0CFFB844240F0A0806FF0010A2F
:107EA00098E0002008901498DDF858B00430059050
:107EB000CDE906861FE0284603F0CCFB594602F0C8
:107EC0007FFF06460998059900684944DDF854B0DB
:107ED000CDE90001384600213A463346CDE902B6E5
:107EE0000024FEF70FFC002864D0079EDDF858B090
:107EF0008246002C6ED00A9D284603F091FB011D9E
:107F0000894565D30999A9EB000909680AA8029077
:107F10000420CDE900190390384600213A46042395
:107F20000024FEF7EFFB0028E2D10A9802F05CF98A
:107F3000684020F000400A90404603F07BFB38B3D5
:107F4000284603F091FBB0F5806F21D1284603F05D
:107F500071FB80460898361A304603F06BFB80456B
:107F600014D84FF60040C0F20F0000213040C4F298
:107F700010010843854202D1DDE9068616E0284655
:107F800003F06CFB089901EB80210891DDE906867E
:107F90000898301A684010EA080F01D00124A8E7B9
:107FA000284603F04BFB00283FF485AF6FF0010A31
:107FB00000249EE70BEB0600DDF858B0ABEB0601A2
:107FC000F8F7F8F80898079E00EB050A002490E7F8
:107FD0006FF0010A50460BB0BDE8F08F4FF0000083
:107FE0003CBF4FF60040CFF6FF705BE7806E406A03
:107FF0000128BCBF0020704789680130013140F082
:108000000100B1FBF0F202FB1010B0FA80F0400961
:10801000704700002DE9F04FA5B0866A8346B6FA96
:1080200086F0994690460D464FEA501766B930E003
:108030005846314601F01EF8B0FA80F1490900288F
:1080400018BF8246F1B924E006F10800A84219D011
:10805000294603F017F9A8B9B079012812D196F88A
:108060003200C0060ED5DBF86800F16A806A8142F2
:1080700008D95846314601F0CFFB0028D8D000215E
:10808000824631B13668B6FA86F0002E4FEA5017B4
:10809000DAD1F80700F00182D5E90001D5E90564DD
:1080A000CDE9230195E88F00D5F81CC00DF16C0EC9
:1080B0008EE88F0013AF1BA958462A464346CDE9E8
:1080C0002064CDF888C0CDF80090019700F006FA42
:1080D0000646002807D423A9284603F0D3F820B188
:1080E000022E10D056E0B246D7E11BAF8FCF0DF174
:1080F000800E9EE8105085E88F0005F1140080E89E
:108100001050022E46D10BF1480258462946FFF77F
:108110000BFE4FF0000728B102268246002F00F028
:10812000BC8137E0DDE9130105F11808CDE9230131
:10813000404603F0E9F8E87D4FF60841C6F20F012A
:1081400041EA0050CDE911080120009013A923AAAB
:1081500011AB5846019700F0C1F90646404603F0BE
:10816000A5F8002E12D413AB0FCB0DF16C0C8CE8DC
:108170000F00DDE917010127CDE91F01DDE9190134
:10818000CDE92101002F00F0888103E0B246002FE5
:1081900000F08381012E4FF00000049040F07781C1
:1081A0000BF1200006900BF1300005900DF18C09C9
:1081B0000020049004E000BFB8F1010F40F0678197
:1081C000DDE92330DDE91B128DE8070043F2414170
:1081D00042F6EC77B3A0C0F6010140F68E12C0F66D
:1081E0000107039706F0C6FB0699484603F04AF8D4
:1081F00018B9DDE91B01CBE90801DBF82870EFB104
:10820000DDE91B4602E000BF3F68BFB107F108018E
:10821000484603F037F8002808BFC7E90246B87996
:108220000228F1D107F12C054846294603F02AF827
:10823000002808BFC5E90046E6E700BF58464946A2
:1082400013AA02F051FA0546B0F1FF3F0ADCA81C60
:1082500008D001214FF00008AA46052940F00E8100
:10826000AAE700BFA81C31D05846012102F040FB0C
:10827000059813A902F0DAFC58B3DBF8300003F0DC
:10828000D9F9DDE913310746CDE9001042F6ED706A
:1082900043F2414142F6EC76C0F60100C0F601011E
:1082A00040F6BB12C0F60106029606F063FB584684
:1082B00040F2FF31002202F0FFFA284603F0BAF93B
:1082C0002C46874238BFA4F5806405E04FF00008D3
:1082D0004EE040F2FF372C46DDE913011BAECDE93D
:1082E0000F01304603F010F840F2FF30381A40F228
:1082F0000001C4F6F07118BF41EA87200B900220FC
:1083000000270090584613A90FAA0BABCDE90C74B7
:108310000E96019700F0E2F88046304602F0C6FF64
:10832000B8F1000F1AD4B8F1010F1BD1DDE90F012C
:1083300013ABCDE923010FCB0DF16C0C8CE80F00D2
:10834000DDE917010027CDE91F01DDE91910CDE9AD
:10835000211001200521049057B98CE00121C2466B
:1083600037B988E000210127002F00F0848000BF8A
:108370005846494613AA02F051FA811C7AD00028C7
:1083800040F08080059802F063FC40B16FF001007E
:10839000291A584618BF4FF0FF3102F0A9FA059884
:1083A00013A902F043FC00B3DBF8300003F042F9FC
:1083B000DDE913310546CDE9001042F6ED7043F2D8
:1083C000414142F6EC77C0F60100C0F6010140F6EB
:1083D000EF12C0F60107029706F0CCFA584640F2B9
:1083E000FF31002202F068FA01E040F2FF35DDE9DA
:1083F00013011BACCDE92301204602F085FF40F2BA
:10840000FF30281A40F20001C4F6F07118BF41EAAB
:10841000852007909DF863004FF60841C6F20F01D2
:1084200041EA0050CDE90904022000270090584697
:1084300013A94A4607AB0897019700F04FF880460A
:10844000204602F033FFB8F1000F40460ED413ABC4
:108450000FCB0DF16C0C8CE80F00DDE91701CDE9B5
:108460001F01DDE91901CDE921015046B8F1000FE6
:1084700008D48246002105293FF49EAE00293FF42E
:108480009BAE0AE0012182460529F7D194E60498C3
:1084900010F0010A18BF4FF0030A504625B0BDE89E
:1084A000F08F00BF25733A25643A64656275673AB8
:1084B0002052656C6F636174696E67207B3078252C
:1084C000782C20307825787D202D3E207B30782533
:1084D000782C20307825787D25730A002DE9F04F1F
:1084E0009BB0249D0A92012D0D91CDE90B3059DBF3
:1084F000DDF8949001F118081F1D4FF0000B40F2B9
:10850000FF4440F2014A09E00D994FF0010B888ABF
:1085100001388882013D07F1080724D057F8046C20
:10852000304603F0ADF8A042EED0504504D10D998D
:10853000888A0130EDE700BF304603F095F8B0F5CA
:10854000C06FE7D138680D9E0168B1614068F06185
:1085500057F8040C03F060F800F00100F075404695
:1085600002F0A4FED6E75FEACB701ED00D990C9EF8
:10857000888AC0B930464A4602F050F98046023037
:1085800000F0D780B8F1000F40F0D98099F81700BB
:10859000002800F0CE80022009900520052840F038
:1085A000D380DAE00646002001E000200C9E09900E
:1085B0000D9DA87D002800F0A780D5E9032128683B
:1085C0001791B16E15904FF0FF301890C86C16924D
:1085D0001992002808BFC869083805F118041A90D4
:1085E000204602F091FE15A846F601610027D5E964
:1085F0000323139614900DF14C0CC0F60001304685
:108600000B9ECDE90277CDE90477249FCDE9061CC6
:1086100029460096019700F0DFFA0646204602F050
:1086200045FE16F154004FF0060167D016F11C000C
:1086300064D0EEBB0C9E002006F1300910AF129002
:10864000CDE910003846494602F040FB06F13C04F3
:108650003846214602F03AFB06F14801384602F05E
:1086600035FB109840F2FF3188431090384602F0F5
:10867000F7FA18B315A93046FEF756FC10F154016D
:108680004FF006013AD010F11C0237D000285FD11C
:10869000DDE916010C9EC5E9030199E8070007C44E
:1086A00000200521C6E912003065052929D154E0D2
:1086B000B0460C9E0121052923D14EE010AA304678
:1086C0002946FFF731FB002843D110AF384602F0AE
:1086D000EBFA4FF60C4215A9C7F6FF7230463B463F
:1086E000FEF7A4FB10F154014FF0060106D010F183
:1086F0001C0203D00C9E0028BCD02AE00C9E052949
:108700002BD0062940F0D08006F11000FEF7D6F8F5
:108710000D99DDE90B208F8A249B0C9E0091019717
:1087200000F002F90028434680460146099015D51D
:10873000BAE0002000210991052805D10DE00020B4
:1087400009900120052808D000283FF431AFABE0A4
:108750000C9E012180460529D3D143460A9AD6F8BA
:1087600028B0D2E90012BBF1000F0E910F9200F079
:10877000968006F120070EAC9846089707E000BFE8
:108780000EACDBF800B0BBF1000F00F08B800BF1FA
:1087900008094846214602F075FD0028F1D10D9DDB
:1087A00095E8CF0089E8CF00D5E90610C9F81C008C
:1087B0000A98C9F8181081454ED0249801284BDB3F
:1087C0000B9F249D08E000BF4FF0FF30CBE9020073
:1087D000013D07F108073FD03E68304602F050FFE8
:1087E000044640F2FF4084421ED1BBF804A030464C
:1087F00002F020FF8245E7D040F2FF40844213D1CF
:10880000BBF804A0304602F015FF82450CD99BF856
:108810000600AAF101010228ABF80410D8D1DBF858
:108820002800013815E000BF40F201408442CFD15A
:10883000BBF80440304602F0FDFE8442C8D39BF8EA
:108840000600611C0228ABF80410C1D1DBF8280037
:108850000130CBF82800BBE70C9E089F0BF1200AE3
:10886000BBF80440BBF81C50AC42FFF489AF9BF846
:108870001F0000283FF484AF5046394602F002FD45
:1088800000281CBF601BABF8040030464946524626
:10889000FEF716FE002818BF8046E1D004E0DDF8A0
:1088A000248001E0DDF8248040461BB0BDE8F08F55
:1088B0002DE9F0418CB00D4604A91E46174604462A
:1088C000FEF746FA10B10CB0BDE8F081E97DDDE9B4
:1088D0001380129A8DF82710D5E906130092CDE97E
:1088E0000A13029004A920463A463346CDF8048084
:1088F000FEF748FC0028E6D4DDE904670120E875AE
:1089000004F120012846C5E9066702F0BBFC0146D8
:10891000B8F1000F4FF0000002BF0029C4E908675A
:1089200000200CB0BDE8F0812DE9F04F91B0054674
:108930001B981A9C1F460D9209910A900B9316E002
:10894000099843F24141D0E90030A44642F6EC7464
:1089500000907FA0C0F6010140F67102C0F601044C
:108960000194644606F006F80321002970D10A98A4
:108970004FF000081FFA80FB04E000BF012182468F
:10898000002949D1ABEB0809B9F1020F46D3002009
:108990001090C8F100000D9A00B2CDE900274FF603
:1089A0000042CDE904B046F619601FFA88F1C4F21E
:1089B0000F02C0F60000CDE90221069028462146AC
:1089C00000224FF0FF3310AE079600F005F90028A3
:1089D000D4D1B9F1FE0F19D8A86ECDF830A0D0E9E6
:1089E0000612C06C109F002808BF10464008A2F174
:1089F000280AFDF79FFC014650460B9E1A9C02F088
:108A0000DFF9DDF830A08742374603D908EB590873
:108A10000021B5E70521B3E70529A6D10999B8F1E9
:108A2000000FA1D01FFA88F00D9ACDE9010B28465E
:108A30003B460094FFF73CFF30B110F11C013FF4BE
:108A40007FAF0121824690E70021CDF828808CE796
:108A5000012903D1504611B0BDE8F08F099E284688
:108A60003146D146FFF7C2FA002861D000200E90AF
:108A700001200F900EA9304602F004FC002857D1C7
:108A8000284601F04DFF002836D4E96E081AB0EBF5
:108A9000D10F33D9099E43F24141B368A34642F650
:108AA000EC7436A0C0F6010140F68602C0F601045F
:108AB000009405F05FFF0A98002180B20D9ACDE97D
:108AC0000110284631463B46A846CDF800B0FFF7D6
:108AD000EFFE8246A8B11AF11C0015D143F24141C4
:108AE00042F6EC7331A0C0F60101C0F601034FF469
:108AF000096205F03FFF08E0002117E04846012128
:108B000014E001200A9000E0D146BAF1000F18BF2E
:108B10001AF11C0005D11A9C0B9F484645460121BD
:108B200004E01A9C0B9F484600214546002992D03C
:108B30000A98002180B2CDE9011009990D9A2846C2
:108B40003B460094FEF71EFB11B0BDE8F08F00BF5E
:108B500025733A25643A7761726E3A20556E6162E8
:108B60006C6520746F2073706C6974207B3078257D
:108B7000782C20307825787D25730A0025733A25D6
:108B8000643A64656275673A20457870616E64691D
:108B90006E67207375706572626C6F636B206174B1
:108BA0002072657620257525730A000025733A2505
:108BB000643A7761726E3A20556E61626C6520741A
:108BC0006F20657870616E64207375706572626C79
:108BD0006F636B25730A00002DE9F04FB3B0804638
:108BE00043980F460C90DDE94101DDF8F0B00990A3
:108BF000409891460A903F984FF0000A0B90DDE9AB
:108C00003D0511930F90CDE912AA002010900D910F
:108C1000089403E00020002840F08080119802F0C2
:108C2000FFFCF96800EB09048C4213D2386800217C
:108C3000CDE9000414A802904046424604230426CD
:108C4000A1460396FDF75EFD064678B10896FEB193
:108C50005BE100BF0F99012962DBDBE900020BF148
:108C6000080B01390E9214900F9111E0149801F045
:108C7000BBFA1199484040F00040149011903868B8
:108C80001290201D139012A80E90002E40F03D81EE
:108C9000149C1098002160402840C7F6F0710842EB
:108CA000B8D1284602F0C6FCB0B3CAEB0A1015A929
:108CB000119B41F8207001EB8000C0E9023B0F9B43
:108CC000109903610A9B8161C383099B12990384F4
:108CD0000D9B0B9A43620C9B82838362034643F88D
:108CE0002C4F0C930E9B139AC0E90C3148F615716A
:108CF000C0F600010D910021099100210A91002187
:108D00004561C0F8049082630AF1010A00200B91CA
:108D10000021002510917EE701207CE7089C03E0FC
:108D2000089C0020B8E000BF284602F083FC70B128
:108D3000149802F07FFC0B9989B288420D99FFF4D8
:108D400066AF0A9989B288420D99BFF460AF149E4C
:108D5000304602F095FC0D9900283FF458AF40F2E0
:108D6000011188423AD0B0F5817F079740F08480A6
:108D7000149E304602F06EFC274660B30998CDE998
:108D800005A800B208900E984FF0000A00F1040800
:108D900018F8044C304602F04DFC08990844D8E914
:108DA000002141EA045141EA802040F04051DDE9D0
:108DB0000C04A047002848BF074640F09680149E48
:108DC0000AF1010A304602F045FC824508F10C0820
:108DD000DED3DDE905A80D9C05208DE048F6157170
:108DE0000D98C0F6000188423FF411AFCAEB0A109B
:108DF00015A941F82070089401EB80041198C4F87B
:108E00000490C4E9020B0F98DDF83490C4E904051E
:108E10001098099DA0610B982584A0830A98C4F836
:108E20002490E0830C980AF1010AA062304602F017
:108E300011FC0746304602F0FDFB791CCDE90A170C
:108E4000E91B08440990002000210F904FF0FF30EB
:108E5000C4E90B116163A163089C11904FF00050AD
:108E60004FF600450E9F10904946C6F20F054FF091
:108E7000000B4FF00009CAE60998274600B206EB3E
:108E800080210E9ADDE90C04A04700283CD421463D
:108E90003C46079F3FF4BBAEBAF1000F089034D0B8
:108EA000AAF1010ACAEB0A1015AA02EB800152F8D6
:108EB0002070D1E901908A6B1190D1E903B013922F
:108EC0000F90D1E905501090888B0B90C88B0A90B9
:108ED000088C0990486A0D90C86A1490886A0C90B2
:108EE000486B096B12900E911EE700284FF00500A9
:108EF00048BF0120DDE905A821463C460897079FA9
:108F000005283FF484AE00E00890089833B0BDE82F
:108F1000F08F0000F0B581B004464FF60047266898
:108F2000C7F6FF77C8000D46384681EA060158BFEC
:108F3000A0F17F60014210D0304602F07FFB60B9A3
:108F40004FF60041C0F20F01314041F0804105EA87
:108F5000070041F07F61884204D100202060012099
:108F600001B0F0BD284602F07FFBB0F5806F0ED156
:108F7000284602F05FFB0746304602F05BFB874263
:108F800005D8284602F06AFB06EB8020206000200E
:108F900001B0F0BD7047000010B50446006802F053
:108FA00077FB61682060084602F072FB606010BDCC
:108FB000F0B583B043F24146054642F6EC77C0F681
:108FC00001060C46C0F6010700910CA0314641F2A3
:108FD000D0722B46019705F0CDFC2846214600F0C3
:108FE00035F804460FA0314641F2D572234600976A
:108FF00005F0C0FC204603B0F0BD00BF25733A2544
:10900000643A74726163653A206C66735F66696C7A
:10901000655F636C6F73652825702C20257029258A
:10902000730A000025733A25643A74726163653AE5
:10903000206C66735F66696C655F636C6F73652037
:109040002D3E20256425730A0000000070B50C46F3
:10905000064600F0D1FE05463046214601F0B8FE36
:10906000206D006808B1284670BDE06C01F0B8F8CA
:10907000284670BD2DE9F04F97B00C46096B0646A7
:109080004A0309D5C80203D404F14000FDF716FCD9
:10909000206B20F480202063206B810301D4002703
:1090A000A9E0D4F83480C00250D4D4E90A12F3689D
:1090B000CDE90C1201210020CDE90E1896E88600BA
:1090C0000290ADF80C008DF80E00CDE90400CDE95A
:1090D0000600CDE90800CDE90A00CDE910000DF148
:1090E000080A0DF1480CCDE9153030460AF1400967
:1090F0008CE88600FDF7E2FB0DF1070503E000BFF9
:1091000000210746F9B1E06A616B814224D2304602
:1091100051462A46012300F073F80028F0D4304667
:1091200021462A46012300F0FDF80028E8D43068E3
:10913000013005D04846FDF7C1FB3046FDF7BEFBC8
:1091400001210029DFD14FF0010B41E0E16A4046E7
:1091500001F032FE60633EE043F2414A42F6EC75B4
:1091600004F14009C0F6010AC0F6010518E000BF8D
:10917000A36B43F2E930C0F60100514640F62B5292
:10918000009505F0F7FB3046214600F0CBFB834607
:1091900000281CBF07464FF0010BBBF1000F12D196
:1091A00030464946324601234FF0010BFDF708FADD
:1091B00010F15401DCD000280CBF4FF0050B07461E
:1091C000BBF1000FECD0BBF1050F08BF4FF0000B57
:1091D000BBF1000F0BD104F1300207CA012363F386
:1091E00011404FF0000BC4E90A21C4E90C08BBF19F
:1091F000000F08BF0027384617B0BDE8F08F000009
:109200002DE9F04F89B00C46C96A676BB94240F24C
:1092100081808146C91B1846934601F0D1FD04F1B7
:109220004001089104F13801069104F13C01054622
:10923000059104F10801079104900CE0606BE16B6B
:109240004044606301EB0800C344A5EB0805012618
:10925000E063002E61D0002D5ED0206B410305D568
:10926000D9F86810E26BC9698A421CD1C00211D4D6
:10927000606BD4E90A23009006980899059E019036
:1092800048460296FDF774FC002818BF074606D032
:1092900043E000BF606B6FF00101C4E90E10206B6A
:1092A00040F480202063D9F86800E66BD0F81CA059
:1092B0002846AAEB060101F083FD94F8321080469F
:1092C000C90611D4A06B089A8DE8410848460021D0
:1092D0005346CDF80C800026FDF714FA002818BF7D
:1092E0000746B6D1AAE700BFA0880021C2F210014C
:1092F00041EA8020DDE907128DE8410848465346DF
:10930000CDF80C80FEF734FD002818BF074695D035
:1093100000269EE7002700E0049F384609B0BDE81C
:10932000F08F00002DE9F04F87B00C4691F8321015
:109330009A469346C906074612D5606BE16A5044C7
:1093400001F03AFDF96F88420AD93846214600F00B
:1093500063FA814620B1206B40F40020206398E03E
:1093600004F1400504F1380804F13C00CDE904A003
:1093700003E000BF002940F08C80BAF1000F00F03C
:109380008680216B11F4003004D0BA6EE36BD26991
:10939000934241D1C90219D420BB606B10B3D4E908
:1093A0000A23013800210691CDE9000838462946F4
:1093B00006AE0296FDF7DCFB064668B1206BB146AF
:1093C00040F4002020636EB163E000BF606B6FF07B
:1093D0000101C4E90E101BE038462946FDF772FA78
:1093E000002E56D13846FDF719F8D4E90D03059E35
:1093F000CDE90008384629463A460296FDF794FA28
:1094000020B1216B814641F400212163002840D125
:10941000206B40F400302063B86EE16BC069411AE4
:10942000504601F0CDFC06460CE000BF3846214610
:1094300000F078FAC0B1216B814641F4002121632C
:10944000012199B9D4E90E013A468DE8030838465E
:10945000294601230396FDF7F9F810F15401E5D0F0
:109460000028E8D10521ECE70021EAE705297FF48F
:1094700081AF606BE16B304460638819E06338460C
:10948000B344AAEB060AFCF7C9FF002172E7DDF836
:109490001090484607B0BDE8F08F00002DE9F0437A
:1094A00085B043F24148074642F6EC79C0F6010820
:1094B0001C4615460E46C0F601098DE80E000EA0AA
:1094C000414641F2AC723B46CDF80C9005F052FAA1
:1094D000384631462A46234600F038F8044612A0A2
:1094E000414641F2B1722346CDF8009005F042FAB0
:1094F000204605B0BDE8F08325733A25643A7472BE
:109500006163653A206C66735F66696C655F6F7056
:10951000656E2825702C2025702C20222573222C86
:109520002025782925730A0025733A25643A747238
:109530006163653A206C66735F66696C655F6F7026
:10954000656E202D3E20256425730A0080B582B00B
:1095500042F65C3CC0F6010CCDF800C000F002F809
:1095600002B080BD2DE9F04F8BB01E460C46804600
:1095700098070A9206D5404601F0A4F8074600284D
:1095800040F045811498002104F1080504F1040B12
:10959000C4E90C61E163C4E913100AAA40462946F4
:1095A0005B46FEF7A7FA8146B0F1FF3F0DDD0120D3
:1095B000A0714046214601F007FC19F102000FD1CD
:1095C000F00531D46FF0010918E119F1020040F003
:1095D0001581BBF8000040F2FF318842E7D10DE170
:1095E000B00530D4484602F04BF801282ED1BBF824
:1095F000000071054FEA802040F0005054D44FF62F
:10960000004240F0080304F12807C7F20F02404669
:1096100029460097FEF76EFB8246002800F1EA809B
:109620003846FDF7F3FA45E00A9F3846F6F7F5FDB0
:10963000D8F87010002688420BD96FF023096FF01C
:10964000010ABEBBDAE06FF01009D7E06FF0140931
:10965000D4E0BBF8001040F2000AC2F2100A40EA5F
:1096600081200AF1005240F4801042EA8122CDE9C3
:1096700006074AEA8120CDE90426CDE9080604AAB6
:10968000404629460323FDF7A9FB81461C3008BF4D
:109690006FF02309B9F1000F06BF01264FF0000952
:1096A0006FF0010A36B9A9E0216B40F4801A41F449
:1096B00080302063206D8168002947D04FF600413B
:1096C000C7F20F01CDE902A5002701F17F6A00264C
:1096D00006E000BF206D013681680C378E4238D21B
:1096E00094F83010C90722D04068BBF80020C11997
:1096F000C05DD1E9015141EA005040EA822003995E
:1097000040F04053404652460095FEF7F3FA0028D9
:109710004FF000026FF0010348BF0122C31A4FF05F
:10972000000118BF01231A4018BF814616D1206BD3
:109730008107CFD5216DD8F87820496839448968E8
:10974000914208D840F480302063C3E7012149B931
:1097500054E0012102E000216FF01B09DDE902A5C0
:1097600000294BD0206D006808B1E06406E0D8F80D
:109770006800806A01F01CFBE064E8B304F140017A
:109780004046FDF79FF8504601F07AFF40F2012174
:1097900088424FF000073AD16FF001065046A662AA
:1097A00001F058FF0146206B40F480102063D8F888
:1097B0006800E162806A26646764A06439B3A688A1
:1097C00040F2FE3101F0FCFA40EA8620E76C4FF6E9
:1097D000004240F00053C7F20F024046294600976E
:1097E000FEF788FA002848BF8146B0F1FF3F05DD4B
:1097F00000270CE0D14601E06FF00B09206B2146F9
:1098000040F4002020634046FFF720FC4F463846D6
:109810000BB0BDE8F08F0000B0B50C46496B0546B3
:10982000E163FCF7FBFD2846214600F07BF80028A9
:1098300018BFB0BD206B20F4801020630020B0BDA5
:109840002DE9F04385B043F24148074642F6EC79F2
:10985000C0F601081C4615460E46C0F601098DE803
:109860000E000EA0414641F2F2723B46CDF80C903C
:1098700005F080F8384631462A46234600F038F88D
:10988000044612A0414641F2F7722346CDF80090FB
:1098900005F070F8204605B0BDE8F08325733A2541
:1098A000643A74726163653A206C66735F66696CD2
:1098B000655F726561642825702C2025702C202539
:1098C000702C2025752925730A00000025733A2580
:1098D000643A74726163653A206C66735F66696CA2
:1098E000655F72656164202D3E20256425730A0042
:1098F000F0B581B00D4691F832101C461646890726
:10990000074606D538462946FFF7B4FB08B101B033
:10991000F0BD3846294632462346FFF771FC01B0B8
:10992000F0BD00002DE9F04F89B0054601F10800B7
:10993000049001F1400042F6EC780C46069005F1E7
:10994000100008AEC0F60108059006E04FF00109CE
:109950008246B9F1000F40F0AB8028463146FCF753
:10996000EFFC0028F2D1DDF820B028465946FCF77C
:1099700021FE10F1540100F086800028E6D1E06B52
:1099800000287BD04FF00008002600BF94F832106A
:1099900000EB0803C90611D4A06B06994FF001092A
:1099A000CDE900060DF11F0728462A460297CDF89B
:1099B0000C90FCF7A7FE78BB15E000BFA088002143
:1099C000C2F2100141EA80200499069A4FF0010981
:1099D000CDE900060DF11F0728460297CDF80C903F
:1099E000FEF7C6F9C0B90599029728462A46012311
:1099F0000127CDE900B60397FCF728FE10F15401CA
:109A000004D038B94FF00009012107E04FF00409F4
:109A1000002103E04FF001090021824639B1E06BDB
:109A20000136B042A8F10108B0D84FF0050942F65E
:109A3000EC7808AEC0F60108B9F1040F23D0B9F1F3
:109A4000050F7FF486AFAA6EE06CE969926AF6F7BB
:109A500098FB05F1100207CA04F1400307C30599FA
:109A60002846FCF72FFF206BC4F838B040F40030D4
:109A700020634FF001094FF0000A6AE74FF0050933
:109A8000B9F1040FDBD143F2E93043F24141C0F6B2
:109A90000100C0F6010140F6DC425B46CDF80080D3
:109AA00004F068FF0598FCF709FF4FF0000950E744
:109AB000504609B0BDE8F08FF0B583B043F241469F
:109AC000054642F6EC77C0F601060C46C0F60107E3
:109AD00000910CA0314641F646022B46019704F056
:109AE00049FF2846214600F035F804460FA03146CC
:109AF00041F64A022346009704F03CFF204603B09B
:109B0000F0BD00BF25733A25643A74726163653A0B
:109B1000206C66735F66696C655F726577696E64F9
:109B20002825702C2025702925730A0025733A25D5
:109B3000643A74726163653A206C66735F66696C3F
:109B4000655F726577696E64202D3E2025642573FC
:109B50000A00000080B50022002300F05BF800EA54
:109B6000E07080BD2DE9F04385B043F241480746DF
:109B700042F6EC79C0F601081C4615460E46C0F6C2
:109B800001098DE80E000EA0414641F616023B4643
:109B9000CDF80C9004F0EEFE384631462A462346B6
:109BA00000F038F8044612A0414641F61B02234655
:109BB000CDF8009004F0DEFE204605B0BDE8F0834D
:109BC00025733A25643A74726163653A206C667352
:109BD0005F66696C655F7365656B2825702C202551
:109BE000702C2025642C2025642925730A00000090
:109BF00025733A25643A74726163653A206C667322
:109C00005F66696C655F7365656B202D3E2025641A
:109C100025730A00F0B583B04F6B14460D46064617
:109C20007BB1022B04D0012B0AD1E41909D50BE03A
:109C3000284600F089F8241848BF3C4601D503E0C7
:109C40003C46706F844203D96FF0150003B0F0BD3D
:109C5000A74202D1204603B0F0BD95F8320080073C
:109C60001DD402A930460297FCF7D2FF074601A98E
:109C700030460194FCF7CCFF87420CD10198696C07
:109C8000884208D3AA6C1144884204D2E8630021B8
:109C900020466C6302E06FF01500012139B13046B7
:109CA0002946FFF7E7F9002804BF6C63204603B09C
:109CB000F0BD000070B582B043F2414542F6EC764B
:109CC000C0F601050C460346C0F6010600910BA044
:109CD000294641F65402019604F04CFE204600F05D
:109CE00033F804460FA0294641F659022346009650
:109CF00004F040FE204602B070BD00BF25733A2537
:109D0000643A74726163653A206C66735F66696C6D
:109D1000655F73697A652825702C20257029257365
:109D20000A00000025733A25643A74726163653A4B
:109D3000206C66735F66696C655F73697A65202D58
:109D40003E20256425730A0080B590F832108907FB
:109D500001D4C06A80BDC16A406B01F02DF880BD9E
:109D6000F0B583B043F24146054642F6EC77C0F6C3
:109D700001060C46C0F6010700910CA031464FF4D5
:109D8000BF522B46019704F0F5FD2846214600F00E
:109D900033F804460FA0314641F2E572234600979E
:109DA00004F0E8FD204603B0F0BD00BF25733A255E
:109DB000643A74726163653A206C66735F66696CBD
:109DC000655F73796E632825702C202570292573B3
:109DD0000A00000025733A25643A74726163653A9B
:109DE000206C66735F66696C655F73796E63202DA6
:109DF0003E20256425730A002DE9F04186B00C460B
:109E000091F8321009070BD421460546FFF732F9C5
:109E1000276B48B147F40021216306B0BDE8F0810B
:109E2000002006B0BDE8F081F80305D504F108066E
:109E3000304601F03DFA18B1002006B0BDE8F081CF
:109E4000F80207D405F1100128462A46FCF722FD46
:109E50000028F2D194F832000027C006C2F21007A1
:109E60000CD4D4E90A100DF11008CDE904104046D5
:109E7000FCF7F0FE07F58017082002E0E06AD4F84E
:109E80004C80A188384340EA81200090206DCDF8B5
:109E900004808268406842EA812141F08151CDE925
:109EA00002106A46284631460223FCF797FF216BD1
:109EB000002841F4002208BF21F48032226308BF49
:109EC000002006B0BDE8F0812DE9F04385B043F2F3
:109ED0004148074642F6EC79C0F601081C46154693
:109EE0000E46C0F601098DE80E000EA0414641F66F
:109EF00004023B46CDF80C9004F03CFD3846314658
:109F00002A46234600F03AF8044612A0414641F69C
:109F100009022346CDF8009004F02CFD204605B040
:109F2000BDE8F08325733A25643A74726163653A3B
:109F3000206C66735F66696C655F7772697465280B
:109F400025702C2025702C2025702C202575292586
:109F5000730A000025733A25643A74726163653AA6
:109F6000206C66735F66696C655F777269746520E3
:109F70002D3E20256425730A000000002DE9F04FD6
:109F800083B00C4691F832109A469046490707462E
:109F900006D538462146FFF76DF80546002840D122
:109FA000206B010504D5E16A626B8A4238BF6163A8
:109FB000666B796F06EB0A028A4202D96FF01A05C6
:109FC0002FE0800320D4E06A86421DD94FF0000BB9
:109FD0000DF10B09CDF80480606300BFD4F8348024
:109FE000B0450DD2384621464A4601238DF80BB0C4
:109FF000FFF798F9002848BF0546B0F1FF3FEDDCB8
:10A00000B045DDF804800CD338462146424653461D
:10A01000FFF788F90546002803D4206B20F40020C0
:10A020002063284603B0BDE8F08F00002DE9F04F13
:10A030009BB00C46096804F11C0C1A916168D4E9C4
:10A040000DE71991A16804F13C0B1891E1680546F0
:10A050001791216908A8169161699BE8000F159175
:10A06000A16914919CE84E10009480E84E500EA80F
:10A0700080E8800F1A9843F241460190199842F601
:10A08000EC7802901898C0F6010603901798C0F675
:10A0900001080490169831460590159841F2107207
:10A0A000069014982B46079043F22C10C0F601003E
:10A0B000CDF84C8004F05EFC2846214600F020F8E4
:10A0C000044606A0314641F214722346CDF80080C2
:10A0D00004F050FC20461BB0BDE8F08F25733A25F4
:10A0E000643A74726163653A206C66735F666F727E
:10A0F0006D6174202D3E20256425730A0000000048
:10A1000070B596B0044600F0EFFD0546002855D125
:10A11000D4E91901C96AF6F74DF80026A06E666504
:10A12000C06AE16EC00000F04BFEC4E9160620468E
:10A13000FCF774F90EA92046FCF70AFEA0BB01202B
:10A14000C0F2020004F1680308900FCBA56FC0694C
:10A150000DF1240C8CE82F0008AD284601F03CFAE4
:10A160000020C4F21000CDE902060820C0F6F0700D
:10A17000049043F24A40C0F6010005901820C2F254
:10A180001000CDE906050EA902AA20460323FCF71C
:10A1900025FE48B900260EA92046002200238DF88E
:10A1A0004E60FCF71BFE60B10546022040F0020045
:10A1B000022803D12046FCF7B3FDFFE7284616B07E
:10A1C00070BD012001900EA96A4620460096FDF759
:10A1D00077F90546002818BF01204000E6E7000097
:10A1E00080B504F075FA80BD00BA7047F0B58DB047
:10A1F00004463C3000F012FD00B32546E06B55F8F4
:10A20000406F676C01F016FA42F6EC7C43F2414174
:10A21000C0F6010CCDE9007017A0C0F6010141F2B3
:10A2200027323346CDF808C004F0A4FB05A9204628
:10A230002A46FDF745F920B10DB0F0BD00200DB064
:10A24000F0BDE06B01F0F6F90546204640F2FF3123
:10A250000022002600F030FB0020C4F6F07040EA37
:10A260008520CDE9030605A903AA20460123FCF7B2
:10A27000B5FD0DB0F0BD00BF25733A25643A6465A5
:10A280006275673A20466978696E67206D6F7665FA
:10A29000207B307825782C20307825787D20307808
:10A2A000257825730A0000002DE9F04FADB0074670
:10A2B00030300D46069000F0CBFC00284FF0000631
:10A2C00000F0608125A800F1180B85F001000890CE
:10A2D00007F148001DAC42F6EC78079004F1180035
:10A2E0000DF14C0AC0F601080025059009970EE013
:10A2F00000200B9DDDE909760C904C460C98013549
:10A300000021C00718BF0025002940F03B81012D26
:10A3100000F32F8142F2CC77C0F60107CDE90A6540
:10A3200097E86F00A146D7E906470DF1940C8CE839
:10A330006F005846CDE92B4700F0BAFF0028D7D16F
:10A340000B9DDDE9097600204C460C9038462146ED
:10A350005A46FDF7B5F818B101210646D6E000BF10
:10A360009DF8AB0078B11DAB0FCB0DF1940C8CE8D0
:10A370000F00DDE92101CDE92901DDE92301CDE966
:10A380002B010021C2E03846594615AA00F0ACF96D
:10A390008146B0F1FF3F08DC19F1020005D0012130
:10A3A0004E46002940F0B280DDE7002D40F0858068
:10A3B00019F1020000F081804FF60042384615A9DD
:10A3C000C7F6FF724B46CDF800A0FDF793FC0028BE
:10A3D0000CD4504600F06AFF5046594600F074FF16
:10A3E00050B10021002940F08D8066E00121064631
:10A3F000002940F0878060E0DDE92B3043F24145E1
:10A40000DDE91312C0F601058DE807005FA02946BB
:10A4100041F27432CDF80C8004F0ACFA069825A90C
:10A4200000F004FCC8B1386B01F004F9DDE9253215
:10A4300029460546CDE9002043F22D00C0F6010073
:10A4400041F27E32CDF8088004F094FA384640F2AA
:10A45000FF31002200F030FA01E040F2FF355046B3
:10A4600000F052FF40F2FF30281A40F20001C4F61B
:10A47000F07118BF41EA85200F90002010904FF630
:10A480000840C6F20F00CDE9110A384625A90FAAE7
:10A490000223FDF7BFFD0546504600F007FFE81E0A
:10A4A000B0FA80F00C99400901430C910421002D71
:10A4B00044BF01212E460B9D21BB6FF0010185F0A9
:10A4C000010081EA0901084318BF012008990843E7
:10A4D00002D00021D1B946E7DDE92B3043F24141FA
:10A4E00000903AA0C0F6010141F29D32CDF80480FF
:10A4F00004F040FA079A38462146FDF715FC88B16A
:10A500000121064600293FF42EAF00BF41F00400B0
:10A5100004287FF4F9AE584600F0CAFE00283FF444
:10A5200015AFEBE6B146059E304600F0EDFE9DF816
:10A530008B004FF60841C6F20F0141EA0050CDE909
:10A540000D06384625A90DAA0123FDF763FD054632
:10A55000304600F0ABFEE81EB0FA80F00C994009DE
:10A5600001430C910421002D44BF0121A9460B9DFC
:10A5700016E7069800F04CFB404241B2384600F026
:10A58000B7F9002630462DB0BDE8F08F25733A2587
:10A59000643A64656275673A20466978696E672037
:10A5A00068616C662D6F727068616E207B307825F3
:10A5B000782C20307825787D202D3E207B30782522
:10A5C000782C20307825787D25730A0025733A256C
:10A5D000643A64656275673A20466978696E6720F7
:10A5E0006F727068616E207B307825782C2030780F
:10A5F00025787D25730A0000B0B592B0044630304E
:10A6000000F046FB00283ED02546606A55F8203F02
:10A6100042F6EC7C43F24141C0F6010C00901CA0D4
:10A62000C0F6010141F2FE22CDF804C004F0A2F907
:10A630000AA920462A46FCF743FF054620BB012015
:10A64000C0F2020004F1680304900FCBA56FC0694B
:10A650000DF1140C8CE82F0004AD284600F0BCFF6F
:10A660001820C2F21000CDE902050AA902AA20466C
:10A670000123FCF7B3FB054630B920460021002535
:10A6800000F046F900E00025284612B0B0BD00BF3A
:10A6900025733A25643A64656275673A2052657796
:10A6A000726974696E67207375706572626C6F632E
:10A6B0006B207B307825782C20307825787D2573A9
:10A6C0000A00000010B50446FFF796FF00B110BD68
:10A6D0002046FFF78BFD002818BF10BD2046012142
:10A6E000FFF7E2FD10BD00002DE9F04F8BB0002513
:10A6F0001746064647F8185F012078604FF0FF3094
:10A70000CDE90800384614468A4600F0D1FD10B164
:10A710006FF0010559E04FF001084FF0010900BF4B
:10A72000384608A900F0D0FDE8BBC14507D1D4E9FF
:10A7300006014FEA48084FF00009CDE90801DAE9BF
:10A74000000140F2FF33CDE906010820C2F200000B
:10A75000CDE900054AF2D570C0F6000002903046FF
:10A7600021463A46C7F6F07305AD05960395FCF70A
:10A77000B9FE28B10546811C08BF5D4601E000BF57
:10A780005D46002818BF10F102001ED1384609F1BD
:10A79000010900F08DFD0028AB464FF00005BFD049
:10A7A0006FF0010511E043F2BE3043F2414142F641
:10A7B000EC73C0F60100C0F60101C0F6010341F2DE
:10A7C000C12204F0D7F86FF0530528460BB0BDE85E
:10A7D000F08F000070B586B006460068D2E90054DC
:10A7E000816E4FF0080CCB6904AA00F11001CDE98D
:10A7F000022C024600950194FBF784FF08B106B0D5
:10A8000070BD04AD284600F051FD311D284600F012
:10A8100039FD002818BF012006B070BD2DE9F04FAA
:10A8200083B080460020144693468A4644F8180FA9
:10A8300001254FF0FF30E94601266560CDE90000B3
:10A84000204600F035FDE0B92046494600F03CFDC9
:10A85000D0B9B54205D1DBE9060176000025CDE986
:10A8600000012046514600F00DFD00B34046594618
:10A8700022460135FCF724FE002818BF0746DFD02A
:10A8800016E06FF0010713E043F2BE3043F241419E
:10A8900042F6EC73C0F60100C0F60101C0F60103F8
:10A8A0004FF4945204F066F86FF0530700E000276D
:10A8B000384603B0BDE8F08F80B5D0F830C06FF3F4
:10A8C0009E2C4CEA812343F0804E40F2FF339942A4
:10A8D00018BF4EF07F6CC0F830C003D10021C0E932
:10A8E0000D1180BD116841635168816380BD000016
:10A8F000B0B5044654F8300F0844206020F00045FD
:10A90000204600F0A5F960F3DF752560B0BD0000BA
:10A91000026B22F4007261F3492202637047000067
:10A9200080B582B0002101914AF64511C0F60001C0
:10A9300001AA002300F00CF80199002808BF08467E
:10A9400002B080BD01460068421C00200A607047CA
:10A950002DE9F04F99B00B9142F60C01C0F60101C0
:10A96000D1E9046407939146D1E900E2D1E90237C5
:10A97000D1E906C1CDE9156404464FF0FF30CDE9B9
:10A9800017C111A9CDE90E000CA801F1180801F1B9
:10A990001C0504304FF0010A0126CDE911E2CDE992
:10A9A000133705900894CDE90358CDF8289007E0B7
:10A9B000099E01228346002A06F1010640F0228109
:10A9C000404600F075FC002840F0CD8040460EA9BE
:10A9D00000F07AFC002840F00081564506D1DDE900
:10A9E00017014FEA4A0A0026CDE90E0117990B9A82
:10A9F000484609969047002818BF834602D0012692
:10AA000012E000BF002400BFB4FA84F04FEA5016F1
:10AA100054B929590B9A48469047002804F1040478
:10AA200018BF8346F0D000BF002E40F0EB80089C9A
:10AA300011AE204631464246FCF742FD0028B7D110
:10AA4000BDF85800002800F088800825CDF818A02F
:10AA50004FF0000A0DF13009C2F2000510E000BF0E
:10AA6000012118F102000CBF0921C346092901D0B8
:10AA700000296BD1BDF858000AF1010A824564D261
:10AA80004FF6004245EA8A2320463146C7F20F02BC
:10AA9000CDF80090FDF72EF98046B0F1FF3FDFDDE5
:10AAA0004846FCF7B3F8404600F0EAFD40F20221C8
:10AAB000884213D1DDE90C300A9F00900B980021E9
:10AAC0000190204622460297FCF7D0F80DF130099C
:10AAD000A8B1012183460929CAD1CBE7B0F5007F8F
:10AAE0000BD1079848B10A9F0C990B9A38469047AA
:10AAF00048B10126012183461DE00DF130090021F6
:10AB00000929B5D1B6E7059D002400BFB4FA84F049
:10AB10004FEA501654B929590B9A384690470028E5
:10AB200004F10404F2D00121834600E00A21089CCC
:10AB30000825C2F200050DF13009002E11AE08BF44
:10AB4000002109297FF494AF94E70721DDE9035838
:10AB5000DDF818A0DDE9096901E0099E0721CA1F97
:10AB600018BF0A4627E7A66A2EB94FF0000B49E046
:10AB70003668002E44D0B0790128F9D1306B00F44A
:10AB80008810B0F5803F10D1D6E90A3006F14001B7
:10AB900000900B98224601902046CDF80890FCF7D3
:10ABA00065F8002818BF83462CD1306B00F4901054
:10ABB000B0F5003FDCD1D6E90D0306F1400100906D
:10ABC0000B98224601902046CDF80890FCF74EF8ED
:10ABD000002818BF8346CBD014E043F2BE3043F2C6
:10ABE000414142F6EC73C0F60100C0F60101C0F627
:10ABF000010341F2222203F0BDFE6FF0530B01E08E
:10AC00004FF0000B584619B0BDE8F08F70470000B8
:10AC100080B5006800F01EFDC0B280BD80B5006840
:10AC200000F022FD002818BF012080BDB0B5054608
:10AC300000680C4600F018FD38B1281D214600F0D0
:10AC400021FBB0FA80F04009B0BD0020B0BD00008B
:10AC500080B5006800F0FEFC002818BF012080BD10
:10AC6000016800291EBF012080F001007047011D0E
:10AC7000002200BF022A4FF0000038BF012004D09C
:10AC800051F822300132002BF4D080F001007047DF
:10AC900080B5006800F0DEFC410A0022B2EB502FC4
:10ACA00018BF0121084680BD10B50446006800F0B9
:10ACB000EFFC61682060084600F0EAFCA168606073
:10ACC000084600F0E5FCA06010BD0000002200BFB7
:10ACD00051F822C050F8223083EA0C0340F82230A9
:10ACE0000132032AF4D17047B0B504468166486B3F
:10ACF0000A6AE26608B1E06005E0886A00F058F888
:10AD00000028E06040D0A06E816B09B1E16104E0F1
:10AD1000806A00F04DF8E061B0B320462146FBF7B1
:10AD2000D1FD04F110012046FBF7CCFDA06EC16BF4
:10AD300009B1616604E0C06A00F03AF8606618B3D1
:10AD4000A16ED1E91035886C002B0A6D08BFFF2376
:10AD5000002D08BF6FF00045002808BF40F2FE300C
:10AD6000C4E91C35531CA067E26713D0A2B9CA6CB2
:10AD70008D6A002A08BFCA69D10800F021F801468F
:10AD8000284600F01DF806E02046FBF7C9FF6FF0EB
:10AD90000B00B0BD0020E0674FF0FF30C4E90800B1
:10ADA00004F128002C21F5F705FA0020B0BD0000C1
:10ADB00080B501F075F880BD884298BF084670479D
:10ADC000884228BF08467047826A81620A607047DD
:10ADD00050F8282F002A08BF70478A4202D0104638
:10ADE0001268F7E711680160704700002DE9F04F25
:10ADF0009BB00C46096804F11C0C1A916168D4E9F7
:10AE00000DE71991A16804F13C0B1891E168054622
:10AE10001791216908A8169161699BE8000F1591A7
:10AE2000A16914919CE84E10009480E84E500EA841
:10AE300080E8800F1A9843F241460190199842F633
:10AE4000EC7802901898C0F6010603901798C0F6A7
:10AE500001080490169831460590159841F22E721B
:10AE6000069014982B46079043F25D20C0F601002F
:10AE7000CDF84C8003F07EFD2846214600F01EF8F8
:10AE8000044606A0314641F232722346CDF80080D6
:10AE900003F070FD20461BB0BDE8F08F25733A2506
:10AEA000643A74726163653A206C66735F6D6F75A6
:10AEB0006E74202D3E20256425730A002DE9F04F85
:10AEC00099B00446FFF710FF8346002840F09981AF
:10AED00042F2EC70C0F6010090E88E00D0E9046503
:10AEE000D0E906C00DF1440E4FF600488EE88E0002
:10AEF000CDE917C011AF4FF0FF30C7F6FF78CDE9AD
:10AF0000156507F11806CDE90E0004F130004FF089
:10AF100001094FF0010A4FF0000B04900FE000BF51
:10AF2000049A20463946FCF7FFFE8346002818BFE6
:10AF300001208100002909F1010940F01481304607
:10AF400000F0B6F9002840F0118130460EA900F05B
:10AF5000BBF9002840F04081D14507D1DDE9170158
:10AF60004FEA4A0A4FF00009CDE90E0143F24A4088
:10AF7000C0F601000C9008200D900820C0F6F0707B
:10AF800000900020019047F69D40C0F6000002901E
:10AF900020463946324643460BAD0B940395FCF7E9
:10AFA000A1FA002854D405ADBAD000F047FB002820
:10AFB000B6D1DDE911011823C4E90801204639465C
:10AFC0004246C2F210030095FCF794FE002842D4DA
:10AFD000284600F0FFFA05980221B1EB104F1FFA46
:10AFE00080F83CD1B8F1020F39D2B8F1000F16D178
:10AFF00002200190012043F241413D4642F6EC77A8
:10B00000029082A0C0F6010141F27F120223C0F635
:10B010000107CDF8008003972F4603F0ABFCB8FA88
:10B0200088F041092046FFF773FC089B4FF6004863
:10B03000C7F6FF78BBB3206F834233D943F2414157
:10B04000009081A0C0F6010141F28A127AE000BFAF
:10B05000042183466EE70421002283467FE0030C2F
:10B06000022001900120029043F28D3043F24141D1
:10B070003D4642F6EC77C0F60100C0F6010141F210
:10B080007012C0F60107CDF8008003972F4603F039
:10B0900071FC4FF600486FF0150B04210022C7F633
:10B0A000FF785CE02367099B7BB1606F83420BD91B
:10B0B000009043F2CE0043F24141C0F60100C0F6D9
:10B0C000010141F295123DE063670A9BA3B1A06FB5
:10B0D00083420BD9009043F2FD0043F24141C0F698
:10B0E0000100C0F601014FF48D522BE0E06F1946CC
:10B0F000A367FFF765FEE067A06E016A71B1079B69
:10B100008B420BD0009143F29F0043F24141C0F6C5
:10B110000100C0F6010141F2AF1213E0DDE9063192
:10B12000E166C069834202D10021012217E000904C
:10B1300043F2710043F24141C0F60100C0F6010143
:10B1400041F2B812BC4642F6EC77C0F6010701970F
:10B15000674603F00FFC6FF0150B04210022002A54
:10B160007FF4DEAEE6E6042948D04AE0049D284696
:10B17000FFF776FDA8B9D4E90C30A16B42F6EC7765
:10B18000CDE9000143F20B4043F24141C0F601001A
:10B19000C0F6010141F2CA12C0F60107029703F09E
:10B1A000E9FB266B304600F051FA80F00100E16ABD
:10B1B000E26E30442063B1FBF2F02B6800FB12100A
:10B1C000D5E9011260652046E363C4E91012FBF77C
:10B1D00029F94FF0000B14E043F2BE3043F2414135
:10B1E00042F6EC73C0F60100C0F60101C0F601039F
:10B1F00041F23D1203F0BEFB6FF0530B204600F00E
:10B2000049FA584619B0BDE8F08F00BF25733A25BA
:10B21000643A64656275673A20466F756E64206FA4
:10B220006C646572206D696E6F72207665727369E9
:10B230006F6E207625642E2564203C207625642EB2
:10B24000256425730A00000025733A25643A657267
:10B25000726F723A20556E737570706F7274656498
:10B26000206E616D655F6D617820282575203E2018
:10B2700025752925730A00000138B0FA80F0C0F165
:10B280002000704703680A68934204BF002070479B
:10B29000D0F804C0496800208C4518BF8B4200D10B
:10B2A0007047BCEB020018BF0120704770470000D8
:10B2B000016801310FBF012040680130B0FA80F011
:10B2C00018BF40097047000080B50368D1F800E05E
:10B2D000734506D1D0F804C04A68944504BF0120E4
:10B2E00080BD49688B421CBF002080BD4068A0EB38
:10B2F0000E00B0FA80F0400980BD0000D0E90021C6
:10B30000C0E900127047000010B50446006800F064
:10B31000BFF961682060084600F0BAF9606010BDAE
:10B320004FF0553101EA5001401A4FF0333101EA34
:10B33000900120F0CC30084400EB101020F0F030E9
:10B340004FF001314843000E70470000F0B583B064
:10B3500043F24146054642F6EC77C0F601060C463C
:10B36000C0F6010700910CA0314641F24B722B460A
:10B37000019703F0FFFA2846214600F033F804460F
:10B380000FA0314641F24F722346009703F0F2FAC4
:10B39000204603B0F0BD00BF25733A25643A7472AD
:10B3A0006163653A206C66735F72656D6F766528C0
:10B3B00025702C20222573222925730A0000000005
:10B3C00025733A25643A74726163653A206C66733A
:10B3D0005F72656D6F7665202D3E20256425730AAA
:10B3E000000000002DE9F04399B004461891FFF7E2
:10B3F00069F9074618B1384619B0BDE8F08310A9BD
:10B4000018AA20460023FCF775FB07460028F2D453
:10B41000384600F00FF9064640F2FF30864202D16E
:10B420006FF01507E7E7A06A0690384600F028F9A4
:10B430008046022821D10820C2F200004FF60042C7
:10B4400040EA862304AF10A9C7F20F0220460097F6
:10B45000FCF750FC00280CD404AF3846FFF726FF59
:10B460000DF1180909F1080120463A46FCF728F8C1
:10B47000A8B307460025002DBDD00020C4F6F0700B
:10B4800040EA862002900020039010A902AA2046DC
:10B490000123FBF7A3FC07460698002FA062AAD160
:10B4A000B8F1020F19D120464FF0FF31FFF720FA13
:10B4B00006A800F1080510AA20462946FFF7AEF9B4
:10B4C0000746002897D110A920462A46FBF7D0FF4F
:10B4D0000746002808BF00278DE700278BE7BDF847
:10B4E000340010B16FF02607C4E79DF8370000253F
:10B4F00010B16FF02607BEE720460121FFF7F8F9EB
:10B500008DF81E50ADF81C500125C4F82890B2E704
:10B51000401A7047B0B5054600200C4602F018FAF4
:10B52000E9694FF48052614302F032F90020B0BD66
:10B5300010B501464BF2A5504BF2795EC0F6000003
:10B54000C0F6000E4BF215534BF2D15C1022C1E94C
:10B55000010E4FF4FA70C0F60003C0F6000C4FF471
:10B560008054C1E909020020C1E9033CC1E9052278
:10B57000C1E90744CA6210BD2DE9F041DDF8188029
:10B58000074600201C4615460E4602F0E1F9F9690F
:10B59000424601FB0651234602F0E8FB0020BDE8CD
:10B5A000F08100002DE9F041DDF818800746002009
:10B5B0001C4615460E4602F0CBF9F969424601FBDE
:10B5C0000651234602F056FA0020BDE8F081000043
:10B5D000002070477047000010B50446006800F076
:10B5E00057F861682060084600F052F8A168606072
:10B5F000084600F04DF8E168A060084600F048F801
:10B600002169E060084600F043F86169206108465E
:10B6100000F03EF8606110BDC0F3075070470000B5
:10B6200010B5044600F00AF8204400F013F8043086
:10B6300010BD0000C0F38920704700006FF39F2009
:10B64000A0F2FF30B0FA80F040097047C043C00F4D
:10B65000704700006FF39F207047000080B5FFF730
:10B66000DBFF40B280BD00004FF4E06101EA105002
:10B67000704700004FF4F06101EA1050704700007D
:10B68000C0F30A507047000080B5FEF7ADFD80BDE5
:10B690007047000080B5FBF743FB80BD82B002F02D
:10B6A0009FFD02F09FFFF9F70BF9010EC0F307426F
:10B6B000C0F307236CA003F05DF9002000F0A4FCA8
:10B6C000014675A003F056F9012000F09DFC0146EB
:10B6D00075A003F04FF9022000F096FC014676A019
:10B6E00003F048F9032000F08FFC014676A003F038
:10B6F00041F9F8F757F8F8F759F9F8F7D7F802F0E1
:10B7000029FC02F003FC02F06DFC02F045FCF6F7A8
:10B7100079FF02F027F941F27C34C2F2000420469E
:10B72000FFF706FF41F24460C2F200002146FFF736
:10B730005DFB90B168A003F0F9FD41F2446441F271
:10B740007C35C2F20004C2F2000520462946FEF70D
:10B750006DFC20462946FFF749FB01F069F801F02E
:10B7600021F8F8F7D5FBF8F70FFD40F29824C2F264
:10B770000004D4F80600F8F707FB02F003FFD4F842
:10B7800002004FF4E1314FF4E13202F08DFDF8F7A1
:10B79000BBFEFAF7C7FCFAF763FCF9F7D3FA01F03E
:10B7A000EDFCFF20F6F78CFDF7F732FDFAF734FDDC
:10B7B000E089A0B14EF6602140F2D02400FB01F2F6
:10B7C000C2F2000442F6B5710225C0F6000120461F
:10B7D00000230095F6F748FB2046F6F78DFB40F274
:10B7E000B024C2F2000444F691610225C0F60001C3
:10B7F000204640F6B83200230095F6F735FB204688
:10B80000F6F77AFBF5F7A8FD4FF4FA70F8F7E4FDC8
:10B81000F5F7F0FE4FF4FA70F8F7DEFD0120F5F7CA
:10B8200053FF4FF4FA70F8F7D7FD01F05BFE4FF4C9
:10B83000FA70F8F7D1FDF6F785F84FF4FA70F8F7DB
:10B84000CBFDF5F785FE00BFF9F7D6FBF6F7BEF89E
:10B8500000F0F6F9F6F72EFB00F008FAF8F76EF9AB
:10B8600001F0A2FBF0E700BF0D0A47443332463136
:10B87000307820736572696573206669726D7761CF
:10B8800072652076657273696F6E3A205625642E54
:10B8900025642E25640000000D0A434B5F53595365
:10B8A00020697320256400000D0A434B5F41484224
:10B8B00020697320256400000D0A434B5F4150420C
:10B8C00031206973202564000D0A434B5F415042CB
:10B8D00032206973202564006C66735F6D6F756E2E
:10B8E00074206661696C65642100000080B582B0D7
:10B8F000D8B192B390F835004FF0040C00284FF007
:10B90000000E4FF0000008BF4FF0030C6FEA0E036B
:10B910006344DB0021FA03F3013002F80E305FFAD2
:10B9200080FEF445F2D802B080BD43F6430C43F2EA
:10B93000517043F2CD5243F2BB73C0F6010CC0F616
:10B940000100C0F60102C0F6010340F2F331CDF868
:10B9500000C002F045F800BFFEE743F6430C43F297
:10B96000517043F2CD52C0F6010CC0F60100C0F692
:10B97000010204A34FF47D71CDF800C002F030F84D
:10B98000FEE700BF617272617900000080B54FF47C
:10B99000C06000F039F803200121002200F002F815
:10B9A00080BD000070B515464EF60C52CEF2000276
:10B9B00012680E4602F4E061A1F54071B1F5A06F86
:10B9C000044601D2080A04E04FF4A06000F01CF81D
:10B9D000022006FA00F1C0F104000F2222FA00F062
:10B9E000284008434EF20011CEF200010001621817
:10B9F00082F8000304F01F00012202FA00F0621135
:10BA000041F8220070BD000040F080604EF60C51FD
:10BA100040F0FD70CEF20001086070474FF6807272
:10BA2000C1F6FF72114008434EF60851CEF20001F4
:10BA30000860BFF34F8F70472DE9F04F83B0C0B15E
:10BA40009946174683460D46012B02D0B9F5807FF3
:10BA500025D19BF83400B0B3DBF81000791981428E
:10BA600047D943F27D50C0F6010001F0E1FF052403
:10BA70009BE043F2997743F2517043F2CD5243F287
:10BA8000BB73C0F60107C0F60100C0F60102C0F6A4
:10BA9000010340F27521009701F0A2FFFEE743F297
:10BAA000997743F2517043F2CD52C0F60107C0F6C8
:10BAB0000100C0F601023FA340F27721009701F098
:10BAC0008FFF00BFFEE743F2997743F2517043F2D4
:10BAD000CD5243F2C973C0F60107C0F60100C0F6AB
:10BAE0000102C0F6010340F27921009701F078FFCE
:10BAF000FEE7DBF828100BF1200409B12046884747
:10BB0000002F02943DD00C9E41F2E47AC2F2000A6A
:10BB10005846012101F01AFDA8BB5246022002F846
:10BB2000010B58462946FFF7E1FE9BF83500052436
:10BB30000028B5FBF9F008BF042400FB09F0401B06
:10BB400009EB0008474598BFB8460AEB04003146A8
:10BB50004246F4F716FBDBF824C0029808EB040217
:10BB60005146002300240094E04770B9584602F083
:10BB7000DBFD044680B9B7EB080745444644C7D10E
:10BB80000AE0002408E0044606E0044643F2A3501D
:10BB9000C0F6010001F04CFF5846002101F0D6FC30
:10BBA000DBF82C1009B102988847204603B0BDE8A5
:10BBB000F08F00BF77726974655F6772616E203DB8
:10BBC0003D2031207C7C2077726974655F677261EB
:10BBD0006E203D3D203235360000000010B500BF1C
:10BBE00003782BB13D2B03D001F8013B0130F7E77F
:10BBF0004FF0000C81F800C001783D39B1FA81F1B5
:10BC00004FEA511E10F80E3063B1002153540EEB71
:10BC1000010303445B784C1C002B2146F6D102F84B
:10BC200004C010BD002402F804C010BD47F200009B
:10BC3000C4F20000016841F48071016070470000A7
:10BC400080B584B001F080FA41F2DC51C2F200010B
:10BC50000A1DCB1C01F1050CCDE900324A1C8B1CDE
:10BC6000CDF808C0F8F7F4FA04B080BD2DE9F04F24
:10BC700081B00120F8F728FE83460020F8F724FE63
:10BC80009BF8041405460BF2044859B1BBF80014A4
:10BC90009BF805245846F6F797F800281CBF0020AB
:10BCA00088F8000098F8000018B14FF001095D46CF
:10BCB00007E095F804044FF00009002854D005F27D
:10BCC0000448B5F800A4BAF1000F18BF002D02D146
:10BCD00001B0BDE8F08F26A0514602F04BFECAF13C
:10BCE00000064FF0FF3426A728194178384602F0A5
:10BCF00041FE013430190130F6D10A2003F010FB67
:10BD0000BAF1180F08D22AA003F010FB002088F81F
:10BD1000000001B0BDE8F08F287965281BD1287894
:10BD2000252818D16878252815D1288A183050453B
:10BD300011D1687A012898BF8BF805049BF8051487
:10BD400015A002F017FEA87B5FFA89F32946524638
:10BD5000F8F758FBDAE7002088F800000AA003F0A3
:10BD6000E5FA01B0BDE8F08F4FF0000A0025AAE720
:10BD700020726376206C656E74683A2025640A0030
:10BD800030782530327820007061636B65742065EF
:10BD900072726F720D00000052533438355F627555
:10BDA00066662D3E736F757263653A25640D0A00F1
:10BDB0006E6F7420656E6F756768207061636B6568
:10BDC00074206C656E677468200D000042F20C10E0
:10BDD000C2F20000C21D22F0070210F0070CA0EB17
:10BDE000020318BF10464BF62412C2F200020021D3
:10BDF000C2E900014FF41842BCF1000F18BF03F56F
:10BE000018420244083A41F6EC0322F00702C2F25B
:10BE100000031A60C2E90011111A1A68C0E9002172
:10BE20004BF61810C2F2000001604BF61410C2F27B
:10BE3000000001604BF61010C2F2000001210170F9
:10BE40007047000080B54BF62412C2F2000200BF1A
:10BE5000114612688242FBD3D1F804C001EB0C03F7
:10BE6000834203D14068604448600846D0F804C06B
:10BE700000EB0C03934201D013460BE041F6EC03B8
:10BE8000C2F200031B689A4204D0D2E9003E0EEBD6
:10BE90000C0242608142036018BF086080BD000050
:10BEA0002DE9F04141F6EC06C2F200063168044685
:10BEB000002908BFFFF78AFF4BF61015C2F20005F4
:10BEC0002878002818BF4FF00040204264D104F1C8
:10BED0000801092901D2002108E014F0070005D06B
:10BEE000081A0830884298BF002001464BF6141803
:10BEF000C2F20008D8F800004A1E82424CD24BF62B
:10BF00002410C2F200000468274657F8042F8A4222
:10BF100011D223685BB100BF1F4657F8042F20469B
:10BF20001C468A4207D22368002BF5D103E04BF66A
:10BF30002410C2F2000033689C422DD006682368AA
:10BF4000521A112A036004D3601842603960FFF767
:10BF500079FF4BF618113868D8F80020C2F20001BA
:10BF60000B68121A9A42C8F8002038BF0A60297874
:10BF70003A6800294FF0000118BF42F000422160EA
:10BF80004BF61C11C2F200010B6806F108003A6082
:10BF90005A1C0A60BDE8F0810020BDE8F081000075
:10BFA00041F20401C4F202010A6843F6FF73CEF6BF
:10BFB000FF73042802EA03023EBF42EA80320A60AD
:10BFC0007047052801D0072808D14CF20003CEF6AF
:10BFD000FE7303EA8030104340F080520A607047DD
:10BFE00041F22000C4F20200016821F480310160B6
:10BFF0007047000041F22000C4F20200016841F4E1
:10C00000803101607047000010B541F20402C4F2B3
:10C0100002021368014603F00C00082841F20020D8
:10C02000C0F27A0019D1136840F6001CDB03C0F29D
:10C030003D0C03D513689B0358BF844610681368F2
:10C04000C0F3834E102000EAD350704401230F2820
:10C0500038BF0223184400FB0CF01368D2F800C06C
:10C06000146803290DD8C3F303130EA2D25C0FF298
:10C07000440E20FA02F3DFE801F01302060D184621
:10C0800010BD002010BDCCF302201EF8000023FAE2
:10C0900000F010BDC4F3C2201EF8000023FA00F027
:10C0A00010BD00BF000000000000000001020304FA
:10C0B00006070809000000000102030480B540F2F1
:10C0C000046000F097F840F2096000F093F84FF434
:10C0D000A06000F08FF80320FFF762FF80BD000032
:10C0E00041F200028109C4F20202895800F01F00E7
:10C0F00021FA00F000F001007047000041F2000357
:10C1000000F01F018009C4F202034FF0010CC25875
:10C110000CFA01F11143C15070470000B0B501465F
:10C1200017284FF0000017DDB1F5106F2AD0B1F5D8
:10C13000006F38D0182918BFB0BD4FF6FE75C0F299
:10C140000F0519241920FFF7CBFF691EA9424AD217
:10C1500000280D46F6D046E0C9B3102949D14FF664
:10C16000FE7400BF1120FFF7BBFF611EA14202D287
:10C1700000280C46F6D01120FFF7B2FF002818BFA8
:10C180000120B0BD4FF6FE75C0F20F0540F6011458
:10C1900040F60110FFF7A4FF691EA94223D2002830
:10C1A0000D46F5D01FE04FF6FE70C0F20F0000F113
:10C1B0007C7540F6010400BF40F60100FFF790FFD8
:10C1C000691EA9420FD200280D46F5D00BE040F2BF
:10C1D000FF4501240120FFF783FF691EA94202D217
:10C1E00000280D46F6D02046FFF77AFF002818BF3A
:10C1F0000120B0BD41F2000300F01F018009C4F22C
:10C2000002034FF0010CC2580CFA01F11143C15066
:10C210007047000041F2000300F01F018009C4F2E2
:10C2200002034FF0010CC2580CFA01F122EA01019D
:10C23000C150704741F2000300F01F018009C4F2B1
:10C2400002034FF0010CC2580CFA01F11143C15026
:10C250007047000041F22001C4F202010A6822F492
:10C26000407210430860704710B586B00C4600213C
:10C270000591049150B1F4B104AA0821082300F0FB
:10C28000CDFC70B336A001F0D3FB52E043F60F644F
:10C2900043F6E95043F2CD5243F2BB73C0F60104BA
:10C2A000C0F60100C0F60102C0F601039621009419
:10C2B00001F096FBFEE743F60F6443F6E95043F2C4
:10C2C000CD5243F61463C0F60104C0F60100C0F677
:10C2D0000102C0F601039721009401F081FB00BF29
:10C2E000FEE79DF812C0BDF814E09DF816009DF819
:10C2F00010309DF811209DF813104EEA004EBCF14D
:10C30000020F2370627084F802C0E170C4F804E088
:10C3100007D343F6AA20C0F60100614601F088FB6E
:10C3200007E0082908D843F62250C0F6010001F0C2
:10C330007FFB002006B010BDCDE900C243F6E950F6
:10C3400043F6A2120291C0F60100C0F60102AF212D
:10C35000CDF80CE001F044FB012006B010BD00BF99
:10C360004572726F723A2043616E27742072656164
:10C3700064204A4544454320626173696320666CCA
:10C3800061736820706172616D65746572206865A3
:10C39000616465722E0000002DE9F04F8DB00E46ED
:10C3A0004D68804604A82421F3F704FFB8F1000F7C
:10C3B00010D026B304AC404629462246242300F080
:10C3C0002DFC90B3D8A001F033FB002528460DB01A
:10C3D000BDE8F08F43F6FE5743F6E95043F2CD52E5
:10C3E00043F2BB73C0F60107C0F60100C0F60102BC
:10C3F000C0F60103C221009701F0F2FAFEE743F60E
:10C40000FE5743F6E95043F2CD5243F61463C0F6AB
:10C410000107C0F60100C0F60102C0F60103C32106
:10C42000009701F0DDFA00BFFEE743F6E959C0F6D8
:10C430000109CBA24846CB2101F0D2FAD2A248464C
:10C44000CC2101F0CDFA43F6B75A261F0127C0F6DA
:10C45000010A00BF16F8045F3B467078B178F278A5
:10C460000290CDE900214846CF215246039501F0C4
:10C47000B7FA01370A2FEDD19DF810009DF8113061
:10C4800000F00300032888F84B3010D001282DD18C
:10C49000012088F84A0043F6E95043F62412C0F61A
:10C4A0000100C0F60102D72101F09AFA0DE0002048
:10C4B00088F84A0043F6E95043F60032C0F601001E
:10C4C000C0F60102DB2101F08BFA9DF81000400755
:10C4D00014D40120A8F8480043F6E95043F6A532E9
:10C4E000C0F60100C0F60102E62114E043F66950EF
:10C4F000C0F6010001F09CFA002567E74FF4807058
:10C50000A8F8480043F6E95043F60B42C0F6010094
:10C51000C0F60102EA2101F063FA9DF8100000075D
:10C520000CD4012088F84C0043F6E95043F67732EA
:10C53000C0F60100C0F60102F5212CE0002088F8C9
:10C540004C0043F6E95043F63332C0F60100C0F622
:10C550000102FA2101F044FA9DF81000C0060DD442
:10C56000502088F84D0043F6E95043F63442C0F6B7
:10C570000100C0F601024FF480710CE0062088F83B
:10C580004D0043F6E95043F6AB42C0F60100C0F659
:10C59000010240F2051101F023FA9DF81200C0F3E8
:10C5A0004100022811D001281ED000284ED10120C0
:10C5B000A8F84E0043F6E95043F6DB32C0F601001E
:10C5C000C0F6010240F20F111CE04FF48070A8F891
:10C5D0004E0043F6E95043F6F332C0F60100C0F6D0
:10C5E000010240F219110DE040F20110A8F84E00CE
:10C5F00043F6E95043F6C232C0F60100C0F601022C
:10C600004FF48A7101F0ECF99DF816209DF817306F
:10C610009DF8151012049DF8140042EA036242EAE4
:10C6200001211A06084403D4012101EBD0031BE0C9
:10C6300020F00040242813D343F62D200025C0F617
:10C640000100C8F8505001F0F3F9BFE643F65B0073
:10C650000025C0F60100A8F84E5001F0E9F9B5E652
:10C660000338012101FA00F343F6E959C0F6010944
:10C6700043F6A052C0F60102484640F23111C8F814
:10C68000503001F0ADF943F6661B00254FF0010A6A
:10C69000C0F6010B002602E00135042D17D004EB93
:10C6A0004500017F0029F7D0F2B2477F0AFA01F175
:10C6B00008EBC202516582F858708B0A48464FF465
:10C6C0009C715A46009701F08BF90136E4E74FF070
:10C6D000000C04E00CF1010CBCF1040F20D008EBBD
:10C6E000CC02114651F8543F002BF3D0BCF1020F9D
:10C6F000F0D85832634602E00133032BEAD008EB4E
:10C70000C307FE6D002EF7D00D68B542F4D914783A
:10C7100097F860000E601070FD6587F86040EBE7E9
:10C72000012588F8445051E65761726E696E673A88
:10C730002043616E27742072656164204A45444538
:10C740004320626173696320666C61736820706165
:10C7500072616D65746572207461626C652E000093
:10C760004A4544454320626173696320666C617386
:10C770006820706172616D65746572207461626CAD
:10C780006520696E666F3A004D53422D4C5342202E
:10C790002033202020203220202020312020202063
:10C7A00030000000B0B541F2446041F2805142F6E1
:10C7B0001A42C2F20000C2F20001C0F6010240F2C9
:10C7C0000313FCF76BFE002818BFB0BD41F24460B4
:10C7D00041F28051C2F20000C2F20001FDF76AFA94
:10C7E000C8B141F2446441F28055C2F20004C2F281
:10C7F000000520462946FDF75FF941F20862C2F2C2
:10C800000002204629462823FDF71AF8204629462B
:10C81000FCF7CEFBB0BD41F2446041F28051C2F260
:10C820000000C2F20001FCF7C3FB01F0D5FFB0BD70
:10C83000B0B586B002F002F841F2446041F2D8414E
:10C8400042F62642C2F20000C2F20001C0F6010226
:10C8500040F20313FCF722FE08B106B0B0BD41F26E
:10C86000446041F2D841C2F20000C2F20001FDF77B
:10C8700021FA002848D041F2446441F2D845C2F27E
:10C880000004C2F2000520462946FDF715F96A4664
:10C89000204629461723FCF7D3FF40F20C22C2F2B0
:10C8A0000002204629461823FCF7CAFF20462946E5
:10C8B000FCF77EFB40F29820C2F20000417C9DF81C
:10C8C000112091422AD810D1837C9DF81250AB429E
:10C8D00024D8914209D1817C9DF81220914204D143
:10C8E000C17C9DF81320914218D89DE82E00049C2D
:10C8F00080E80E00BDF81410C56081829DF8161006
:10C900000461817506B0B0BD41F2446041F2D84186
:10C91000C2F20000C2F20001FCF74AFB01F08EFFF8
:10C9200006B0B0BD2DE9F04381B032B141F6F00060
:10C93000C2F200000025056019E00C46054641F2F0
:10C94000446041F22C5142F60A42C2F20000C2F2A7
:10C950000001C0F601020123FCF7A0FD58B141F629
:10C96000F000C2F20000002101604FF0FF352846C0
:10C9700001B0BDE8F08341F6F008C2F20008D8F833
:10C980000000811C2FA0C8F8001001F0F3FF41F255
:10C99000446641F22C57D8F80020C2F20006C2F2D9
:10C9A00000073046394600234FF00009FDF7DAF85A
:10C9B000304639462A462346FCF742FF0546B0F189
:10C9C000FF3F11DDA54224D1D8F8000041F22C51DF
:10C9D0002044C8F8000041F24460C2F20000C2F2F4
:10C9E0000001FCF7E5FAC2E741F24464C2F2000438
:10C9F00041F22C51C2F200012046FCF7D9FA42F66E
:10CA00000A41C0F601012046FEF7A0FCC8F80090DC
:10CA1000ADE741F24464C2F2000441F22C51C2F28B
:10CA200000012046FCF7C4FA42F60A41C0F60101B3
:10CA30002046FEF78BFC0020C8F800006FF00105CF
:10CA400095E700BFC0FACAB7CAFDBEDDB6C1C8A12E
:10CA5000C6ABD2C66C66735F7365656B3A25640AB4
:10CA600000000000F0B581B041F2446041F22C5169
:10CA700042F60A42C2F20000C2F20001C0F6010210
:10CA80000123FCF70BFD40B141F6F400C2F20000B7
:10CA9000002101604FF0FF3446E041F6F406C2F297
:10CAA0000006316822A001F065FF41F2446441F2C2
:10CAB0002C553268C2F20004C2F200052046294615
:10CAC00000230027FDF74EF80DF10202204629460B
:10CAD0000223FCF7B5FE022812D13068BDF802101F
:10CAE00008440230306041F2446041F22C51C2F2FD
:10CAF0000000C2F20001FCF75BFABDF8024013E04F
:10CB000041F24465C2F2000541F22C510446C2F2E2
:10CB1000000128463760FCF74BFA42F60A41C0F69E
:10CB200001012846FEF712FC204601B0F0BD00BF0F
:10CB3000C0FACAB7CAFDBEDDB3A4B6C8C6ABD2C67A
:10CB40006C66735F7365656B3A25640A00000000CC
:10CB5000B0B584B0A0B105469F216C6A20308DF835
:10CB60000F104FF0030C0DF10F0103AB0122CDF8B4
:10CB700000C0A0470446B0B119A000F059FF2BE057
:10CB800043F2517043F2CD5243F2BB731FA5C0F67E
:10CB90000100C0F60102C0F601034FF45A7100957E
:10CBA00000F01EFFFEE79DF80C309DF80D009DF88B
:10CBB0000EC02B73687385F80EC0009043F251705D
:10CBC00043F29642C0F60100C0F6010240F2713114
:10CBD000CDF804C000F004FF204604B0B0BD00BF93
:10CBE0004572726F723A205265616420666C61739F
:10CBF0006820646576696365204A45444543204959
:10CC000044206572726F722E0000000072656164CC
:10CC10005F6A656465635F696400000080B584B025
:10CC20009C4613465A228DF80B200A0C8DF80C20D6
:10CC30000A0A8DF80D20FF228DF80E108DF80F20B6
:10CC400088B1B1F1807F26D2CBB3D0F824E0BEF119
:10CC5000000F48D020300DF10B010522CDF800C0A7
:10CC6000F04704B080BD43F6DA5C43F6E95043F286
:10CC7000CD5243F2BB73C0F6010CC0F60100C0F602
:10CC80000102C0F601034FF4AD71CDF800C000F011
:10CC9000A7FE00BFFEE743F6DA5C43F6E95043F235
:10CCA000CD52C0F6010CC0F60100C0F6010218A377
:10CCB00040F25B11CDF800C000F092FEFEE743F6B3
:10CCC000DA5C43F6E95043F2CD52C0F6010CC0F6EF
:10CCD0000100C0F6010216A34FF4AE71CDF800C0FA
:10CCE00000F07EFEFEE743F6DA5C43F6E95043F2DD
:10CCF000CD52C0F6010CC0F60100C0F6010208A337
:10CD000040F25D11CDF800C000F06AFEFEE700BF02
:10CD100061646472203C20314C203C3C2032340061
:10CD2000666C6173682D3E7370692E777200000027
:10CD3000726561645F6275660000000010B584B0C2
:10CD4000044600200390029064B184F8440002AAD3
:10CD5000204600210823FFF761FFB0B12AA000F0B0
:10CD600067FE3FE043F6E95043F2CD5243F2BB7316
:10CD70003DA4C0F60100C0F60102C0F601036D211A
:10CD8000009400F02DFE00BFFEE79DF80800532838
:10CD90001DD19DF80900462819D19DF80A004428A4
:10CDA00015D19DF80B00502811D19DF80D309DF83C
:10CDB0000C20022B84F8462084F8453015D343F626
:10CDC0007220C0F60100194600F032FE0AE043F678
:10CDD000E95043F67C02C0F60100C0F601027A2158
:10CDE00000F0FEFD002004B010BD9DF80E4043F69B
:10CDF000E9500092C0F601000BA28421019400F0DA
:10CE0000EFFD012004B010BD4572726F723A2043ED
:10CE1000616E277420726561642053464450206817
:10CE200065616465722E0000436865636B2053463C
:10CE3000445020686561646572206973204F4B2EF1
:10CE40002054686520726576657273696F6E20691B
:10CE500073205625642E25642C204E504E20697375
:10CE60002025642E00000000726561645F736664B3
:10CE7000705F6865616465720000000081B041F216
:10CE8000D03CC2F2000C9CF800201F2A82BF4FF059
:10CE9000FF3001B07047531C8CF8003041F2D43C95
:10CEA000C2F2000C0CEBC2030CF83200BDF801001A
:10CEB0009DF80320A3F80100DA705960002001B04A
:10CEC000704700002DE9F04182B0D0B1044600F176
:10CED00020066620656A0DF106078DF806004FF002
:10CEE00000083046394601220023CDF80080A847CB
:10CEF000D8B1054643F22150C0F6010000F098FD7C
:10CF00003AE043F2517043F2CD5243F2BB7323A790
:10CF1000C0F60100C0F60102C0F601034FF45271E1
:10CF2000009700F05DFD00BFFEE7204601F0FCFB2E
:10CF3000791C9920676A8DF807003046012200238A
:10CF4000CDF80080B847054638B165B143F22150AD
:10CF5000C0F6010000F06CFD0EE0204601F0E4FB9D
:10CF60000546002DF2D143F25170C0F6010004A233
:10CF700040F25B3100F034FD284602B0BDE8F0819C
:10CF8000466C6173682064657669636520726573B9
:10CF9000657420737563636573732E0072657365C2
:10CFA0007400000070470000F0B583B041F24066A5
:10CFB000C2F20006307838B3FFF754FD002825DDB3
:10CFC00085B22846FEF76CFF29460022044600275A
:10CFD000FFF7A8FCB0F1FF3F34DD05F11800FEF7C4
:10CFE0005FFF064600200021082233460094019589
:10CFF000F7F78CFB0146304600F03EF8204601F082
:10D0000067FB304601F064FB03B0F0BD002518203B
:10D010003570FEF745FF0446002000210822234614
:10D0200000950195F7F772FB0146204600F024F8C1
:10D03000204601F04DFB002000210122FFF772FC89
:10D0400003B0F0BD18203770FEF72AFF0546002018
:10D05000002108222B4600970197F7F757FB01465E
:10D06000284600F009F8284601F032FB204601F07E
:10D070002FFB03B0F0BD00002DE9F04140F60008A1
:10D08000C4F201080D46064640464FF48071012265
:10D09000F7F7BEFD7DB1002408F54057384607215B
:10D0A00001F036FA0028F9D0315D384601F0DAF99E
:10D0B0000134AC42F2D10A20F7F78EF940464FF422
:10D0C00080710022F7F7A4FDBDE8F08180B540F241
:10D0D0001B70FFF78FF840F21C70FFF78BF8FEF71C
:10D0E000A5FDF6F725FD4FF40060FFF707F84FF4B4
:10D0F0000060FFF713F84FF48070FFF7ABF840F6CD
:10D100000F00FFF777F800F0E5F800F0CBF800F03B
:10D11000C9F847F6FF7000F0CDF800F0C3F880BD05
:10D1200042F60400C4F20000016841F01001016001
:10D130007047000042F60400C4F20000016821F0CC
:10D14000100101607047000042F61800C4F20000B0
:10D150004168006841EA00407047000010B504468D
:10D16000FFF7DEFF42F61801200CC4F20001086050
:10D17000A0B24860FFF7DEFF10BD0000B0B54AF274
:10D18000A555FEF703FC41F22000C4F2020000683E
:10D1900040F2EC24C0F30120C2F200042060012020
:10D1A000F6F792FCA84208D1206830B140F61B1077
:10D1B000FEF796FFB8B117A01BE02EA002F0B6F85C
:10D1C00042F62F40C0F6010001F0D4FBFFF77EFFCE
:10D1D0002EA001F0CFFB01F019F801204AF2A55171
:10D1E000F6F78CFCB0BD40F61C10FEF779FF10B1CD
:10D1F00010A001F0BFFB40F21C70FEF7FBFFFEF732
:10D2000015FD14A001F0B6FB00F064F800F04AF838
:10D21000B0BD00BF0D0A0A20506F776572204F6EB7
:10D22000205265736574206F636375727265642E36
:10D230002E2E2E000D0A0A2045787465726E616CE0
:10D24000205265736574206F636375727265642E16
:10D250002E2E2E000D0A204E6F206E656564207400
:10D260006F20636F6E666967757265205254432E36
:10D270002E2E2E000D0A54686973206973206120D8
:10D280005254432064656D6F210D00000D0A205239
:10D29000544320636F6E666967757265642E2E2E27
:10D2A0002E00000042F60400C4F200000168890666
:10D2B000FCD5704710B50446FFF732FF42F608016F
:10D2C000C4F30340C4F200010860A0B24860FFF755
:10D2D00031FF10BD42F60400C4F20000016821F0E5
:10D2E0000801016001680907FCD5704770B582B07C
:10D2F00041F24266C2F200060C463178054621A092
:10D3000001F038FB307828B128462146F6F790FC2A
:10D3100002B070BD0120F7F7D7FA90F80514064661
:10D320001FA001F027FB96F8050498B122A025A1C3
:10D330002A4623460094F4F7BFFA40F24830C2F27E
:10D34000000090F80802022819D020A001F0EEFF9A
:10D3500002B070BD42F6A840C0F6010022A12A46E4
:10D3600023460094F4F7A8FA40F24830C2F20000D5
:10D3700090F80802022802D014A001F0D7FF02B0F2
:10D3800070BD00BF69735F7472616E7370617265A6
:10D390006E745F6D6F64653A25640D0A00000000CD
:10D3A00052533438355F627566662D3E736F757201
:10D3B00063653A25640D0A0041542B574653454E88
:10D3C00044000000302C25642C00000073656E645E
:10D3D00020425420553820646174612074696D6561
:10D3E0006F7574210000000025642C0070B582B0B8
:10D3F000E8B10121044600F0A9F80546D0BBB720EA
:10D40000656A00218DF8070004F1200000910DF1FC
:10D410000701012200230126A8470546D8B143F29F
:10D42000F77116A0C0F6010100F002FB22E043F202
:10D43000517043F2CD5243F2BB7324A6C0F60100F3
:10D44000C0F60102C0F6010340F2AE31009600F0D2
:10D45000C7FA00BFFEE743F2517043F2F773C0F61C
:10D46000010011A2C0F601034FF4707184F8356019
:10D4700000F0B6FA284602B070BD00BF4572726F68
:10D48000723A20257320342D4279746520616464DA
:10D4900072657373696E67206D6F6465206661697C
:10D4A0006C65642E00000000257320342D427974D1
:10D4B000652061646472657373696E67206D6F6463
:10D4C0006520737563636573732E00007365745F05
:10D4D000345F627974655F616464726573735F6DF4
:10D4E0006F64650010B584B040F29820C2F200006D
:10D4F000028842F617410DF10604C0F601012046EC
:10D5000001F062FA2046F3F7C3FF04B010BD00003B
:10D510002DE9F04383B0DDE90A891C4615460E4625
:10D520000746FFF7BFFE07F5FA6031462A46234655
:10D53000CDF80080CDF80490F6F7FCFEFFF70EFE64
:10D54000FFF7B0FE03B0BDE8F083000070B582B015
:10D55000B0B105460420002918BF06206C6A0E46AB
:10D560008DF8070005F120004FF0000C0DF10701C8
:10D5700001220023CDF800C0A047A0B128BB18E0CD
:10D5800043F2517043F2CD5243F2BB7325A5C0F66E
:10D590000100C0F60102C0F6010340F2853100959A
:10D5A00000F01EFAFEE70DF10601284600F022FB0E
:10D5B00058B936B19DF80610890701D410A007E0CC
:10D5C0001EB99DF80610890701D402B070BD03A0F2
:10D5D00000F02EFA022002B070BD00BF4572726FDB
:10D5E000723A2043616E27742064697361626C65CE
:10D5F000207772697465207374617475732E0000EE
:10D600004572726F723A2043616E277420656E61B5
:10D61000626C6520777269746520737461747573C8
:10D620002E0000007365745F77726974655F656EC4
:10D6300061626C656400000070B582B0E8B10446B8
:10D6400090F8340078B3A16A04F1200509B12846A6
:10D65000884720460121FFF779FF0646002853D16D
:10D66000A08AC72100078DF8041032D4666A4FF0F3
:10D67000000C01A92846012238E043F2897643F2E2
:10D68000517043F2CD5243F2BB73C0F60106C0F6AF
:10D690000100C0F60102C0F601034FF4EA710096E2
:10D6A00000F09EF9FEE743F2897643F2517043F2AF
:10D6B000CD5243F2C973C0F60106C0F60100C0F6B0
:10D6C0000102C0F601034FF4EB71009600F088F9F7
:10D6D000FEE748F29400ADF805009A20666A8DF8DE
:10D6E00007004FF0000C01A9284604220023CDF8C2
:10D6F00000C0B047064618B109A000F099F903E050
:10D70000204601F011F8064620460021FFF71EFFD3
:10D71000E16A09B128468847304602B070BD00BFB3
:10D720004572726F723A20466C6173682063686953
:10D73000702065726173652053504920636F6D6D71
:10D74000756E6963617465206572726F722E000078
:10D75000B0B50446F8F7ACFA054618B9204600F013
:10D7600087FB0025B5FA85F0420943F2EB5143F2FD
:10D77000F340C0F60101C0F60100002D08BF0846C5
:10D78000216884F8342000F053F92846B0BD000029
:10D790002DE9F04F87B088B1044690F8340020B3EB
:10D7A0002069884611441546814234D943F27D50A0
:10D7B000C0F6010000F03CF90527AFE043F27E77A8
:10D7C00043F2517043F2CD5243F2BB73C0F60107EE
:10D7D000C0F60100C0F60102C0F601034FF4047167
:10D7E000009700F0FDF800BFFEE743F27E7743F2BA
:10D7F000517043F2CD5243F2C973C0F60107C0F62F
:10D800000100C0F60102C0F6010340F212210097A8
:10D8100000F0E6F8FEE7B8F1000F08BFA8426FD0AD
:10D82000A16A04F1200709B138468847002D039703
:10D830006BD004F1180004900DF1170004F11C06E0
:10D840000130CDE9016000BF94F84400049900283C
:10D85000304609D0204641462A4600F011FA04EB32
:10D86000C00101F158005431D1F8009090F800A0A7
:10D87000204601214FF0010BFFF768FE20B107465B
:10D88000BBF1000F26D041E0029A204641468DF8B8
:10D8900017A0FEF72BF894F8350005220028676AD8
:10D8A00008BF042203980DF11701002300260096FB
:10D8B000B84720B107461BA000F0BAF804E02046A4
:10D8C00000F032FF074640B1019E4FF0010BBBF163
:10D8D000000F1BD1002DB7D118E0B8FBF9F000FB09
:10D8E000198008B1A9EB0009019E4D45EDD9C84446
:10D8F000A5EB09054FF0000BBBF1000FEAD005E0E6
:10D900002046FFF799FE074608E000272046002141
:10D91000FFF71CFEE16A09B103988847384607B053
:10D92000BDE8F08F4572726F723A20466C61736881
:10D930002065726173652053504920636F6D6D756A
:10D940006E6963617465206572726F722E000000EB
:10D9500040F22421C2F20001002818BF002108462D
:10D960007047000010B543F25174C0F601040BA2D9
:10D9700019A32046742100F033F843F25342C0F655
:10D9800001022046752100F02BF840F22420C2F25B
:10D99000000000214160FFF7DBFE10BD537461728F
:10D9A0007420696E697469616C697A652053657267
:10D9B00069616C20466C61736820556E697665728A
:10D9C00073616C2044726976657228534655442908
:10D9D000205625732E000000312E312E300000001D
:10D9E00081B0B0B581B014460A46014605A8009042
:10D9F0000BA0059300F0BEFF41F2C465009BC2F28C
:10DA0000000528464FF48071224600F0F1FF2846B9
:10DA100001F08CFC01B0BDE8B04001B0704700BF20
:10DA20005B534655445D2825733A256C64292000D4
:10DA300083B0B0B581B0044605A80EC005A800901B
:10DA40000AA000F097FF41F2C465009BC2F20005F6
:10DA500028464FF48071224600F0CAFF284601F0A4
:10DA600065FC01B0BDE8B04003B070475B5346555C
:10DA7000445D00002DE9F04383B0A0B11D4643B3DF
:10DA8000044690F83400C0B320690F46114416468E
:10DA9000814248D943F27D50C0F60100FFF7C8FF2C
:10DAA0004FF0050966E043F2617743F2517043F2AB
:10DAB000CD5243F2BB73C0F60107C0F60100C0F6B9
:10DAC0000102C0F6010340F29B110097FFF788FFA7
:10DAD000FEE743F2617743F2517043F2CD52C0F654
:10DAE0000107C0F60100C0F6010224A34FF4CE7175
:10DAF0000097FFF775FF00BFFEE743F2617743F23F
:10DB0000517043F2CD5243F2C973C0F60107C0F61B
:10DB10000100C0F60102C0F601034FF4CF71009777
:10DB2000FFF75EFFFEE7A16A04F1200809B1404655
:10DB30008847204600F0F8FD8146B8B903200DF172
:10DB400007098DF8070009F1010220463946FDF763
:10DB5000CDFE94F83500676A052200284046494604
:10DB60002B4608BF04220096B8478146E16A09B1F6
:10DB700040468847484603B0BDE8F083646174615D
:10DB80000000000010B584B0C0B10446FFF7D6F81D
:10DB900050B102A92046FEF767FB28B102A9204632
:10DBA000FEF7FAFB04B010BD216843F6C800C0F6CA
:10DBB0000100FFF73DFF002004B010BD43F6E9501F
:10DBC00043F2CD5243F2BB7306A4C0F60100C0F687
:10DBD0000102C0F6010351210094FFF701FF00BFCD
:10DBE000FEE700BF736675645F726561645F7366AC
:10DBF0006470000080B582B00B4605218DF80710D7
:10DC000068B123B3D0F824C020304FF0010E0DF1DD
:10DC100007010122CDF800E0E04702B080BD43F6E5
:10DC2000130C43F2517043F2CD5243F2BB73C0F672
:10DC3000010CC0F60100C0F60102C0F6010340F27B
:10DC4000D331CDF800C0FFF7CBFE00BFFEE743F6AF
:10DC5000130C43F2517043F2CD52C0F6010CC0F6E2
:10DC60000100C0F6010204A34FF47571CDF800C0A5
:10DC7000FFF7B6FEFEE700BF7374617475730000B2
:10DC800080B582B090F844304BB1D0F854C0B1FBAD
:10DC9000FCF303FB1C13A3B1002002B080BD43F6CC
:10DCA000E95043F2CD520FF24C0CC0F60100C0F621
:10DCB000010218A34FF4B771CDF800C0FFF790FE32
:10DCC000FEE700F16C0C4FF0000E00BF5CF83E3038
:10DCD000581E904204D2B1FBF3F000FB131028B1A0
:10DCE0001EF10300D8D0AEF1010EEFE70EF10300F4
:10DCF00002B080BD736675645F736664705F67654C
:10DD0000745F7375697461626C655F657261736578
:10DD100072000000666C6173682D3E736664702E3D
:10DD2000617661696C61626C65000000416809B1EF
:10DD3000002070474EF2D1014EF2B502C0F600014C
:10DD4000C0F600024EF2CD0300F1240CC0F6000331
:10DD50008CE80E004CF6A57142F2C072C0F60001CC
:10DD6000C0F20902C0E90E120020704780B582B0EF
:10DD7000B0F814E09C465FEACE7308D15FEA4E73B8
:10DD800052BF00206346F5F70BFC02B080BD4FF494
:10DD90008073CDF800C0FDF74FFE02B080BD0000DB
:10DDA000F0B583B098B11446054600F1200611B3D2
:10DDB00050206F6A8DF80A004FF0000C0DF10A0137
:10DDC000304601220023CDF800C0B84717E043F2E7
:10DDD000517043F2CD5243F2BB7320A7C0F601004D
:10DDE000C0F60102C0F6010340F20B410097FFF7B5
:10DDF000F7FD00BFFEE728460121FFF7A7FB074616
:10DE000030B117B10BA0FFF713FE384603B0F0BDD9
:10DE100001206F6A8DF80A0000250DF10A013046D5
:10DE2000022200238DF80B400095B8470746002FCB
:10DE3000E8D1EAE74572726F723A205772697465E9
:10DE40005F7374617475732072656769737465724A
:10DE5000206661696C65642E00000000736675645D
:10DE60005F77726974655F73746174757300000025
:10DE7000002818BF704780B582B043F2517043F25A
:10DE8000CD5243F2BB730FF2240CC0F60100C0F672
:10DE90000102C0F6010340F28511CDF800C0FFF782
:10DEA0009FFD02B0BDE88040FEE700BF736F66745F
:10DEB000776172655F696E6974000000F0B50229D0
:10DEC00038BFF0BDA1F1010C002201234FF0000E7C
:10DED00004E000BF0133A445224616DD0EF1010E19
:10DEE0005FFA8EF48C42F5D2DDB200BF30F81260DA
:10DEF00030F81570BE4284BF20F8127020F815600B
:10DF00000135EEB28E42F1D1E4E7F0BDB0B588B094
:10DF100043F20004C4F20104204600F087F801AD8A
:10DF2000284600F0C9F84FF482710191032106914F
:10DF30004FF400710020049110210290039007918A
:10DF400005902046294600F09BF8204600F062F834
:10DF500008B0B0BD10B500F011F840F60004C4F2EE
:10DF60000104204618210322A023F6F757FE20467D
:10DF7000042103224023F6F751FE10BD80B540F284
:10DF80000260FEF737F94FF4C060FEF733F940F254
:10DF90000C60FEF72FF980BDB0B588B043F60044A1
:10DFA000C4F20004204600F041F801AD284600F01C
:10DFB00083F84FF4404002904FF4827003210190A7
:10DFC000002006914FF4007103900790CDE90410F2
:10DFD0002046294600F054F8204600F01BF808B00F
:10DFE000B0BD000080B500F00BF840F60040C4F270
:10DFF0000100182103222823F6F710FE80BD00003F
:10E0000080B540F20360FEF7F5F840F20F70FEF7BE
:10E01000F1F880BD016841F04001016070470000E7
:10E02000C06880B270470000C160704710B543F20D
:10E030000001C4F2010188420FD043F60041C4F24E
:10E04000000188420CD043F60001C4F2000188426E
:10E0500018BF10BD40F20E4404E04FF4437401E0D9
:10E0600040F20F442046FEF7E5F82046FEF7D2F8CE
:10E0700010BD00008068084018BF012070470000F4
:10E0800070B50268D1E902E402F4415CD1E90032E2
:10E09000D1E9045643EA0C031A4342EA0E02224332
:10E0A00089692A43324311430160C16921F4006147
:10E0B000C16170BD72B670470021C0E90011C0E9AE
:10E0C0000211C0E9041181617047000062B6704717
:10E0D0002DE9F04381B041F20008C4F20108164670
:10E0E0000F46089C4046102100229946F6F790FD05
:10E0F000A41910D0002500BFB54234BF17F8010B9A
:10E10000FF20F5F73DF8B54205F1010528BF09F8F4
:10E11000010BAC42F0D1404610210122F6F778FD08
:10E12000002001B0BDE8F08381B041F20400C4F2E8
:10E13000020050F8041C41F4803140F8041C4FF6F2
:10E14000FE7100BF50F8043C4A1E8A4203D213F409
:10E1500000311146F6D050F8041C890301D400BFE9
:10E16000FEE701684FF6FF7201600168CFF2C372EB
:10E170000160016841F480610160016821F440316F
:10E180000160016841F440310160016811400160A3
:10E19000016841F0006141F42011016050F8041C55
:10E1A00041F0807140F8041C50F8041C8901FBD533
:10E1B00001680091009921F003010091009941F05C
:10E1C0000201009100990160016801F00C01082929
:10E1D000FAD101B07047000080B5FFF7A5FF80BD00
:10E1E00080B540F20820C2F20000006844F6D35126
:10E1F000C1F26201A0FB01018809F5F757F800B1EF
:10E20000FEE70020F4F7CCFE80BD000080B582B0B0
:10E21000FFF748F823204FF01E0C009040F2E97001
:10E22000052110220F23CDF804C0F6F783F8FEF77E
:10E2300095FFFFF737F802B080BD0000B0B5044687
:10E2400044F6FF30C4F200000D4684424FF0000057
:10E2500013DD44F60041C4F200018C4219D045F2AE
:10E260000001C4F200018C4213D043F60001C4F255
:10E2700001018C4210D103200CE044F20041C4F2B1
:10E2800000018C4205D044F60001C4F200018C422A
:10E2900002D10220FDF7B8FE00EB5500B0FBF5F00F
:10E2A00080B2A060B0BD00002DE9F04381B0064609
:10E2B00040F2026090468946FDF79CFF40F20E60F6
:10E2C000FDF798FF44F20045C4F2000505F5444708
:10E2D0003846182103224FF40073F6F79FFC3846A6
:10E2E000042103224FF48063F6F798FC05F574448B
:10E2F000204600F0BBF820463146FFF79FFF20463E
:10E30000002100F067F92046002100F055F9204671
:10E31000002100F043F92046002100F00BF92046CF
:10E32000002100F0FDF82046042100F03FF92046CE
:10E33000082100F049F92046402100F0D9F8204694
:10E3400000F0E0F820464FF4417100F0FDF840F293
:10E350000260FDF74FFF40F21170FDF74BFF3846AA
:10E36000182103220423F6F759FC3846042103221E
:10E370000823F6F753FC284600F078F8284649466B
:10E38000FFF75CFF2846002100F024F92846002111
:10E3900000F012F92846002100F000F9284600217B
:10E3A00000F0C8F82846002100F0BAF828460421F9
:10E3B00000F0FCF82846082100F006F92846402124
:10E3C00000F096F8284600F09DF828464FF4417179
:10E3D00000F0BAF840F20460FDF70CFF40F2137051
:10E3E000FDF708FF05F54C442046182103224FF4A1
:10E3F0008063F6F713FC2046042103224FF40063E8
:10E40000F6F70CFC05F50064204600F02FF82046D6
:10E410004146FFF713FF2046002100F0DBF82046BD
:10E42000002100F0C9F82046002100F0B7F820468E
:10E43000002100F07FF82046002100F071F820460E
:10E44000042100F0B3F82046082100F0BDF8204672
:10E4500000F058F801B0BDE8F083000040686FF3A9
:10E460005F2070476FF35F214160704710B544F63D
:10E47000FF31C4F20001884215DD44F60041C4F2C8
:10E48000000188421ED045F20001C4F2000188421A
:10E490001BD043F60001C4F20101884218BF10BD31
:10E4A00040F20E3416E044F20041C4F2000188420A
:10E4B0000ED044F60001C4F20001884210D140F2AF
:10E4C000124407E040F2134404E040F2144401E037
:10E4D00040F211442046FDF7ADFE2046FDF79AFEBE
:10E4E00010BD0000C16821F40051C16070470000F8
:10E4F000426901F0400122F0400242614269114349
:10E5000041617047C16841F40051C160704700002B
:10E510008A09105801F01F01C84000F0010070473F
:10E52000426901F4007122F40072426142691143B0
:10E5300041617047426901F4807122F48072426146
:10E54000426911434161704701F01F02C1F3891113
:10E550004FF0010C0B580CFA02F21A430A507047A4
:10E56000C1F3891252F800C08A0D105801F01F0340
:10E57000C1F30441C8402CFA03F1084000F0010047
:10E580007047000080B5252000210022FDF70AFA1F
:10E59000262000210022FDF705FA80BDC26822F482
:10E5A000C062C260C2681143C1607047C26822F095
:10E5B00004021143C1607047026922F440520261B3
:10E5C0000269114301617047C26822F008021143D9
:10E5D000C1607047C26822F48052C260C2681143B1
:10E5E000C1607047B0B540F20260FDF703FE40F233
:10E5F0000360FDF7FFFD40F20460FDF7FBFD4FF403
:10E60000C060FDF7F7FD40F20020C0F230000121AC
:10E61000F6F75AFB41F20004C4F20104A4F50065C8
:10E620002846102103220123F6F7F8FA2846102184
:10E6300003221023F6F7F2FA2846102103224FF4A2
:10E640008073F6F7EBFAA4F5806010210322102303
:10E65000F6F7E4FA2046102103221023F6F7DEFA3B
:10E660002046102103222023F6F7D8FA2046102155
:10E6700003224023F6F7D2FA2046102103228023FA
:10E68000F6F7CCFA2046102103224FF48073F6F7F8
:10E69000C5FA2046102103224FF40073F6F7BEFAA4
:10E6A00028464FF480710022F6F7B2FA284601217D
:10E6B0000122F6F7ADFA204620210122F6F7A8FA4A
:10E6C00020464FF480710022F6F7A2FAB0BD000098
:10E6D00080B540B34BF61011C2F200010A7850F831
:10E6E000043C002A18BF4FF000421A421BD0A0F190
:10E6F000080CDCF80010002918BF80BD23EA0201D5
:10E7000040F8041C4BF61410C2F2000002681144D9
:10E7100001606046FDF796FB4BF62010C2F2000048
:10E7200001680131016080BDF0B583B030B3C76BC3
:10E7300005460DF10B0607E0A86B002818BF8047BF
:10E74000781E002F07460ED028463146FFF752FAB2
:10E75000044618B99DF80B00C00704D0002FEBD178
:10E7600004240020EDE71CB99DF80B00C00702D07F
:10E770000CA0FFF75DF9204603B0F0BD43F25170E5
:10E7800043F2CD5243F2BB7310A7C0F60100C0F6AE
:10E790000102C0F6010340F2DE310097FFF720F9D5
:10E7A000FEE700BF4572726F723A20466C61736873
:10E7B00020776169742062757379206861732061C4
:10E7C0006E206572726F722E0000000077616974AE
:10E7D0005F62757379000000B0B541F2446041F2A8
:10E7E000805142F61A42C2F20000C2F20001C0F6A5
:10E7F000010240F20353FAF751FE002818BFB0BDE2
:10E8000041F2446441F28055C2F20004C2F20005B4
:10E8100020462946FBF750F941F20862C2F2000295
:10E82000204629462823FBF74FFB20462946FBF7C5
:10E8300097FA20462946FAF7BBFBB0BDB0B541F2C6
:10E84000446041F2D84142F62642C2F20000C2F2D0
:10E850000001C0F6010240F20353FAF71FFE002840
:10E8600018BFB0BD41F2446441F2D845C2F2000481
:10E87000C2F2000520462946FBF71EF940F2982215
:10E88000C2F20002204629461723FBF71DFB40F287
:10E890000C22C2F20002204629461823FBF714FB83
:10E8A00020462946FBF75CFA20462946FAF780FB0A
:10E8B000B0BD0000B0B582B00C460546ADF80610FC
:10E8C00041F2446041F22C5142F60A42C2F2000089
:10E8D000C2F20001C0F6010240F60313FAF7DEFDB2
:10E8E000002843D141F2446041F22C51C2F20000B1
:10E8F000C2F200010DF106020223FBF7E5FAB0F1C6
:10E90000FF3F21DD41F2446041F22C51C2F2000090
:10E91000C2F200012A462346FBF7D6FA41F24464CC
:10E92000C2F20004B0F1FF3F12DD41F22C55C2F2F9
:10E93000000520462946FBF713FA20462946FAF738
:10E9400037FB002002B0B0BD41F24464C2F20004C3
:10E9500041F22C51C2F200012046FAF729FB42F69F
:10E960000A41C0F601012046FCF7F0FC4FF0FF30F1
:10E9700002B0B0BD0FB4054B10B503A9044A02980C
:10E9800000F026F910BC5DF814FB00009D4800085B
:10E99000000000200FB47CB50C0009AD01D0611E51
:10E9A00000E00021CDE90001064B6A46294608989F
:10E9B00000F00EF9002C02D0009A002111707CBCEE
:10E9C0005DF814FBFFF200080FB4084B10B504A962
:10E9D00002AA039800F0FCF8044602A9002000F007
:10E9E00099FC204610BC5DF814FB000015F30008EC
:10E9F0007CB50C001D461646014601D0601E00E0A5
:10EA00000020CDE90010064B6A462946304600F04A
:10EA1000DFF8002C02D0009A002111707CBD0000AC
:10EA2000FFF20008004870470400002002E008C818
:10EA3000121F08C1002AFAD170477047002001E078
:10EA400001C1121F002AFBD1704700002DE9FF5FB2
:10EA500082B00021DDE90430020DDDF840B003434F
:10EA600018D044F61050A2F2FF3242431514119808
:10EA700001281FD0A5EB0B00401C5FEA000A4FF0F5
:10EA800000064E4FDFF83891B046504615D5CAF112
:10EA9000000413E0119801244AA3012801D16FEA70
:10EAA0000B010298119AC0E90031C0E9024206B098
:10EAB000BDE8F09FCBF10000DFE704460021404AAB
:10EAC000491842EB0450CDE9001012E0E00707D0EE
:10EAD00032463B4640464946F1F7CDFE80468946E0
:10EAE00032463B4610461946F1F7C5FE06460F462C
:10EAF0006410002CEAD1DDE90401DDE90023BAF15C
:10EB0000000F06DAF1F7B7FE42464B46F1F7B3FEC7
:10EB100005E0F2F714F942464B46F2F710F90446C5
:10EB20000E460022284BF2F791F903D84FF0FF3040
:10EB3000014607E00022254B20463146F1F7F4FD5F
:10EB4000F2F76CF9102409E0002C0ADB0A220023FA
:10EB5000F1F77DFF039B30321A55641E50EA010223
:10EB6000F2D1641C039AC4F111031444119A012ACE
:10EB700003D0012208430DD10AE0084304D000204D
:10EB80004FF0110B119072E7A3EB0B056D1E0DE01A
:10EB90005B4504DD4FF0000205F1010504E003DAF6
:10EBA0004FF00002A5F10105002AECD0029811995E
:10EBB000C0E90231C0E9004579E7000000001440D7
:10EBC0000000F03F300000000000F0430000E03F94
:10EBD0002DE9FF4F95B09B468946064600250FE27A
:10EBE000252877D100242746F84A0121059400E022
:10EBF000044316F8013F203B01FA03F01042F7D11D
:10EC000030782A2811D06FF02F033078A0F130022D
:10EC1000092A16D8059A44F0020402EB820203EB9B
:10EC200042021044761C0590EFE759F8042B059238
:10EC3000002A03DA504244F40054059044F00204E0
:10EC4000761C30782E2816D116F8010F44F00404F3
:10EC50002A280DD06FF02F023078A0F13003092B55
:10EC600009D807EB870302EB4303C718761CF3E7C9
:10EC700059F8047B761C30786C280FD006DC4C28C1
:10EC800017D068280DD06A2814D104E0742810D059
:10EC90007A280FD10DE044F400140AE044F4801403
:10ECA00001E044F440147278824202D104F58014E9
:10ECB000761C761C307866280BD013DC582877D069
:10ECC00009DC002875D04528F6D04628F4D047281E
:10ECD0001AD19DE118E0632835D0642879D06528E1
:10ECE00012D195E1702873D008DC6728F1D069282B
:10ECF0006FD06E280DD06F2806D1B5E073282CD0C8
:10ED0000752875D0782874D05A46179990476D1C8D
:10ED100075E1C4F30250022809D003280DD0D9F8B8
:10ED2000001004280DD00D6009F1040967E1D9F83D
:10ED30000010EA17C1E90052F6E7D9F800100D807B
:10ED4000F2E70D70F0E719F8041B8DF800100020B1
:10ED50008DF80100EA46012003E059F804AB4FF0BA
:10ED6000FF3061074FF0000102D40DE008F101010E
:10ED70008846B9420FDA8045F8DB1AF808100029F6
:10ED8000F4D108E008F1010188468142FADB1AF863
:10ED900008100029F6D105985B46A0EB080721462C
:10EDA0003846179A00F094FA284400EB080507E06B
:10EDB0004DE029E10DE01AF8010B5A4617999047EA
:10EDC000B8F10108F7D25B4621463846179A13E19D
:10EDD00042E00A220092C4F302524FF0000A022AD3
:10EDE00008D059F804CB032A4FEAEC710AD00DE0A1
:10EDF00029E02AE009F1070121F00702F2E802C147
:10EE0000914609E00FFA8CFC4FEAEC71042A03D119
:10EE10004FFA8CFC4FEAEC71002907DA0A46002110
:10EE2000DCF1000C61EB02012D2202E0220504D589
:10EE30002B228DF80420012203E0E20701D02022DA
:10EE4000F7E7904659E00A2102E010220DE0102178
:10EE50004FF0000A00910BE010224FF0000A44F03E
:10EE600004040827009203E008224FF0000A0092F1
:10EE7000C4F30252022A05D059F804CB0021032A18
:10EE800008D009E009F1070121F00702F2E802C108
:10EE9000914605E01FFA8CFC042A01D10CF0FF0C0E
:10EEA0004FF00008220728D5702806D0009B83F079
:10EEB000100353EA0A0305D00EE040228DF8042027
:10EEC000012208E05CEA010206D030228DF804201D
:10EED0008DF8050002229046009B83F0080353EA58
:10EEE0000A030AD15CEA010201D1620705D530228A
:10EEF0008DF804204FF001087F1E582804D034A05C
:10EF000003900EA802900DE036A0F9E75346604644
:10EF1000009AF1F79CFD84460398825C0298401E9B
:10EF2000029002705CEA0100F0D1029806A9081A6A
:10EF300000F1200A600702D524F4803400E00127A4
:10EF4000574502DDA7EB0A0000E0002000EB0A01B4
:10EF5000009005984144401A0590E00306D45B46B2
:10EF60002146179A059800F0B3F90544002706E0FA
:10EF700001A85A46C05D179990476D1C7F1C4745F4
:10EF8000F6DBE0030CD55B462146179A059800F0A6
:10EF90009FF9054404E030205A46179990476D1CAC
:10EFA0000099481E00900029F5DC08E002980299BB
:10EFB0005A460078491C0291179990476D1CBAF186
:10EFC0000001AAF1010AF1DC65E100000928010055
:10EFD00030313233343536373839616263646566CF
:10EFE0000000000030313233343536373839414291
:10EFF000434445460000000000F058F90544761CE3
:10F00000307800287FF4ECAD19B02846BDE8F08FC9
:10F01000620700D4062709F1070222F0070CFCE87A
:10F020000223E14603F000485FEA080C02D00FF229
:10F03000702C0DE05FEA045C02D50FF2682C07E04B
:10F040005FEAC47C02D00FF2602C01E0AFF2700CDA
:10F050004FF0FF3823F00043CDF850C065280CD0A6
:10F0600006DC452809D046281DD047283DD13DE083
:10F07000662818D067287ED138E00021112F01DBE7
:10F08000112000E0781CCDE9000106A90EA8FFF7C9
:10F09000DDFCDDE90F010E9A03910021009207F1DA
:10F0A000010A04914DE04FF000400097CDE90110B6
:10F0B00006A90EA8FFF7CAFCDDE90F0203920E9B1A
:10F0C00011990022DDF80CA00093049211B9791C6B
:10F0D00000EB010AB7EB0A0004D4C0F1FF3007F1DE
:10F0E000010A0490AAEB0700019044E0012F00DA26
:10F0F00001270021112F01DD112000E03846CDE964
:10F10000000106A90EA8FFF7A1FCDDE90F010E9A88
:10F110000391002104910092BA4621070CD403996F
:10F12000514500DA8A46BAF1010F05DD009AAAF1CD
:10F130000101515C302908D0B84202DA10F1040F05
:10F1400006DA0121CDE9011015E0AAF10101E9E794
:10F15000002805DC049901440491AAEB000102E0B7
:10F16000411C514500DD8A460499401A401C01901B
:10F170004FF000400290200704D40198504501DB75
:10F18000CDF8048000208DF84F0002980DF14F0754
:10F19000B0F1004F25D02B200E9002984FF00208BE
:10F1A00000280CDA404202902D200E9007E00A2140
:10F1B0000298F1F736FC3031029007F8011DB8F1E2
:10F1C0000001A8F10108F2DC02980028EFD1791EB5
:10F1D0000E980870307800F0200040F0450007F8E5
:10F1E000020D12A8C01B00F107081498007800B1A6
:10F1F000012000EB0A01019801EBE0710598414400
:10F20000401A401E0590E00306D45B462146179A3B
:10F21000059800F05DF805441498007818B15A4636
:10F22000179990476D1CE00324D55B462146179A39
:10F23000059800F04DF805441CE00498002807DB11
:10F24000DDE90301884203DD0098405C179901E085
:10F25000179930205A469047049805F10105401C43
:10F2600004900198401E019004D12E205A4617990F
:10F2700090476D1CBAF10001AAF1010ADDDC05E03E
:10F2800017F8010B5A46179990476D1CB8F1000109
:10F29000A8F10108F4DC5B462146179A0598ABE615
:10F2A0002D0000002B000000200000002DE9F0419F
:10F2B000044600251E461746880404D405E0394656
:10F2C0002020B0476D1C641EF9D52846BDE8F081AA
:10F2D0002DE9F041044600251E469046C80301D59D
:10F2E000302700E02027880404D505E04146384651
:10F2F000B0476D1C641EF9D52846BDE8F0814A6808
:10F30000002A06D00A68531C0B6010704868401E23
:10F31000486070470A68531C0B601070704700000B
:10F320000149F5F7BBBA00000000002010B5044603
:10F3300001E0F5F7B3FA14F8010B04490028F8D1FD
:10F34000BDE810400A20F5F7A9BA0000000000202F
:10F3500000404040404040404040414141414140E8
:10F36000404040404040404040404040404040409D
:10F37000400502020202020202020202020202022C
:10F380000220202020202020202020020202020231
:10F390000202909090909090101010101010101089
:10F3A0001010101010101010101010100202020295
:10F3B00002028888888888880808080808080808D9
:10F3C00008080808080808080808080802020202D5
:10F3D0004000000051F300080000000000000000A1
:10F3E0000000000000000404040404000004000005
:10F3F00014140A00000000000000000000000A0AC7
:10F400001F0A0A1F0A0A000000040E1505060C1444
:10F41000150E0400000012150D152E2C2A120000E6
:10F420000000040A0A361515291600000202010020
:10F430000000000000000000100808040404040498
:10F440000808100002040408080808080404020060
:10F4500000000004150E0E15040000000000000856
:10F46000083E080800000000000000000000000046
:10F470000202010000000000003F00000000000048
:10F48000000000000000000000020000002010103A
:10F49000080804040202010000000E1111111111EC
:10F4A000110E00000000040604040404040E000011
:10F4B00000000E1111080402011F000000000E11CF
:10F4C000100C1010110E00000000080C0C0A091F8F
:10F4D000081C000000001F01010F1110110E000098
:10F4E00000000C12010D1311110E000000001E107F
:10F4F000080804040404000000000E11110E11118C
:10F50000110E000000000E1111191610090600005E
:10F5100000000000040000000004000000000000E3
:10F5200000040000000404000000100804020204AB
:10F5300008100000000000003F003F000000000035
:10F5400000000204081010080402000000000E1160
:10F55000110804040004000000001C22292D2D1DA8
:10F56000221C0000000004040C0A0A1E12330000D2
:10F5700000000F12120E1212120F000000001E11D6
:10F5800001010101110E000000000F1212121212EF
:10F59000120F000000001F120A0E0A02121F0000C4
:10F5A00000001F120A0E0A020207000000001C12CF
:10F5B00001013911120C000000003312121E121248
:10F5C0001233000000001F0404040404041F0000A0
:10F5D00000003E080808080808080907000037125C
:10F5E0000A060A1212370000000007020202020295
:10F5F000223F000000003B1B1B1B151515350000AA
:10F6000000003B1216161A1A1217000000000E1105
:10F6100011111111110E000000000F12120E020242
:10F620000207000000000E1111111117190E180029
:10F6300000000F12120E0A121237000000001E11F5
:10F6400001060810110F000000001F150404040437
:10F65000040E00000000331212121212120C0000ED
:10F6600000003312120A0A0C0404000000001515F1
:10F6700015150E0A0A0A000000001B0A0A04040AF3
:10F680000A1B000000001B0A0A0A0404040E000002
:10F6900000001F0908040402121F00001C040404D7
:10F6A0000404040404041C00000202040404080806
:10F6B000081010000E0808080808080808080E00BE
:10F6C000040A00000000000000000000000000002C
:10F6D000000000000000003F0204000000000000E5
:10F6E0000000000000000000000C121C123C000092
:10F6F00000030202020E1212120E000000000000AF
:10F70000001C1202120C000000181010101C121223
:10F71000123C000000000000000C121E021C000041
:10F7200000182404041E0404041E0000000000004D
:10F73000003C120C021C221C00030202020E1212D8
:10F74000123700000004040000060404040E000048
:10F7500000080800000C0808080808070003020257
:10F76000021A0A060A130000000704040404040431
:10F77000041F000000000000000F15151515000003
:10F7800000000000000F12121237000000000000FD
:10F79000000C1212120C000000000000000F1212E8
:10F7A000120E020700000000001C1212121C10387A
:10F7B00000000000001B060202070000000000001D
:10F7C000001E020C101E000000000004041E0404B1
:10F7D000041C000000000000001B1212123C00007C
:10F7E00000000000001B0A0A0404000000000000E2
:10F7F0000015150E0A0A000000000000001B0A0494
:10F800000A1B000000000000003312120C08040361
:10F8100000000000001E0804041E0000180808086C
:10F82000080C08080808180008080808080808084C
:10F830000808080806040404040804040404060074
:10F840001609000000000000000000000000000099
:10F850000000000000000000000000000000001890
:10F8600018181818181800001818000000D86C6C28
:10F87000360000000000000000000000000000D87A
:10F88000D8D8FE6C6C6CFE6C6C6C00000000307C98
:10F89000F6F6363C70F0F0F6F67C3030000000668C
:10F8A0006F3F3F1F7EF8FCFCF66600000000001C66
:10F8B0003636361EFE6F7B3BB3FE0000000E0C0C8E
:10F8C00006000000000000000000000000C06030E2
:10F8D00030181818181818303060C00000060C18BE
:10F8E0001830303030303018180C0600000000009E
:10F8F0001818FF3C3CFF1818000000000000000032
:10F9000000303030FE3030300000000000000000D9
:10F9100000000000000000000E0C0C0600000000BB
:10F9200000000000FE0000000000000000000000D9
:10F9300000000000000000000E0E00000000C0608B
:10F94000606030301818180C0C06060000000038F3
:10F950006CC6C6C6C6C6C6C66C38000000000030FD
:10F960003C3030303030303030FC00000000007C63
:10F97000C6C6C6C06030180CC6FE00000000007C81
:10F98000C6C6C0603860C0C6C67C0000000000600B
:10F990007070786C6C66FE6060F80000000000FE1D
:10F9A0000606063E66C0C0C6663C00000000003881
:10F9B0006C06067ECEC6C6C6CC780000000000FEEF
:10F9C000C660603030181818181800000000007C5D
:10F9D000C6C6C66C386CC6C6C67C00000000003CBB
:10F9E00066C6C6C6E6FCC0C06C3800000000000059
:10F9F0000000383800000000383800000000000027
:10FA0000000000180000000000181818000000C0D6
:10FA10006030180C060C183060C0000000000000B8
:10FA20000000FE0000FE00000000000000000006D4
:10FA30000C183060C06030180C0600000000007C1C
:10FA4000C6C6CE6030303000383800000000003CC0
:10FA500066FEFFFFFFFFFF7EC67C0000000000186F
:10FA600018383C3C6C7C66C6C6EF00000000003FC6
:10FA70006666663E66C6C6C6663F0000000000FCBD
:10FA8000C6C60303030303C6663C00000000003F34
:10FA900066C6C6C6C6C6C6C6663F00000000007F72
:10FAA000C636363E363606C6C67F00000000007FEA
:10FAB000C636363E36360606060F00000000007CCD
:10FAC0006666030303F36366663C0000000000EF14
:10FAD000C6C6C6C6FEC6C6C6C6EF00000000007E8B
:10FAE0001818181818181818187E0000000000FCC4
:10FAF00030303030303030303030331F000000FFD5
:10FB000066361E1E1E36366666FF00000000000FB9
:10FB10000606060606060606C6FF0000000000FFF1
:10FB20007E7E7E7E7E7E7E7E7EFF0000000000E781
:10FB3000CECEDEDEF6F6F6E6E6CF00000000003CB4
:10FB400066C3C3C3C3C3C3C3663C00000000007FD9
:10FB5000C6C6C6C67E060606060F00000000003CAC
:10FB600066C3C3C3C3C3C3DF763CE0000000007FAD
:10FB7000C6C6C67E36366666C6CF0000000000FCEC
:10FB8000C6C6060C3860C0C6C67E0000000000FF76
:10FB9000DB18181818181818183C0000000000EF9F
:10FBA000C6C6C6C6C6C6C6C6C67C0000000000EFF4
:10FBB000C6C6666C6C3C3C3818180000000000FF9C
:10FBC0007E7E7E7E7E7E3C3C3C3C0000000000EF62
:10FBD000C66C6C3838386C6CC6EF0000000000FF53
:10FBE00066663C3C18181818183C0000000000FE1F
:10FBF00063603030180C0CC6C67F000000F818187F
:10FC000018181818181818181818F8000000060CFA
:10FC10000C0C1818183030606060C0C0003E3030E6
:10FC2000303030303030303030303E0000386C0012
:10FC300000000000000000000000000000000000C4
:10FC40000000000000000000000000FF000E18008F
:10FC500000000000000000000000000000000000A4
:10FC60000000003C66707C6676FC0000000000002E
:10FC70000706063E6EC6C6C66E3E000000000000C7
:10FC800000000078CC060606CC78000000000000DA
:10FC9000E0C0C0FCC6C6C6C6E6FC0000000000000E
:10FCA0000000007CC6C6FE06C67C00000000000006
:10FCB00070D8187E18181818187E00000000000070
:10FCC000000000FC66663C067CC6C67C00000000A6
:10FCD0000706067ECEC6C6C6C6EF00000000001CA2
:10FCE0001C00001E18181818187E00000000007074
:10FCF00070000078606060606060663E0000000038
:10FD0000070606F6361E1E3666FF000000000018C5
:10FD10001E18181818181818187E00000000000087
:10FD2000000000FFB6B6B6B6B6FF00000000000047
:10FD30000000007FCEC6C6C6C6EF0000000000006F
:10FD40000000007CC6C6C6C6C67C000000000000DD
:10FD50000000003F6EC6C6C66E3E060F00000000E3
:10FD6000000000F8ECC6C6C6ECF8C0E000000000D9
:10FD7000000000FFDC0C0C0C0C3F00000000000039
:10FD8000000000FCC6067CC0C67E0000000000002B
:10FD90000018187E18181818D8700000000000000D
:10FDA000000000E7C6C6C6C6E6FC00000000000072
:10FDB000000000FF66663C3C1818000000000000D0
:10FDC000000000FFB3F6FE7E6C6C00000000000037
:10FDD000000000FE6C3838386CFE000000000000A7
:10FDE000000000EFC66C6C383818180E00000000D8
:10FDF000000000FE66301818CCFE000000C06060F5
:10FE000060606060306060606060C00030303030E2
:10FE100030303030303030303030303000070C0C83
:10FE20000C0C0C0C180C0C0C0C0C07000CFE6000DD
:10FE300000000000000000000000000000000000C2
:10FE400000000000000000000000000000000000B2
:10FE500000000000000000000000000000000000A2
:10FE60000000000000000000000000000000000092
:10FE70000000000060006000600060006000600042
:10FE80006000400020002000200000000000000072
:10FE90006000600060000000000000000000000042
:10FEA00060066006300398018800440000000000EE
:10FEB0000000000000000000000000000000000042
:10FEC0000000000000000000000000000000000032
:10FED000000000001002100210021002FE07FE07D0
:10FEE00008020801080108010801FE07FE070401D5
:10FEF00004010401040100000000000000000000F3
:10FF0000000040004000F00158034C03CC034C00BB
:10FF100058007000E000C001C00140034C035C03C6
:10FF20004C034801F00040004000000000000000C9
:10FF3000000000000E010A019100910091005100A3
:10FF400051003A00AE03A002500450044804480493
:10FF50004804840284030000000000000000000048
:10FF60000000000038006C006C006C006C006C003D
:10FF70002C0098071C011A01330133016301E300CF
:10FF8000C308C6093C070000000000000000000094
:10FF90000C001C001000100008000400000000000D
:10FFA0000000000000000000000000000000000051
:10FFB0000000000000000000000000000000000041
:10FFC000000400020001800080004000400020008A
:10FFD00020002000200020002000200040004000E1
:10FFE000800080000001000200040000000000000A
:10FFF0000200040008001000100020002000400053
:020000040801F1
:100000004000400040004000400040002000200030
:1000100010001000080004000200000000000000B2
:1000200000000000000000004000C0004000460C3E
:100030004E0FD001F0015E0F460C40004000400022
:1000400000000000000000000000000000000000B0
:1000500000000000000000000000400040004000E0
:1000600040004000FE0F40004000400040004000C3
:100070000000000000000000000000000000000080
:100080000000000000000000000000000000000070
:100090000000000000000000000000000000000060
:1000A0000C001C00100010000800040000000000FC
:1000B0000000000000000000000000000000000040
:1000C00000000000FE07000000000000000000002B
:1000D0000000000000000000000000000000000020
:1000E0000000000000000000000000000000000010
:1000F0000000000000000000000000000000000000
:100100001C001C001C00000000000000000000009B
:1001100000040006000200030001000180008000CE
:100120004000400060002000200010001000080087
:1001300008000C000400060002000000000000009F
:10014000000000000000F00098010C030C030606FC
:1001500006060606060606060606060606060C033C
:100160000C039801F00000000000000000000000F7
:1001700000000000000040007C00600060006000A3
:10018000600060006000600060006000600060006F
:1001900060006000FC0300000000000000000000A0
:1001A000000000000000F8008401020306030603BB
:1001B000000300018001C000600020001000080260
:1001C00004020602FE030000000000000000000020
:1001D0000000000000007800C60086018601800152
:1001E0008001C000700080010001000300030603CD
:1001F00006038601F8000000000000000000000077
:1002000000000000000080018001C001A001A001E9
:1002100090018801880184018201FE0F8001800124
:1002200080018001E00700000000000000000000E5
:10023000000000000000FC030400040004000400AF
:100240000400F4008C01040300030003060306030A
:1002500082018401F800000000000000000000009E
:10026000000000000000E00118030C030C00040073
:100270000600E60116030E06060606060606040636
:100280000C021803F0000000000000000000000055
:10029000000000000000F8070C0604020401000141
:1002A00000018000800040004000400060006000CD
:1002B000600060006000000000000000000000001E
:1002C000000000000000F8010C0306060606060602
:1002D0000C021C03F000C8010C0306060606060605
:1002E00006060C03F0010000000000000000000002
:1002F000000000000000F0000C010C0306020606DE
:100300000606060606078C067806000600030003AC
:100310000C018C01780000000000000000000000CB
:1003200000000000000000000000000000000000CD
:10033000E000E000E000000000000000000000001D
:10034000E000E000E000000000000000000000000D
:10035000000000000000000000000000000000009D
:1003600060006000000000000000000000000000CD
:10037000000060006000400020002000000000003D
:100380000000000000040002000180004000200086
:100390001000080004000800100020004000800049
:1003A0000001000200040000000000000000000046
:1003B000000000000000000000000000000000003D
:1003C000FE07000000000000FE0700000000000023
:1003D000000000000000000000000000000000001D
:1003E0000000000004000800100020004000800011
:1003F0000001000200040002000180004000200013
:1004000010000800040000000000000000000000D0
:10041000000000000000E0031806040C040C0C0CA3
:100420000C0C00078001400040004000000000006C
:10043000E000E000E000000000000000000000001C
:1004400000000000E00018030C02CC0564056605FE
:10045000A605B604B604B604B604B602E4010C045C
:100460000C021803F0000000000000000000000073
:10047000000000000000600060005000D00090000C
:100480009000880088010801F801040304030402B5
:10049000020202060F0F0000000000000000000032
:1004A000000000000000FE008C030C030C030C0392
:1004B0000C038C01FC000C030C020C060C060C0651
:1004C0000C060C03FE01000000000000000000000C
:1004D000000000000000E00318030C060C040404F4
:1004E00006000600060006000600060006040C04CE
:1004F0000C021803F00000000000000000000000E3
:100500000000000000007F008C010C030C030C06AF
:100510000C060C060C060C060C060C060C060C034E
:100520000C038C017F0000000000000000000000B0
:10053000000000000000FF03060306040604060096
:1005400086008600FE0086008600860006000604FF
:1005500006040602FF030000000000000000000087
:10056000000000000000FF03060306040604060066
:1005700086008600FE0086008600860006000600D3
:10058000060006001F000000000000000000000040
:10059000000000000000F00018010C020C02040230
:1005A0000600060006000600C60F060306030C033D
:1005B0000C031803F0000000000000000000000021
:1005C0000000000000000F0F0606060606060606DD
:1005D00006060606FE0706060606060606060606C2
:1005E000060606060F0F00000000000000000000D5
:1005F000000000000000FC0360006000600060007C
:1006000060006000600060006000600060006000EA
:1006100060006000FC03000000000000000000001B
:10062000000000000000F807C000C000C000C000CB
:10063000C000C000C000C000C000C000C000C000BA
:10064000C000C000C000C60066003C000000000002
:10065000000000000000CF038601C600460026000F
:10066000160036002E006E004600C6008600860189
:10067000060106038F0700000000000000000000D4
:100680000000000000001F00060006000600060033
:100690000600060006000600060006000600060426
:1006A00006040602FF030000000000000000000036
:1006B0000000000000000707860386038E038E03F8
:1006C0004E034E034A035A035A033A0332033203DA
:1006D0003203120387070000000000000000000042
:1006E0000000000000008E0F0C021C021C023402ED
:1006F0003402640264024402C40284028403840358
:10070000040304031F0200000000000000000000BA
:10071000000000000000F00098010C030C02060627
:1007200006060606060606060606060606060C0267
:100730000C039801F0000000000000000000000021
:10074000000000000000FF0006030606060606067D
:10075000060606068603FE000600060006000600E2
:10076000060006001F00000000000000000000005E
:10077000000000000000F00098010C030C020606C7
:1007800006060606060606060606060676064C0257
:10079000CC039801F0008007000300000000000077
:1007A000000000000000FF0106030606060606061C
:1007B00006060603FE004600C60086008601060304
:1007C000060306060F0E00000000000000000000F7
:1007D000000000000000F8020C03060206020600FA
:1007E0000E003C00F800E00380030007020602064A
:1007F00006060C03F00100000000000000000000ED
:10080000000000000000FE0762046108610860004B
:1008100060006000600060006000600060006000D8
:1008200060006000F801000000000000000000000F
:100830000000000000001E070C020C020C020C025B
:100840000C020C020C020C020C020C020C020C0238
:100850000C021801F0000000000000000000000081
:100860000000000000000F070602040104010C0153
:100870000C0188008800980098005000500070001B
:1008800030002000200000000000000000000000F8
:10089000000000000000F70E620442044604460413
:1008A00064026402E402E4029C029C019801980143
:1008B000880188008800000000000000000000009F
:1008C0000000000000009E070C01080118019000C4
:1008D000B0006000200060006000D000900088013F
:1008E000080104038E070000000000000000000063
:1008F0000000000000000F0F060404020C020801B3
:100900001801B800B0007000600060006000600076
:1009100060006000F801000000000000000000001E
:10092000000000000000FC070C0206030201800129
:100930008000400040002000200010001800080443
:100940000C040402FE030000000000000000000090
:10095000E0032000200020002000200020002000D4
:100960002000200020002000200020002000200087
:100970002000200020002000E00300000000000014
:10098000000000000400040008000800100010002F
:1009900010002000200040004000C00080008000C7
:1009A000000100010002000200020004000000003B
:1009B0007C004000400040004000400040004000FB
:1009C0004000400040004000400040004000400027
:1009D00040004000400040007C000000000060003B
:1009E000900008010000000000000000000000006E
:1009F00000000000000000000000000000000000F7
:100A000000000000000000000000000000000000E6
:100A100000000000000000000000000000000000D6
:100A200000000000000000000000000000000000C6
:100A300000000000000000000000FF0F00000000A8
:100A4000180060000000000000000000000000002E
:100A50000000000000000000000000000000000096
:100A60000000000000000000000000000000000086
:100A70000000000000000000000000000000000076
:100A8000F0010C030C030003E0031C030E03060338
:100A900006038E0B7C0E000000000000000000002A
:100AA0000000000008000E000C000C000C000C0000
:100AB000CC013C031C060C060C060C060C060C06AE
:100AC0000C021C03E4010000000000000000000014
:100AD0000000000000000000000000000000000016
:100AE000F0008C018C01860106000600060006025B
:100AF0000C020C01F00000000000000000000000EB
:100B0000000000000002C003000300030003000314
:100B100078038C030C03060306030603060306038F
:100B200004038C07780100000000000000000000B2
:100B300000000000000000000000000000000000B5
:100B4000E001180308020C060C06FC070C000C0060
:100B500018041802E001000000000000000000007E
:100B6000000000000000C0036006300630003000C6
:100B7000FE01300030003000300030003000300026
:100B800030003000FC010000000000000000000008
:100B90000000000000000000000000000000000055
:100BA000F007D8068C018C018C019801F8000C002C
:100BB000FC00CC03060306038E03F80000000000CF
:100BC0000000000008000E000C000C000C000C00DF
:100BD000EC011C030C030C030C030C030C030C03AF
:100BE0000C030C039E070000000000000000000042
:100BF00000000000000060006000000000004000F5
:100C00007C006000600060006000600060006000C8
:100C100060006000FC030000000000000000000015
:100C2000000000000000C001C00100000000000141
:100C3000F00180018001800180018001800180013C
:100C40008001800180018001CC007C000000000058
:100C50000000000008000E000C000C000C000C004E
:100C60008C038C008C004C006C005C008C008C01B0
:100C70000C010C039E0700000000000000000000B3
:100C80000000000040007C00600060006000600028
:100C90006000600060006000600060006000600054
:100CA00060006000FC030000000000000000000085
:100CB0000000000000000000000000000000000034
:100CC0003707EE066606660666066606660666066A
:100CD00066066606FF0F000000000000000000002E
:100CE0000000000000000000000000000000000004
:100CF000EE011C030C030C030C030C030C030C038C
:100D00000C030C039E070000000000000000000020
:100D100000000000000000000000000000000000D3
:100D2000F00098010C0306060606060606060606EF
:100D30000C030C03F00000000000000000000000A5
:100D400000000000000000000000000000000000A3
:100D5000EE011C030C060C060C060C060C060C0619
:100D60000C031C03EC010C000C003E000000000012
:100D70000000000000000000000000000000000073
:100D800078028C030C03060306030603060306031E
:100D900004038C03780300030003C0070000000075
:100DA0000000000000000000000000000000000043
:100DB0009F0358063806180018001800180018007D
:100DC00018001800FF0000000000000000000000F4
:100DD0000000000000000000000000000000000013
:100DE000F0031C030C020C023800F000C0030403E3
:100DF00004038C03FC010000000000000000000060
:100E00000000000000000000200020003000300042
:100E1000FE01300030003000300030003000300083
:100E200030023002E001000000000000000000007D
:100E300000000000000000000000000000000802A8
:100E40008E030C030C030C030C030C030C030C03A8
:100E50000C039C0778010000000000000000000067
:100E60000000000000000000000000000000000082
:100E70001E070C020801080118019000B000B00024
:100E80006000600020000000000000000000000082
:100E90000000000000000000000000000000000052
:100EA000F70E6204460464026402EC029C0198019D
:100EB00098019801080000000000000000000000F8
:100EC0000000000000000000000000000000000022
:100ED000BC0718011001B00060006000E000900045
:100EE000080108039E070000000000000000000049
:100EF00000000000000000000000000000000000F2
:100F00009E0708010801080190009000B0006000F1
:100F1000600060002000200024001C000000000091
:100F200000000000000000000000000000000000C1
:100F3000FC018401C400440060002000300018025D
:100F400008020C03FC01000000000000000000008B
:100F5000000380008000800080008000800080000E
:100F60008000400020004000800080008000800061
:100F700080008000800080000003000040004000EE
:100F80004000400040004000400040004000400061
:100F90004000400040004000400040004000400051
:100FA00040004000400040004000400000000000C1
:100FB0000C001000100010001000100010001000B5
:100FC0001000200040002000100010001000100051
:100FD00010001000100010000C00000000001C00A9
:100FE0002204C20480030000000000000000000092
:100FF00000000000000000000000000000000000F1
:1010000000000000000000000000000000000000E0
:1010100000000000000000000000000000000000D0
:1010200000000000000000000000000000000000C0
:1010300000000000000000000000000000000000B0
:1010400000000000000000000000000000000000A0
:10105000000000000000C001C001C001C001C001CB
:10106000C001C001800080008000800080008000FE
:10107000800000000000000000008001C003C003E9
:1010800080010000000000000000000000000000DF
:101090000000E01CE01CF01E700E38071803080169
:1010A00084000000000000000000000000000000BC
:1010B0000000000000000000000000000000000030
:1010C0000000000000000000000000000000000020
:1010D0000000000000000000201020102010201050
:1010E0002010FE7FFE7F100810081008100810085E
:1010F00010081008FE7FFE7F080408040804080496
:1011000008040000000000000000000000000000D3
:101110000000000000010001C00760191031183103
:101120001839183938017001E001C0038007000F39
:10113000001D003900311C311C310C310C11180D0F
:10114000E0070001000100010000000000000000B5
:1011500000000000000000001C1036186308630C3B
:1011600063046304630263026301361D9C378022BB
:10117000806340634063206320633063102218362D
:10118000081C00000000000000000000000000003B
:101190000000000000000000F00098018C018C01AC
:1011A0008C018C018C00CC007800183E1C0836089D
:1011B000320863046304C304C303834306438E26D7
:1011C000781C00000000000000000000000000008B
:1011D00000001C003C003C003000300010000C00FF
:1011E00006000000000000000000000000000000F9
:1011F00000000000000000000000000000000000EF
:1012000000000000000000000000000000000000DE
:1012100000000040002000100008000C0004000640
:101220000003000300038001800180018001800130
:101230008001800180010003000300030006000616
:10124000000C00080010002000400000000000001A
:1012500000000200040008001000300020006000C0
:10126000C000C000C00080018001800180018001B9
:10127000800180018001C000C000C00060006000EB
:101280003000100008000400020000000000000010
:1012900000000000000000000000000000018003CA
:1012A000800300011C713C79783DC0070001C00734
:1012B000783D3C791C7100018003800380010000AF
:1012C000000000000000000000000000000000001E
:1012D000000000000000000000000000000000010D
:1012E000000100010001000100010001FC7F00017C
:1012F00000010001000100010001000100000000E8
:1013000000000000000000000000000000000000DD
:1013100000000000000000000000000000000000CD
:1013200000000000000000000000000000000000BD
:101330000000000000000000000000001C003C0055
:101340003C003000300010000C00060000000000DF
:10135000000000000000000000000000000000008D
:10136000000000000000000000000000FE7F000000
:10137000000000000000000000000000000000006D
:10138000000000000000000000000000000000005D
:10139000000000000000000000000000000000004D
:1013A000000000000000000000000000000000003D
:1013B0000000000000000000000018003C003C009D
:1013C0001800000000000000000000000000000005
:1013D00000000040006000200030001000180008ED
:1013E000000C0004000600020003000180018000E0
:1013F000C00040006000200030001000180008000D
:101400000C000400060002000000000000000000C4
:101410000000000000000000C007600C3018183009
:10142000183018200C600C600C600C600C600C60B4
:101430000C600C600C601820183018303018600CEC
:10144000C0070000000000000000000000000000D5
:10145000000000000000000000018001F801800190
:101460008001800180018001800180018001800174
:101470008001800180018001800180018001C00322
:10148000F81F000000000000000000000000000045
:101490000000000000000000E007101C08180430E5
:1014A00004300C300C30003000180008000400023A
:1014B0000001800040002020102008200430FC1F84
:1014C000FC1F000000000000000000000000000001
:1014D0000000000000000000E003180E0C0C0C18C7
:1014E0000C180C180018000C0006C003000E0018A1
:1014F0000010003000300C300C300C100C18180CA0
:10150000E0030000000000000000000000000000F8
:101510000000000000000000000C000E000E000F94
:10152000800E800E400E600E200E100E100E080E63
:10153000040E040EFE7F000E000E000E000E000EC4
:10154000000EC07F0000000000000000000000004E
:101550000000000000000000F03FF03F100010000D
:10156000100008000800C807280C181808100030E0
:101570000030003000300C300C3004180418080C17
:10158000F003000000000000000000000000000068
:101590000000000000000000800FC010203010305C
:1015A0001800180008000C008C0F6C183C301C60F0
:1015B0000C600C600C600C601860182030306018F3
:1015C000C007000000000000000000000000000054
:1015D0000000000000000000F83FF83F1C100C085D
:1015E00004080404000400020002000100010001DC
:1015F000800080008000C000C000C000C000C000AB
:10160000C00000000000000000000000000000001A
:101610000000000000000000E007300C18180C303B
:101620000C300C301C3038187008E007B007180E6A
:101630000C1C063806300630063006300C18180C24
:10164000E0030000000000000000000000000000B7
:101650000000000000000000E00318040C080C1853
:101660000610063006300630063006380C3C1836B8
:10167000F03100300018001800180C0C0C060C0398
:10168000F001000000000000000000000000000069
:10169000000000000000000000000000000000004A
:1016A0000000000000008001C003C00380010000B2
:1016B000000000000000000000008001C003C00323
:1016C0008001000000000000000000000000000099
:1016D000000000000000000000000000000000000A
:1016E000000000000000C000C0000000000000007A
:1016F0000000000000000000000000000000C0002A
:10170000C000800080004000400000000000000099
:101710000000000000000020001000080004000687
:1017200000038001C0006000300018000C001800A9
:1017300030006000C00080010003000600040008C3
:101740000010002000000000000000000000000069
:101750000000000000000000000000000000000089
:10176000000000000000FE7F0000000000000000FC
:101770000000FE7F000000000000000000000000EC
:101780000000000000000000000000000000000059
:1017900000000000000004000800100020006000AD
:1017A000C000800100030006000C00180030001883
:1017B000000C000600038001C00060002000100043
:1017C000080004000000000000000000000000000D
:1017D000000000000000C0073018083008600C60EE
:1017E0001C601C601C600030001C000600018000B2
:1017F000800080008000000000008001C003C00362
:101800008001000000000000000000000000000057
:101810000000000000000000C00760181030182011
:101820000C2F8C4D864CC64CC64C664C66446644A8
:10183000662666266615CC1C0C4008201830301829
:10184000C0070000000000000000000000000000D1
:101850000000000000000001C001C001C001400103
:101860006003200320032003300610061006100634
:10187000F80F080C080C080C0C0C041804180618B7
:101880001F7C0000000000000000000000000000BD
:101890000000000000000000FE07181C1838183077
:1018A0001830183018301818180CF8071818183095
:1018B0001820186018601860186018601830181820
:1018C000FE0F00000000000000000000000000000B
:1018D0000000000000000000C02760381030182011
:1018E0000C400C400400060006000600060006003E
:1018F0000600060006000C400C400C201830301882
:10190000C007000000000000000000000000000010
:101910000000000000000000FE03180E1818183028
:101920001830183018601860186018601860186057
:101930001860186018601830183018101818180E31
:10194000FE03000000000000000000000000000096
:101950000000000000000000FE3F18301820186052
:101960001840180018081808180CF80F180C180858
:1019700018081800180018001840184018201830CF
:10198000FE3F00000000000000000000000000001A
:101990000000000000000000FE7F1870184018C012
:1019A00018801800181018101818F81F1818181098
:1019B0001810180018001800180018001800180057
:1019C0007E00000000000000000000000000000099
:1019D0000000000000000000C013701C1010181060
:1019E0000C200C200400060006000600060006007D
:1019F00006FC063006300C300C3018301830300839
:101A0000C00700000000000000000000000000000F
:101A100000000000000000003F7E0C180C180C189D
:101A20000C180C180C180C180C180C18FC1F0C189F
:101A30000C180C180C180C180C180C180C180C1886
:101A40003F7E0000000000000000000000000000D9
:101A50000000000000000000F81F800180018001EC
:101A6000800180018001800180018001800180016E
:101A7000800180018001800180018001800180015E
:101A8000F81F00000000000000000000000000003F
:101A90000000000000000000E07F000600060006D5
:101AA0000006000600060006000600060006000606
:101AB00000060006000600060006000600060006F6
:101AC000000600060E060E038E01FC00000000005A
:101AD00000000000000000007E7C181818081804A0
:101AE00018061802180198019801D801B8033803A4
:101AF00018071806180E180C181C1818183018306B
:101B00007EFC00000000000000000000000000005B
:101B100000000000000000007E00180018001800FF
:101B200018001800180018001800180018001800F5
:101B30001800180018001800184018401820183015
:101B4000FE3F000000000000000000000000000058
:101B500000000000000000001FF81C381C381C3872
:101B60001C3C3434343434343436743264326432A9
:101B700064326431C431C431C431C430C4308430BF
:101B80009FFC0000000000000000000000000000BA
:101B900000000000000000001F7C1C103C103410EE
:101BA000341074106410E410C410C4118411841330
:101BB000041304170416041E041C041C041C04183B
:101BC0001F180000000000000000000000000000DE
:101BD0000000000000000000C003300C18180810BE
:101BE0000C300C3006600660066006600660066019
:101BF0000660066006600C200C3008101818300CC7
:101C0000C003000000000000000000000000000011
:101C10000000000000000000FE0F181818301860C7
:101C2000186018601860186018301818F80F18003D
:101C300018001800180018001800180018001800E4
:101C40007E00000000000000000000000000000016
:101C50000000000000000000C003300C18180C1039
:101C60000C300C20066006600660066006600660A8
:101C7000066006600660E4612C331C321816300ED4
:101C8000C007004C007C003800000000000000008D
:101C90000000000000000000FE07181C1838183073
:101CA0001830183018301818180CF8079803180353
:101CB000180718061806180E180C180C181C1818F7
:101CC0007E7800000000000000000000000000001E
:101CD0000000000000000000E027303818300C2021
:101CE0000C200C000C0018007800E003800F001E90
:101CF0000038007000600460046008601830381814
:101D0000C80F0000000000000000000000000000FC
:101D10000000000000000000FC3F8C218461824133
:101D20008241800180018001800180018001800169
:101D3000800180018001800180018001800180019B
:101D4000E0070000000000000000000000000000AC
:101D500000000000000000003F7C0C100C100C1074
:101D60000C100C100C100C100C100C100C100C1093
:101D70000C100C100C100C100C100C10080838046F
:101D8000E003000000000000000000000000000070
:101D900000000000000000003EF818201820182065
:101DA0003010301030103010600860086008E00C0F
:101DB000C004C004C00480038003800380030001CA
:101DC0000001000000000000000000000000000012
:101DD0000000000000000000DFF3866186218621FC
:101DE0008C210C218C238C138C138C134C135812C4
:101DF0005816580E380E380E380E300C10041004D9
:101E000010040000000000000000000000000000BE
:101E100000000000000000007E3E18083808300472
:101E2000300470026002E001C001C0018001800343
:101E30004003400720062006100C100C0818081854
:101E40003E7C0000000000000000000000000000D8
:101E500000000000000000007E7C1C101810180814
:101E60003008300C700460046002C002C002C0017F
:101E7000800180018001800180018001800180015A
:101E8000E00700000000000000000000000000006B
:101E90000000000000000000F83F18180818040CAB
:101EA000040E00060007000380038001C001C0008B
:101EB000E000600070003000382018201C100C1862
:101EC000FE1F0000000000000000000000000000F5
:101ED0000000C03F40004000400040004000400083
:101EE00040004000400040004000400040004000F2
:101EF00040004000400040004000400040004000E2
:101F0000400040004000C03F000000000000000012
:101F10000000000000000800180018001000300049
:101F20002000600060004000C0008000800180014F
:101F3000000100030002000600060004000C000877
:101F40000018001800100030002000000000000001
:101F50000000FC0300020002000200020002000276
:101F60000002000200020002000200020002000261
:101F70000002000200020002000200020002000251
:101F8000000200020002FC0300000000000000004C
:101F900000008007C00620081010000000000000AC
:101FA0000000000000000000000000000000000031
:101FB0000000000000000000000000000000000021
:101FC0000000000000000000000000000000000011
:101FD0000000000000000000000000000000000001
:101FE00000000000000000000000000000000000F1
:101FF00000000000000000000000000000000000E1
:1020000000000000000000000000FFFF00000000D2
:1020100000007800C0000001000000000000000087
:1020200000000000000000000000000000000000B0
:1020300000000000000000000000000000000000A0
:102040000000000000000000000000000000000090
:102050000000000000000000000000000000000080
:10206000000000000000F00318060C0C0C0C000C23
:10207000800F700C1C0C0C0C060C060C064C0C4F44
:10208000F838000000000000000000000000000020
:1020900000000000000010001E00180018001800CA
:1020A000180018001800180FD81838303860186059
:1020B0001860186018601860186018203830781898
:1020C000C807000000000000000000000000000041
:1020D0000000000000000000000000000000000000
:1020E000000000000000C007700C181818180C1829
:1020F0000C000C000C000C000C20182018103008EC
:10210000C007000000000000000000000000000008
:102110000000000000000010001E00180018001849
:10212000001800180018E01B301C181818180C189C
:102130000C180C180C180C180C180818181C307AED
:10214000E0090000000000000000000000000000A6
:10215000000000000000000000000000000000007F
:10216000000000000000C007300C181808100C30E8
:102170000C30FC3F0C000C000C00182018107018DC
:10218000C007000000000000000000000000000088
:102190000000000000000000003E80C380C0C0C0FE
:1021A000C000C000C000FC1FC000C000C000C000D4
:1021B000C000C000C000C000C000C000C000C0001F
:1021C000F80F000000000000000000000000000008
:1021D00000000000000000000000000000000000FF
:1021E000000000000000C077306C10181818181894
:1021F00018181018300CF00718001800F00FF03FF6
:1022000008700C600C600C603838E00F00000000B3
:1022100000000000000010001E0018001800180048
:10222000180018001800980FD818383018301830D7
:10223000183018301830183018301830183018305E
:102240007EFC000000000000000000000000000014
:1022500000000000000000008003800380030000F5
:10226000000000000001F801800180018001800170
:102270008001800180018001800180018001800156
:10228000F81F000000000000000000000000000037
:102290000000000000000000003800380038000096
:1022A000000000000010801F00180018001800181F
:1022B000001800180018001800180018001800185E
:1022C000001800180018180C1806F0030000000091
:1022D00000000000000010001E0018001800180088
:1022E000180018001800183E180C180618031801DA
:1022F0009801D801380318071806180C181C18186C
:102300007E7C0000000000000000000000000000D3
:102310000000000000000001F80180018001800140
:1023200080018001800180018001800180018001A5
:102330008001800180018001800180018001800195
:10234000F81F000000000000000000000000000076
:10235000000000000000000000000000000000007D
:10236000000000000800EE1C9C338C318C318C3155
:102370008C318C318C318C318C318C318C318C3175
:10238000DE7B0000000000000000000000000000F4
:10239000000000000000000000000000000000003D
:1023A0000000000010001E0FD81838301830183008
:1023B00018301830183018301830183018301830DD
:1023C0007EFC000000000000000000000000000093
:1023D00000000000000000000000000000000000FD
:1023E000000000000000C007701C103018300C60A6
:1023F0000C600C600C600C600C60183018303018E9
:10240000C007000000000000000000000000000005
:1024100000000000000000000000000000000000BC
:102420000000000010009E0F581838301820186067
:102430001860186018601860186018303830781804
:10244000980718001800180018007E00000000000F
:10245000000000000000000000000000000000007C
:10246000000000000000C023303C183818300C3049
:102470000C300C300C300C300C3008301838303C3C
:10248000E033003000300030003000FC000000007D
:10249000000000000000000000000000000000003C
:1024A0000000000060007E3C60666061E000E000CB
:1024B000600060006000600060006000600060001C
:1024C000FE07000000000000000000000000000007
:1024D00000000000000000000000000000000000FC
:1024E000000000000000E0273038183018201800E5
:1024F0007000E003800F001C043004300C301C1806
:10250000EC0F0000000000000000000000000000D0
:1025100000000000000000000000000080008000BB
:102520008000C000E000FC1FC000C000C000C00070
:10253000C000C000C000C000C000C020C02080118A
:10254000000F00000000000000000000000000007C
:10255000000000000000000000000000000000007B
:102560000000000010201E3C1830183018301830C1
:10257000183018301830183018301830183830F437
:10258000E013000000000000000000000000000058
:10259000000000000000000000000000000000003B
:1025A0000000000000007E3C1818180838083004AD
:1025B0003004700260026002E001C001C001C0008E
:1025C000800000000000000000000000000000008B
:1025D00000000000000000000000000000000000FB
:1025E000000000000000DFF78E630C238C238C2397
:1025F0009813981358165816700E700E700E20040B
:1026000020040000000000000000000000000000A6
:1026100000000000000000000000000000000000BA
:10262000000000000000FC3E70087004E004C002DE
:10263000C0018003800340076006200C100C1818AE
:102640003E7E0000000000000000000000000000CE
:10265000000000000000000000000000000000007A
:102660000000000000007E7C1818180830083008B0
:10267000300460046004C002C002C0028001800116
:1026800080018000800080004C003C0000000000C1
:10269000000000000000000000000000000000003A
:1026A000000000000000FC1F0C0C040E04060003D8
:1026B00080038001C000E0007020302038301C18FA
:1026C000FC1F0000000000000000000000000000EF
:1026D00000000030000800040004000400040004AE
:1026E0000004000400040004000400028001000251
:1026F00000040004000400040004000400040004BA
:102700000004000400040008003000000001000183
:1027100000010001000100010001000100010001B1
:1027200000010001000100010001000100010001A1
:102730000001000100010001000100010001000191
:102740000001000100010001000100010000000083
:1027500000000C00100020002000200020002000BD
:1027600020002000200020002000400080014000C8
:102770002000200020002000200020002000200059
:1027800020002000200010000C0000000000380095
:10279000C400864002610022001C0000000000000E
:1027A0000000000000000000000000000000000029
:1027B0000000000000000000000000000000000019
:1027C0000000000000000000000000000000000009
:1027D00000000000000000000000000000000000F9
:1027E00000000001000000000100000000000000E7
:1027F00000000000000000000000000000000000D9
:1028000000000000000000000100000000000000C7
:1028100000000000000000000000000000000000B8
:1028200000000000000000000100000000000000A7
:102830000000000000000000000000000000000098
:102840000000000000000000010000009D360108AB
:102850001F260000000020000A0000000002000007
:102860008100000010370108EF401300000008004D
:10287000010000000010000020000000DF36010809
:10288000EF301300000008000100000000100000FD
:102890002000000007370108EF301500000020007D
:1028A0000100000000100000200000002237010895
:1028B000EF401500000020000100000000100000A3
:1028C0002000000019370108EF401600000040000A
:1028D0000100000000100000200000003537010852
:1028E000EF40170000008000010000000010000011
:1028F0002000000048370108EF601700000080004A
:102900000100000000100000200000002B3701082B
:10291000EF4018000000000101000000001000005E
:10292000200000003E370108EF40190000000002BF
:1029300001000000001000002000000044360108E3
:10294000BF258E00000010000600000000100000EF
:10295000200000006E360108BF2541000000200065
:1029600006000000001000002000000030360108C2
:1029700020201600000040000100000000000100BF
:10298000D8000000243601082020140000001000A8
:102990000100000000000100D80000001536010809
:1029A00020201300000008000100000000000100CA
:1029B000D8000000503601081C301600000040000E
:1029C000010000000010000020000000593601083E
:1029D000C840170000008000010000000010000047
:1029E000200000007A360108C840150000002000D1
:1029F0000100000000100000200000008F360108D8
:102A0000C840160000004000010000000010000057
:102A100020000000D536010801401500000020000C
:102A2000010000000010000020000000F436010842
:102A3000010215000000400001000000001000002D
:102A4000200000001C360108373014000000100080
:102A500001000000001000002000000037360108CF
:102A60008C20130000000800060000000010000089
:102A70002000000062360108BF2541000000200050
:102A8000060000000010000020000000833601084E
:102A90005221180000000001010000000010000099
:102AA00020000000C83601088560130000140000F3
:102AB000010000000010000020000000A8360108FE
:102AC00085601200000010000100000000100000EE
:102AD00020000000B03601088560110000002000D1
:102AE000010000000010000020000000B8360108BE
:102AF0008560100000004000010000000010000090
:102B000020000000C036010885301400000080005D
:102B10000100000000100000200000000000000084
:102B20006410B71DC8206E3BAC30D9269041DC76CE
:102B3000F4516B6B5861B24D3C7105502083B8ED78
:102B400044930FF0E8A3D6D68CB361CBB0C2649B9C
:102B5000D4D2D38678E20AA01CF2BDBD00000000EA
:102B600000000000000000000B3801080100000018
:102B70003238010804000000F03601081C00000093
:102B8000D83701081F000000EA37010820000000C4
:102B90009836010837000000F13701086200000094
:102BA000DE37010889000000FE3601088C000000B5
:102BB000E4370108A1000000C1370108AD000000A2
:102BC00003370108BF00000073370108C800000088
:102BD000D0360108D50000006B370108EF00000077
:102BE0003A380108C2000000E8360108520000002F
:102BF0003F360108850000001F1C1F1E1F1E1F1FDF
:102C00001E1F1E1F253032582000686973746F72B2
:102C1000795F646174610025640073656E736F721F
:102C20005F696E666F006465765F696E666F000D42
:102C30000A0A20525443206E6F7420796574206311
:102C40006F6E666967757265642E2E2E2E004F4B6F
:102C50000D0A004552524F520D0A007375636365A9
:102C600073733A25640D0A005B41545D20556E6B09
:102C70006E6F776E2073746174653A2025640A0064
:102C80004C656E6774683A2025640A006672616D4F
:102C9000655F636F756E743A25640A0025733D00A5
:102CA00041542B415041430041542B47415454530C
:102CB000454E440041542B54504D4F44450041541F
:102CC0002B524F4C450041542B4C454E414D450035
:102CD00041542B4D41534B0041542B524150004124
:102CE000542B534950004552524F520041542B44EB
:102CF0004E5300574C414E535441540041542B47BE
:102D00005700257300B0FCBAAC203235323532356D
:102D10003235202D3E20343034303430343020CA27
:102D2000FDBEDDD6A100B4A6C0EDB6CFBFAA5769DF
:102D30004669BBF2C0B6D1C0C1ACBDD3C3FCC1EEC5
:102D4000A3A841542B44534341A3A900B4A6C0ED0A
:102D5000C9CFB5E7D7D4B6AFC1ACBDD3C8C8B5E30A
:102D6000C3FCC1EEA3A841542B41504143A3A90089
:102D7000B4A6C0ED424C45CAFDBEDDB7A2CBCDC363
:102D8000FCC1EEA3A841542B4741545453454E4433
:102D9000A3A900B4A6C0EDC0B6D1C0C4A3CABDC922
:102DA000E8D6C3C3FCC1EEA3A841542B4D4F444504
:102DB000A3A900B4A6C0EDCDB8B4ABC4A3CABDC32B
:102DC000FCC1EEA3A841542B54504D4F4445A3A938
:102DD00000B4A6C0ED5354412F41502F5354412B02
:102DE0004150C4A3CABDC9E8D6C3C3FCC1EEA3A861
:102DF00041542B524F4C45A3A900B4A6C0ED424C00
:102E000045C0B6D1C0C3FBB3C6C9E8D6C3C3FCC175
:102E1000EEA3A841542B4E414D45A3A900B4A6C032
:102E2000ED424C45C0B6D1C0C3FBB3C6B4F84D416A
:102E300043BAF3D7BAC3FCC1EEA3A841542B4C4507
:102E40004E414D45A3A900B4A6C0EDBBD6B8B4B35E
:102E5000F6B3A7C9E8D6C3C3FCC1EEA3A841542B5F
:102E6000524553544F5245A3A900B4A6C0EDD0C556
:102E7000BAC5C7BFB6C8B2E9D1AFC3FCC1EEA3A8FB
:102E800041542B52535349A3A900B4A6C0ED534F4C
:102E9000434B4554C4ACC8CFC6F4B6AFC9E8D6C39B
:102EA000C3FCC1EEA3A841542B534F434BA3A9002D
:102EB000B4A6C0EDD7D3CDF8D1DAC2EBC9E8D6C3FA
:102EC000C3FCC1EEA3A841542B4D41534BA3A90011
:102ED000B4A6C0ED57694669C9A8C3E8C3FCC1EEF2
:102EE000A3A841542B5343414EA3A900B4A6C0ED5F
:102EF000C1ACBDD3C8C8B5E3BBF2B2E9D1AFC8C855
:102F0000B5E3C3FCC1EEA3A841542B524150A3A981
:102F100000B4A6C0ED44484350C4A3CABDC9E8D616
:102F2000C3C3FCC1EEA3A841542B44484350A3A9FA
:102F300000B4A6C0EDB2E9D1AFC4A3BFE9B5B1C733
:102F4000B04950B5D8D6B7C3FCC1EEA3A841542BA5
:102F50004C4950A3A900B4A6C0EDBEB2CCAC4950B8
:102F6000C9E8D6C3C3FCC1EEA3A841542B534950B2
:102F7000A3A900B4A6C0ED444E53B5D8D6B7C9E84E
:102F8000D6C3C3FCC1EEA3A841542B444E53A3A9FE
:102F900000B4A6C0EDC4A3BFE9C1ACBDD3D7B4CCC7
:102FA000ACB2E9D1AFC3FCC1EEA3A841542B53543A
:102FB0004154A3A900B4A6C0EDC8EDBCFEB8B4CE80
:102FC000BBC3FCC1EEA3A841542B5245424F4F5402
:102FD000A3A900B4A6C0EDCDF8B9D8C9E8D6C3C33B
:102FE000FCC1EEA3A841542B4757A3A90025733A6F
:102FF00025643A64656275673A20466978696E6748
:10300000206D6F7665207768696C652072656C6FDE
:10301000636174696E67207B307825782C20307866
:1030200025787D20307825780A25730A0025733AA3
:1030300025643A64656275673A20466978696E6707
:10304000206D6F7665207768696C652066697869A0
:103050006E67206F727068616E73207B30782578A0
:103060002C20307825787D20307825780A25730A41
:103070000025733A25643A6572726F723A20496E80
:1030800076616C696420626C6F636B2073697A652A
:103090002028257520213D2025752925730A002526
:1030A000733A25643A6572726F723A20496E76619E
:1030B0006C696420626C6F636B20636F756E742043
:1030C00028257520213D2025752925730A002573A3
:1030D0003A25643A6572726F723A20556E73757054
:1030E000706F727465642066696C655F6D617820CD
:1030F000282575203E2025752925730A0025733A59
:1031000025643A6572726F723A20556E73757070ED
:103110006F7274656420617474725F6D61782028C9
:103120002575203E2025752925730A0025733A252B
:10313000643A74726163653A206C66735F666F729D
:103140006D61742825702C202570207B2E636F6E96
:10315000746578743D25702C202E726561643D2560
:10316000702C202E70726F673D25702C202E65729A
:103170006173653D25702C202E73796E633D25703B
:103180002C202E726561645F73697A653D25752C0C
:10319000202E70726F675F73697A653D25752C20EC
:1031A0002E626C6F636B5F73697A653D25752C20A9
:1031B0002E626C6F636B5F636F756E743D25752C4B
:1031C000202E626C6F636B5F6379636C65733D2562
:1031D000752C202E63616368655F73697A653D2590
:1031E000752C202E6C6F6F6B61686561645F73690D
:1031F0007A653D25752C202E726561645F62756667
:103200006665723D25702C202E70726F675F627547
:10321000666665723D25702C202E6C6F6F6B616841
:103220006561645F6275666665723D25702C202E4F
:103230006E616D655F6D61783D25752C202E666928
:103240006C655F6D61783D25752C202E61747472FC
:103250005F6D61783D25757D2925730A0025733AD8
:1032600025643A74726163653A206C66735F6D6FB2
:10327000756E742825702C202570207B2E636F6E50
:10328000746578743D25702C202E726561643D252F
:10329000702C202E70726F673D25702C202E657269
:1032A0006173653D25702C202E73796E633D25700A
:1032B0002C202E726561645F73697A653D25752CDB
:1032C000202E70726F675F73697A653D25752C20BB
:1032D0002E626C6F636B5F73697A653D25752C2078
:1032E0002E626C6F636B5F636F756E743D25752C1A
:1032F000202E626C6F636B5F6379636C65733D2531
:10330000752C202E63616368655F73697A653D255E
:10331000752C202E6C6F6F6B61686561645F7369DB
:103320007A653D25752C202E726561645F62756635
:103330006665723D25702C202E70726F675F627516
:10334000666665723D25702C202E6C6F6F6B616810
:103350006561645F6275666665723D25702C202E1E
:103360006E616D655F6D61783D25752C202E6669F7
:103370006C655F6D61783D25752C202E61747472CB
:103380005F6D61783D25757D2925730A0025733AA7
:1033900025643A6572726F723A20496E76616C6983
:1033A000642076657273696F6E207625642E2564BD
:1033B00020213D207625642E256425730A0025737F
:1033C0003A25643A7761726E3A204379636C6520DE
:1033D000646574656374656420696E207461696CEA
:1033E000206C69737425730A0025733A25643A6466
:1033F000656275673A2042616420626C6F636B207E
:103400006174203078257825730A0025733A256485
:103410003A64656275673A20466F756E6420706520
:103420006E64696E672067737461746520307825F7
:10343000303878253038782530387825730A002FD1
:103440000066732F6C66732E63006C6974746C6510
:10345000667300596F752063616E20676574207410
:103460006865206C61746573742076657273696F2A
:103470006E206F6E2068747470733A2F2F676974B2
:103480006875622E636F6D2F61726D696E6B2F535D
:10349000465544202E0054686520666C6173682090
:1034A000646576696365206D616E756661637475C8
:1034B0007265722049442069732030782530325873
:1034C0002C206D656D6F7279207479706520494488
:1034D000206973203078253032582C206361706168
:1034E000636974792049442069732030782530322B
:1034F000582E004572726F723A20257320666C61F7
:1035000073682064657669636520696E69746961B2
:103510006C697A6174696F6E206661696C65642E8E
:10352000004572726F723A20466C61736820646560
:1035300076696365207265736574206661696C6580
:10354000642E005761726E696E673A205468697321
:1035500020666C61736820646576696365206973B1
:10356000206E6F7420666F756E64206F72206E6FB0
:103570007420737570706F727465642E004572727A
:103580006F723A20466C617368206164647265737F
:1035900073206973206F7574206F6620626F756E7B
:1035A000642E004572726F723A20466C6173682017
:1035B00077726974652053504920636F6D6D756E25
:1035C0006963617465206572726F722E00282573BD
:1035D0002920686173206173736572742066616964
:1035E0006C65642061742025732E00257320666C41
:1035F0006173682064657669636520696E697469C2
:10360000616C697A6564207375636365737366754D
:103610006C6C792E004D3235503430004132354CCF
:10362000303830004D32355038300053504930007A
:103630004D3235503332004632354C303034005044
:1036400055594100535354323556463038304200B4
:10365000454E3235513332420047443235513634CB
:1036600042005043543235564630313642005353AF
:1036700054323556463031364200474432355131A6
:103680003642004E4D3235513132384556420047B0
:103690004432355133324300414D494300415434A3
:1036A00035444231363145005032354431304800DE
:1036B00050323544323048005032354434304800BE
:1036C000503235513830480050323544303548009A
:1036D0004953534900533235464C3231364B00572B
:1036E0003235583430434C004E4F522D4D454D002D
:1036F000454F4E00533235464C303332500045531F
:103700004D5400535354005732355831364156000A
:1037100057323551343042560057323551333242E8
:1037200056005732355131364256005732355131F5
:1037300032384256005732355136344356005732EC
:1037400035513235364656005732355136344457A6
:1037500000736675642F7372632F736675642E63CE
:1037600000736675645F726561640057696E626FAD
:103770006E640047696761446576696365007366D6
:1037800075645F657261736500736675645F636815
:1037900069705F65726173650070616765323536A7
:1037A0005F6F725F315F627974655F7772697465AC
:1037B000006161695F777269746500666C61736846
:1037C000004879756E64616900666C6173682D3EAE
:1037D000696E69745F6F6B0041746D656C00496E52
:1037E00074656C00467564616E004D6963726F6E3E
:1037F0000053616E796F00456E74657200666C618E
:1038000073682D3E7370692E77720043797072650C
:10381000737300736675645F726561645F7374616E
:103820007475730068617264776172655F696E694F
:10383000740046756A69747375004D6163726F6ECA
:103840006978006D616B655F616464726573735F55
:10385000627974655F6172726179004572726F722C
:103860003A205265616420616464726573732062FA
:1038700079746573206572726F7221004572726F80
:10388000723A20436865636B205346445020736945
:10389000676E6174757265206572726F722E204951
:1038A000742773206D75737420626520353034344D
:1038B00034363533682827532720274627202744C6
:1038C0002720275027292E005761726E696E673AAC
:1038D0002052656164205346445020706172616DCE
:1038E000657465722068656164657220696E666FD3
:1038F000726D6174696F6E206661696C65642E20FB
:1039000054686520257320646F6573206E6F742082
:10391000737570706F7274204A4544454320534656
:1039200044502E0034204B4220457261736520695B
:103930007320737570706F72746564207468726F31
:103940007567686F7574207468652064657669634F
:10395000652E20436F6D6D616E6420697320307831
:10396000253032582E00466C617368206465766994
:10397000636520737570706F72747320256C644B6F
:103980004220626C6F636B2065726173652E204309
:103990006F6D6D616E642069732030782530325808
:1039A0002E00436865636B204A45444543206261AD
:1039B00073696320666C61736820706172616D6504
:1039C00074657220686561646572206973204F4B6D
:1039D0002E20546865207461626C652069642069DA
:1039E000732025642C20726576657273696F6E2072
:1039F0006973205625642E25642C206C656E6774CF
:103A0000682069732025642C20706172616D657473
:103A10006572207461626C6520706F696E74657286
:103A20002069732030782530366C582E004572722C
:103A30006F723A2054686520666C61736820636118
:103A4000706163697479206973206772617465724B
:103A5000207468616E2033322047622F2034204763
:103A60004221204E6F7420537570706F72746564BC
:103A70002E004572726F723A205468697320726525
:103A800076657273696F6E285625642E2564292029
:103A90006F662053464450206973206E6F74207304
:103AA0007570706F727465642E004572726F723A31
:103AB000205468697320726576657273696F6E2829
:103AC0005625642E256429206F66204A45444543C7
:103AD00020626173696320666C6173682070617233
:103AE000616D6574657220686561646572206973D3
:103AF000206E6F7420737570706F727465642E0021
:103B0000556E69666F726D2034204B42206572617C
:103B1000736520697320756E617661696C61626C92
:103B20006520666F722074686973206465766963C6
:103B3000652E00426C6F636B2050726F7465637406
:103B4000206269747320696E2064657669636527F5
:103B5000732073746174757320726567697374651B
:103B6000722061726520736F6C656C7920766F6C62
:103B70006174696C652E0054617267657420666CAF
:103B800061736820737461747573207265676973FB
:103B9000746572206973206E6F6E2D766F6C617420
:103BA000696C652E005772697465206772616E7565
:103BB0006C6172697479206973203120627974654F
:103BC0002E00332D206F7220342D427974652061D0
:103BD000646472657373696E672E00332D42797465
:103BE00065206F6E6C792061646472657373696EB1
:103BF000672E00342D42797465206F6E6C792061D8
:103C0000646472657373696E672E005772697465B8
:103C1000206772616E756C617269747920697320B6
:103C20003634206279746573206F72206C6172671C
:103C300065722E00466C6173682064657669636501
:103C400020726571756972657320696E737472751F
:103C50006374696F6E203530682061732074686505
:103C600020777269746520656E61626C6520707280
:103C7000696F7220746F20706572666F726D696E05
:103C800067206120766F6C6174696C65207772695A
:103C9000746520746F207468652073746174757323
:103CA0002072656769737465722E00466C61736873
:103CB00020646576696365207265717569726573E4
:103CC00020696E737472756374696F6E2030366824
:103CD0002061732074686520777269746520656E51
:103CE00061626C65207072696F7220746F207065FC
:103CF00072666F726D696E67206120766F6C617499
:103D0000696C6520777269746520746F20746865CA
:103D1000207374617475732072656769737465725A
:103D20002E004572726F723A20546865204A4544ED
:103D3000454320626173696320666C61736820701B
:103D40006172616D65746572207461626C65206C6E
:103D5000656E67746820286E6F772069732025640C
:103D600029206572726F722E004572726F723A204E
:103D7000556E69666F726D2034204B42206572610A
:103D8000736520737570706F7274656420696E66F8
:103D90006F726D6174696F6E206572726F722E0042
:103DA000436170616369747920697320256C6420B4
:103DB00042797465732E005B253034645D20307861
:103DC0002530325820307825303258203078253050
:103DD00032582030782530325800726561645F7344
:103DE0006664705F6461746100736675642F7372DA
:103DF000632F736675645F736664702E630072650B
:103E000061645F62617369635F7461626C650072B3
:103E10006561645F62617369635F6865616465724F
:103E200000D6D0200020002000FE03220222022221
:103E300002FE032202200020002000BEB0FC01048C
:103E400001FC010401FC012000FF070401FC01202A
:103E50000024013202D4B0FE070204FA0402040274
:103E600004FE05520452044A0586050204FE07B505
:103E7000E710001000FF0111011101FF01110111F4
:103E800001FF0111041004E007D7D30000FC0180FA
:103E900000400020002000FF07200020002000201C
:103EA000003800C9E800008C1F981998198019C0C3
:103EB000F07F00D83F98319819181B780F380618F2
:103EC0000FC03970E0B1B860006000F01F380C6EB0
:103ED00006C003781E0FF0F81F98199819F81F985C
:103EE000199819F81F1818BAC50000F81F181818E3
:103EF000181818F81F0000FFFF30001800F81F0006
:103F00001800180018000F0006B5E7800180018036
:103F100001FC3F8C318C318C31FC3F8C318C318CED
:103F200031FC3F8CF180C180C100FFD1B90000FCA1
:103F3000FF0C000C030C030C030C03FC7F0C030CA4
:103F4000030C1B0C330C330603FEFF0300CEC20030
:103F500000CC3FD830D830C33FC630C630D83F1829
:103F600000EC7F6F6F6C6F6C6F6C6FFCFF0000B6C6
:103F7000C880010003FCFFCC0CCC0CFC7FCC0CCC2B
:103F80000CCC0F0C00FC1F6C18C60C8607E31C3C05
:103F9000F0CAAA0000EC3F78307830E33F66306624
:103FA00030F83F980D8C0DBF6DEC3DCC1D8C0DFC99
:103FB000FF0000B6C880010003FCFFCC0CCC0CFC59
:103FC0007FCC0CCC0CCC0F0C00FC1F6C18C60C86E4
:103FD00007E31C3CF0BBAA30033033181B1C0F9EB8
:103FE00003FB631863187E98018001FFFF80018046
:103FF00001800180018001BAE718001800987F7ED7
:104000000C7E0C7E0C7E0C7E0C7E0C1E0C180C782C
:104010000CF80CCF0CC6FF0000BFC63018F8191FF3
:104020001B181B1818FF19181B3C1B7C181EF8DEE8
:104030001F1B181818181818181818BCBC180C18BA
:104040000C180CD8FF7F0C180C180CF87F38631C68
:10405000331F36181E180C181E9E33ECE0C9CFC053
:1040600000C000C000C000C000C000C03FC000C011
:1040700000C000C000C000C000C000FFFF0000D0B2
:10408000D03000B07F18000C0036003000D8FF1C84
:104090000C1E0C1B0C180C180C180C180C180F18F4
:1040A00006CDA80000E63F0C188C0F0006E07F6FDD
:1040B000666C66EC7F6C666C66EC7F6C666C7E7E14
:1040C00030F3FFD0C53006300CF0FF180018009C0C
:1040D0007F1C001E009B7F18001800987F98619835
:1040E00061987F9861D5FD0000FE7F80018001808E
:1040F0000180019801983F980198019801980198D2
:10410000019801FFFF0000D2EC0000FC1F0C180C0E
:1041100018FC1F0C600C60F87F0000300C300CFFA6
:10412000FF300C180C0C0C060CB3A380019819B0CE
:104130000DFEFF06C0FB7F1818F81F8001FC3F8CA6
:10414000318C318C3D8C1980018001C3FBC000C0D3
:1041500000E01F3018780CCE06C0038001E000F8A4
:104160003F3F30303030303030F03F3030B3C63049
:104170000378031F0318FF98C1FF61D80C1C0C3C87
:104180003F7E6F9E6D9BCDD8CC180C180F1806B2D1
:10419000FAC0008001FE7F0000300C600C6006FC5D
:1041A000FF0C000C000C000C000C000600060003C5
:1041B00000C6B70000F81F1818181818181818F8B3
:1041C0001F000000007E7E66666666666666667E26
:1041D0007E6666D0CD0060FE63D86CD86CD86CFF6C
:1041E0006FD86CCC60CC7886318301FC3F80018035
:1041F00001FFFF0000B5C0C0308C191800F87F0027
:1042000003C03FDF30D83FD830D83FD830D83FD870
:10421000303C00E6FF0000D1B60000EC1F98199872
:1042200019801980199F19F81F98199819981998C9
:10423000D9F8F1B8F198E180C1D7B4300630363002
:104240006636663C06FCFF3006300638063C0F3703
:104250000F301BB019B031F06070C0CCAC80018061
:1042600001FE7F8001C0036006F00C9C3907E080EE
:10427000013033366336D836D8E31F0000D2BB0096
:1042800000000000000000000000000000FFFF0030
:10429000000000000000000000000000000000B668
:1042A000FE000000000000FC3F00000000000000D5
:1042B000000000000000000000FFFF000000000000
:1042C00000CEF30000C63FCC30CC30C03F00000F22
:1042D00000EC7F0C060C06FCFF0C063C0F9C19CC76
:1042E0003070E0C2EB0000803F7F30183018330C94
:1042F000337C336EFF6EC06FC06CC0ECFF7CC06C53
:10430000C00C780030C0EBC0008001FFFF000078D7
:104310001ED81B781EF81F8001FE7FC6606666F6F9
:104320006F666C06780630CFDF181E18360C066CE8
:104330007EE60F3F0618FECC0F06667F36061C0091
:10434000CC78DE0FF3C6E100C0D4DAC000C0006054
:1043500000FFFF3000300618061C06FE7F1B061803
:1043600006180618061806F8FF1800B6E0C000C0C8
:1043700000E01F300C3C066003C00770039E3FC086
:10438000307018DC0C80078003F0001E00B5E3C01D
:1043900000C000C000C07FC000C000FC1F0C180C93
:1043A000180C18FC1F00006C33CC66C6660360C393
:1043B000AA0C330C33FCFF0C3306333E008F7F8C8A
:1043C0006DBF6D8C6D8C7F8C6DBC6D9C6D8C7F809A
:1043D00061B8CB1800987F180C180C7F0C180C1CB7
:1043E0000CFCFF7E0C7E0C1B0C180C180C180C1807
:1043F0000C180CC7E3180018FF78186C0C6C7E6E54
:1044000066EE7F6F7E6C7E6C7EEC7FEC7E6C0C0CBF
:104410003C0C660CC3BDC730003000F80F0C0C0616
:1044200006FF3F8C318C31FC3F8C318C31FC3F8C52
:10443000318631863D0318BBEE00180C3ED80718B4
:10444000060306E6FF060618061806CC3FCF30CC5A
:1044500030CC30CC30CC3FC030D6F91806180C1810
:1044600000D8FF7F0C180C1C0C3C0CFE7F7E0C1B34
:104470000C180C180C180CD8FF1800CBF50C060CF7
:104480000CECFF66C09E019FFFCC18EC0CF67EDFA3
:1044900066C666C07EDC66C766C07EC066C1BF00F9
:1044A00000F81F1818F81F1818FFFF0000F81F98D1
:1044B00019F81F9819F81F8001F81F8001FE7FB6B8
:1044C000A5000080FFFF0C1806987F9861986D98F2
:1044D0006D986D986D986D9867181E1E338C61C02D
:1044E000C0B5D780010003FCFF0C000C7CEC076C0E
:1044F000066C066C06ECFF6C0C6C0C6CD8E6F1E6F6
:10450000E663CCB0E518301878980F9801FF019851
:104510007F9C67BC67FE67FE3D9B3D98199819D844
:104520003CD86678C3D6A7800180018001FE7F80D9
:104530000180018001FC1F1818300C6006C0038048
:1045400001E007381C0FF0BCDC30003000FE7FB00B
:104550006798679867EC7FC60080018001FFFFE0E5
:1045600007B00D9C3987E18001D1B90000FCFF0C38
:10457000000C030C030C030C03FC7F0C030C030C5A
:104580001B0C330C330603FEFF0300C1A6C000C0A2
:1045900000C000C000FE3FC030C030C030C030603E
:1045A0003060303030303018330C1E060CD7EA182B
:1045B0000C180C7C0C0C0C06FC7F0C180C180CFF57
:1045C0007F986198619861F861B861987F8061BF58
:1045D000D70006FE06C006600630063006F00670FC
:1045E000063C063706300630C630C630C63CFC18DE
:1045F00000D3A680010003FCFF0C000C008C613C82
:10460000636C636C36CC36CC18CC18060C0606FBF3
:10461000FF0000BCA4C0186618FC1B3C1BF0FF3355
:104620006FF67F7E78D878FC7F6F78EC336C333C04
:104630007BFC7B98CDB9E280018C319831B019B008
:104640000D8001FFFF600660066006600630C63020
:10465000C618C60CFC0700B2E20060EC677866780A
:104660007EE37FE67FE67FF87FF87FEC7FEF7F8C4D
:1046700061CC63CC666C783030BEE00000FEFFE6B3
:1046800001E601E601FE7F98619861FE619E619EF0
:104690007F9E01FE018F0180FF0000C0EBC0008003
:1046A00001FFFF0000781ED81B781EF81F8001FE56
:1046B0007FC6606666F66F666C06780630B2E30009
:1046C00000FC7F0C600C60FC7F0C000C00FC7F0C7D
:1046D000000C00FCFF8C01CC186630F67F6360CEC6
:1046E000BB3003300630061800F87F1C001C30DE9B
:1046F00030DB30981998199819980D180CF8FF1894
:1047000000D2C6300C780C1F7E186398377F1C18B7
:104710000C1C36BC1B7EFC7EC69B6F183818181804
:104720000E9803CBF780018001FC3F80018001FEE1
:10473000FFC6C0636CF8078003E018FC3F80319827
:104740000DEC19C630B1E018031806CC7FCC60F62A
:1047500060FF7FD800CC00C67FFF7FC67FE07FF878
:104760007FEF7FB6678071A3BA00000000000000F1
:1047700000000000000000000000001C001C000001
:10478000001C001C0000000000C1F700030C06F82C
:10479000FF18038319C630E67F18601800CC36CFA7
:1047A00036CC36CC36CCF66CF630E6C9E8000000E4
:1047B00000000030F80760380EE03806E0380600E8
:1047C0001806001806000C06FE0EFE60030CE0FD45
:1047D0001F60180C60300E60300E6060066066036B
:1047E00060C303E0C101E0E007E0381E000E7880FE
:1047F0000300000000B1B800000000060000070040
:1048000000FF07800303808703C0C601E0EC00704F
:104810007C00183800007C0000C60180830FE0FF98
:10482000FFFC3036C03006C03006C0FF07C030067F
:10483000C03006C0FF07C00006C00006000000BA76
:10484000C5000000000000C0FF07C00006C0000651
:10485000C00006C00006C00006C0FF07C00006FC7E
:10486000FF7F00070000030080030080FF0F80012E
:104870000E000006000006000006000007003803D6
:1048800000E00300E000000000B5E70000000018B1
:1048900000001800001800001800001800F0FF1FAA
:1048A00030180C30180C30180CF0FF0F30180C308A
:1048B000180C30180C30180CF0FF0F30180C301892
:1048C0000000186000186000186000187000F87F81
:1048D000000000D1B9000000000000000030F0FF2F
:1048E0007F70000070700070700070700070700059
:1048F000707000707000F0FF1F70700070700070BA
:10490000700330700630700E30701C38700C1870E8
:1049100000FCFF7F0C0000060000000000CEC2007B
:10492000000000000018000C70FE0F60060C00066E
:104930000C80FF0F86070CDC060CD8060CD8FE0F87
:1049400060060C60000060FF3F60B31930B3193E91
:10495000B31938B31938B31938B31938B379F8FF24
:10496000FF000000000000B6C800000000180000B2
:104970007000007030F0FF7F300603300C07300C01
:1049800033F0FF7F300C03300C0330FC03300C039A
:10499000300000B8FF0F380C06180C0318980118E7
:1049A000F0000CF0000C9C070607FEE00130000050
:1049B00000CAAA00000000000018001870FE3F7036
:1049C0000E18600E1880FF1F860F18DC0E18F80EE8
:1049D00018D8FE1F603E1B603003603073303373A5
:1049E0003E373B3C361F183E0F1836071830031C65
:1049F0003063D8FFFF000000000000B6C8000000D0
:104A0000001800007000007030F0FF7F30060330A7
:104A10000C07300C33F0FF7F300C03300C0330FCFC
:104A200003300C03300000B8FF0F380C06180C03DD
:104A300018980118F0000CF0000C9C070607FEE027
:104A40000130000000BBAA0000008031008073002C
:104A5000C07118C0703C60700EF0F003F0F001D827
:104A60007060CC7C60C07760C07060E0E07FE03850
:104A700000601800001800FEFF7F001800001800FA
:104A8000001800001800003800001800000000BAEC
:104A9000E7000000600000E00000C00030C0F87FC8
:104AA000C00003FC0703CC0603CC0603CC0603CCF2
:104AB0000603CC0603CC0603CC0603FC0703CC0696
:104AC00003C00303C00603C00E03F00F033E0C63D4
:104AD00000FEFF000000000000BFC6000000000054
:104AE0000C000F1CF8010CC0010CC0E10CC0C10D82
:104AF000C0010CFE0F0CC0010CC0610CE0E10CE029
:104B0000C70CF0CF6CF0CDFCD8811FD8F90CCC0DC0
:104B10000CC6010CC0010CC0010CC0010CC0010C82
:104B2000C0000CBCBC000000608001E08003E0809D
:104B300001E08001E08001FEFF7FE08001E0800174
:104B4000E08001E08601E0FF3FF03018FE301CEC11
:104B5000600CE0600EE0C006E0C007E08003E0C04B
:104B600007EC701EF81CFC600730000000C9CF0085
:104B70000000000000000C00001C00001C00001CD5
:104B800000001C00001C00001C0C00FC1F001C008E
:104B9000001C00001C00001C00001C00001C000089
:104BA0001C00001C00001C00001C30FEFF7F0000E9
:104BB00000000000000000D0D00000000000000055
:104BC0000000C00100C0F83F6000003003009803FF
:104BD00000CC0160C0FE7FE00003F00003F00003A2
:104BE000D80003CC0003C00003C00003C00003C012
:104BF0000003C00003C0F803C0C003008001000030
:104C000000CDA800000000000000FE0F18001C30BE
:104C1000300770E00170C00100FE3F00C63000C6E2
:104C2000307EFE3F60C63060C63060C63060FE3FFA
:104C300060C63060C63060C63060C638F8C63C9C7E
:104C400003180EFF7F00F83F000000D0C5000000F1
:104C5000006000C0C100C0C001C0C03160FF7F6003
:104C6000000030001870FE3F7800007800186CFEDD
:104C70003F66000060000060000060FC3F600C18B0
:104C8000600C18600C18600C1860FC1F600C186039
:104C90000C18000000D5FD000000000000000030EE
:104CA000F8FF7F003000003000003000003000C00E
:104CB0003000C03100C03018C0F03FC03000C030FC
:104CC00000C03000C03000C03000C03000C0300034
:104CD000C03030FEFF7F000000000000000000D266
:104CE000EC000000000000E0FF0760000660000626
:104CF000600006E0FF0760001E600018E00038C09A
:104D0000FF3F000000008703008301008331FEFFA6
:104D10007F008301808301808101C08101E08001E7
:104D20003080011C8001000000B3A30000000038A7
:104D300000C03907803B0300BB01F8FF7F180070FB
:104D40001C00308CFF1B80010380010380FF038067
:104D50003903003800E0FF1F60380C60380C603801
:104D60000C60380C60380F60380E003800003800D6
:104D7000000000D2BB0000000000000000000000A6
:104D80000000000000000000000000000000000023
:104D9000000000000030FEFF7F0000000000000067
:104DA0000000000000000000000000000000000003
:104DB00000000000000000000000000000B6FE003F
:104DC00000000000000000000000000000000000E3
:104DD0000CF0FF1F000000000000000000000000B9
:104DE00000000000000000000000000000000000C3
:104DF0000000000000000030FEFF7F000000000007
:104E000000000000000000C8FD00000000000000DD
:104E10000000000018F8FF3F000000000000000044
:104E200000000000000000000000000006F0FF0F7E
:104E30000000000000000000000000000000000072
:104E40000000000070FEFFFF0000000000000000F6
:104E500000CBC4000000000000000030F8FF3F3825
:104E6000C63838C63838C63838C63838C63838C66E
:104E70003838C63838C63838C73838C33838C338F1
:104E8000B8C13FB80138F80038780038380038F831
:104E9000FF3F380038380038000000C0EB00000049
:104EA000001C00003800003000FEFF7F00C000E062
:104EB000E60EE07C06E07806E0CE0FE0830FE0FF30
:104EC0000FC03806F8FF3F380C3838663838C33919
:104ED000B8F93BB80F3B38003B38003838001E1893
:104EE000000C000000B2E3000000000000F0FF1F13
:104EF000700038700018700018F0FF1F70001870F4
:104F0000000070000070FF1F700000700000300093
:104F100000F0FF7F307000307000383800181C0639
:104F200018060C0C031F8CFF39060000000000CE91
:104F3000BB000000C03000C06100C0E000E0C00065
:104F400060C03060FF7F700000F0000C78001C78BB
:104F50000C0E6C180E6C1806663806603806603841
:104F600003603003600003608001608061E0FFFF48
:104F7000600000600000000000D2C60000000000D9
:104F80000000800180C701F8C100C0E03FC0603868
:104F9000C0F01CC0DE0FFE8F07E08003E0C007E01A
:104FA000F103F0DF7FF0E670D87630D8D818CC8CDB
:104FB0001DC6800FC00003C0C001C07800C00F0034
:104FC000000000B4AB00000080C10080C301C0C17C
:104FD00000C0C100C0C000E0FE3F60E000F0600023
:104FE000F06000F86000F8FF7FEC7000E67000E011
:104FF0003018E0F83FE0301CE0000EE00006E03042
:1050000003E0E001E08007E0000E60000CB8D00093
:10501000000000C00600C00C00C00CF0FF7F30C0D4
:105020000030C019F0FF3930801D30800DB0BF0F47
:10503000B0B10798B16798FF6F8CF17C0C3078069F
:1050400018E0B0390CB07138B801339C01338C01D1
:105050000380FF03000000C6F7000000000000F01E
:10506000E71F70EE1C70EE1C70EE1C70EE1CF0EF73
:105070001F70FE1F301C37FCFF7F00C6000083013D
:10508000800103E0001EF0EF7F7C6E1C606E1C60F0
:105090006E1C606E1CE0EF1F606E1C30660C000022
:1050A00000CDA800000000000000FE0F18001C301A
:1050B000300770E00170C00100FE3F00C63000C63E
:1050C000307EFE3F60C63060C63060C63060FE3F56
:1050D00060C63060C63060C63060C638F8C63C9CDA
:1050E00003180EFF7F00F83F000000B5C00000006D
:1050F000000C0038180E70300660300380FF7F000F
:10510000C00000600060FC1FFE0C1C600C1C60FCFA
:105110001F600C1C600C1C60FC1F600C1C600C1CD5
:1051200060FC1F700C1CDC00008E0300007EF80089
:10513000F03F000000A3BA000000000000000000E3
:10514000000000000000000000000000000000005F
:10515000000000000000000000000078000078005F
:10516000007800000000000000000000007800004F
:10517000780000780000000000000000000000D669
:10518000D00000000000000000008000000080014E
:10519000000080010000800100008001000080010B
:1051A000001080010CF0FFFF0F30800104308001FF
:1051B000043080010430800104308001043080011B
:1051C000043080010430800104F0FFFF07308001CB
:1051D0000430800104008001000080010000800193
:1051E00000008001000080010000800100008001BB
:1051F000000080010000800100008000000000002D
:1052000000BEB00000000000000000000000000030
:1052100001800100FFFF0100038001000380010005
:10522000FFFF01000380010003800100FFFF010078
:10523000818100000003000000031CFCFFFF3F0011
:105240000040000003C00100FFFF010003C0000098
:1052500003C0000003C00000FFFF00000141000088
:10526000040100000E710000078101800101076048
:1052700000010E1898011C04E0011800C000000095
:10528000000000D4B000000000000000000000009A
:1052900008F0FFFF1F3000000C3000000C30001041
:1052A0000C30FE3F0C3004000C3000000C300000CD
:1052B0000C3000000C3000C00CF0FFFF0D30300649
:1052C0000E3030060C3010060C3010060C30100674
:1052D0000C3018860C3018860C3008060D300C8601
:1052E0000D3006EE0F3002FC0D3001000CF0000016
:1052F0000C3000000CF0FFFF0F3000000C1000001D
:105300000400000000B5E7000000000000000000FD
:10531000C0000000C0010000C0000000C00000008C
:10532000C0000000C00000E0FFFF0360C000036099
:10533000C0000360C0000360C0000360C0000360E1
:10534000C00003E0FFFF0360C0000360C000036013
:10535000C0000360C0000360C00003E0FFFF036003
:10536000C0000160C0000000C0000800C0001000C4
:10537000C0001000C0001800C001380080FF1F00EE
:1053800000000000000000D7D30000000000000073
:10539000000000000000000003C0FFFF07000080C5
:1053A000070000C000000060000000180000000CB2
:1053B00000008003000080030000800100008001E5
:1053C000080080011CFCFFFF3F00800100008001FD
:1053D00000008001000080010000800100008001C9
:1053E00000008001000080010000800100008001B9
:1053F00000008001000080010000FC010000E000CE
:1054000000004000000000000000000030540108CF
:1054100000000020B0020000EC11000868560108EE
:10542000B002002080C200003CEA0008000000003A
:10543000B120EFC1C081C1400101C3C0038002415E
:10544000C201C6C006800741C70005C1C581C4406E
:105450000401CCC00C800D41CD000FC1CF81CE40E6
:105460000E000AC1CA81CB400B01C9C009800841A6
:10547000C801D8C018801941D9001BC1DB81DA40AE
:105480001A001EC1DE81DF401F01DDC01D801C41EE
:10549000DC0014C1D481D5401501D7C01780164156
:1054A000D601D2C012801341D30011C1D181D040A6
:1054B0001001F0C030803141F10033C1F381F2407E
:1054C000320036C1F681F7403701F5C035803441EE
:1054D000F4003CC1FC81FD403D01FFC03F803E41E6
:1054E000FE01FAC03A803B41FB0039C1F981F84026
:1054F000380028C1E881E9402901EBC02B802A410E
:10550000EA01EEC02E802F41EF002DC1ED81EC406D
:105510002C01E4C024802541E50027C1E781E64055
:105520002620F022C1E281E3402301E1C021802056
:1055300041E001A0C060806141A10063C1A381A2DC
:1055400040620066C1A681A7406701A5C06580646E
:1055500041A4006CC1AC81AD406D01AFC06F806EE5
:1055600041AE01AAC06A806B41AB0069C1A981A8A4
:1055700040680078C1B881B9407901BBC07B807AAE
:1055800041BA01BEC07E807F41BF007DC1BD81BCEC
:10559000407C01B4C074807541B50077C1B781B655
:1055A00040760072C1B281B3407301B1C0718070A6
:1055B00041B00050C190819140510193C05380523D
:1055C00041920196C056805741970055C1958194EC
:1055D0004054019CC05C805D419D005FC19F819EE5
:1055E000405E005AC19A819B405B0199C059805826
:1055F00041980188C04880494189004BC18B818A0C
:10560000404A004EC18E818F404F018DC04D804C6D
:10561000418C302444C184818540450187C0478046
:105620004641860182C042804341830041C181815D
:1056300080404000F36F0643C0413241334842335B
:105640002041331643071DF0412B37010805512B2C
:10565000360108350100802533F401540100654509
:0856600001030001000000003D
:0400000508000131BD
:00000001FF
