#ifndef __LCDFONT_H
#define __LCDFONT_H 	   

const unsigned char ascii_1206[][12]={

{0x00,0x00,0x00,0x00,0x00,0x00,0x00,0x00,0x00,0x00,0x00,0x00},/*" ",0*/
{0x00,0x00,0x04,0x04,0x04,0x04,0x04,0x00,0x00,0x04,0x00,0x00},/*"!",1*/
{0x14,0x14,0x0A,0x00,0x00,0x00,0x00,0x00,0x00,0x00,0x00,0x00},/*""",2*/
{0x00,0x00,0x0A,0x0A,0x1F,0x0A,0x0A,0x1F,0x0A,0x0A,0x00,0x00},/*"#",3*/
{0x00,0x04,0x0E,0x15,0x05,0x06,0x0C,0x14,0x15,0x0E,0x04,0x00},/*"$",4*/
{0x00,0x00,0x12,0x15,0x0D,0x15,0x2E,0x2C,0x2A,0x12,0x00,0x00},/*"%",5*/
{0x00,0x00,0x04,0x0A,0x0A,0x36,0x15,0x15,0x29,0x16,0x00,0x00},/*"&",6*/
{0x02,0x02,0x01,0x00,0x00,0x00,0x00,0x00,0x00,0x00,0x00,0x00},/*"'",7*/
{0x10,0x08,0x08,0x04,0x04,0x04,0x04,0x04,0x08,0x08,0x10,0x00},/*"(",8*/
{0x02,0x04,0x04,0x08,0x08,0x08,0x08,0x08,0x04,0x04,0x02,0x00},/*")",9*/
{0x00,0x00,0x00,0x04,0x15,0x0E,0x0E,0x15,0x04,0x00,0x00,0x00},/*"*",10*/
{0x00,0x00,0x00,0x08,0x08,0x3E,0x08,0x08,0x00,0x00,0x00,0x00},/*"+",11*/
{0x00,0x00,0x00,0x00,0x00,0x00,0x00,0x00,0x02,0x02,0x01,0x00},/*",",12*/
{0x00,0x00,0x00,0x00,0x00,0x3F,0x00,0x00,0x00,0x00,0x00,0x00},/*"-",13*/
{0x00,0x00,0x00,0x00,0x00,0x00,0x00,0x00,0x00,0x02,0x00,0x00},/*".",14*/
{0x00,0x20,0x10,0x10,0x08,0x08,0x04,0x04,0x02,0x02,0x01,0x00},/*"/",15*/
{0x00,0x00,0x0E,0x11,0x11,0x11,0x11,0x11,0x11,0x0E,0x00,0x00},/*"0",16*/
{0x00,0x00,0x04,0x06,0x04,0x04,0x04,0x04,0x04,0x0E,0x00,0x00},/*"1",17*/
{0x00,0x00,0x0E,0x11,0x11,0x08,0x04,0x02,0x01,0x1F,0x00,0x00},/*"2",18*/
{0x00,0x00,0x0E,0x11,0x10,0x0C,0x10,0x10,0x11,0x0E,0x00,0x00},/*"3",19*/
{0x00,0x00,0x08,0x0C,0x0C,0x0A,0x09,0x1F,0x08,0x1C,0x00,0x00},/*"4",20*/
{0x00,0x00,0x1F,0x01,0x01,0x0F,0x11,0x10,0x11,0x0E,0x00,0x00},/*"5",21*/
{0x00,0x00,0x0C,0x12,0x01,0x0D,0x13,0x11,0x11,0x0E,0x00,0x00},/*"6",22*/
{0x00,0x00,0x1E,0x10,0x08,0x08,0x04,0x04,0x04,0x04,0x00,0x00},/*"7",23*/
{0x00,0x00,0x0E,0x11,0x11,0x0E,0x11,0x11,0x11,0x0E,0x00,0x00},/*"8",24*/
{0x00,0x00,0x0E,0x11,0x11,0x19,0x16,0x10,0x09,0x06,0x00,0x00},/*"9",25*/
{0x00,0x00,0x00,0x00,0x04,0x00,0x00,0x00,0x00,0x04,0x00,0x00},/*":",26*/
{0x00,0x00,0x00,0x00,0x00,0x04,0x00,0x00,0x00,0x04,0x04,0x00},/*";",27*/
{0x00,0x00,0x10,0x08,0x04,0x02,0x02,0x04,0x08,0x10,0x00,0x00},/*"<",28*/
{0x00,0x00,0x00,0x00,0x3F,0x00,0x3F,0x00,0x00,0x00,0x00,0x00},/*"=",29*/
{0x00,0x00,0x02,0x04,0x08,0x10,0x10,0x08,0x04,0x02,0x00,0x00},/*">",30*/
{0x00,0x00,0x0E,0x11,0x11,0x08,0x04,0x04,0x00,0x04,0x00,0x00},/*"?",31*/
{0x00,0x00,0x1C,0x22,0x29,0x2D,0x2D,0x1D,0x22,0x1C,0x00,0x00},/*"@",32*/
{0x00,0x00,0x04,0x04,0x0C,0x0A,0x0A,0x1E,0x12,0x33,0x00,0x00},/*"A",33*/
{0x00,0x00,0x0F,0x12,0x12,0x0E,0x12,0x12,0x12,0x0F,0x00,0x00},/*"B",34*/
{0x00,0x00,0x1E,0x11,0x01,0x01,0x01,0x01,0x11,0x0E,0x00,0x00},/*"C",35*/
{0x00,0x00,0x0F,0x12,0x12,0x12,0x12,0x12,0x12,0x0F,0x00,0x00},/*"D",36*/
{0x00,0x00,0x1F,0x12,0x0A,0x0E,0x0A,0x02,0x12,0x1F,0x00,0x00},/*"E",37*/
{0x00,0x00,0x1F,0x12,0x0A,0x0E,0x0A,0x02,0x02,0x07,0x00,0x00},/*"F",38*/
{0x00,0x00,0x1C,0x12,0x01,0x01,0x39,0x11,0x12,0x0C,0x00,0x00},/*"G",39*/
{0x00,0x00,0x33,0x12,0x12,0x1E,0x12,0x12,0x12,0x33,0x00,0x00},/*"H",40*/
{0x00,0x00,0x1F,0x04,0x04,0x04,0x04,0x04,0x04,0x1F,0x00,0x00},/*"I",41*/
{0x00,0x00,0x3E,0x08,0x08,0x08,0x08,0x08,0x08,0x08,0x09,0x07},/*"J",42*/
{0x00,0x00,0x37,0x12,0x0A,0x06,0x0A,0x12,0x12,0x37,0x00,0x00},/*"K",43*/
{0x00,0x00,0x07,0x02,0x02,0x02,0x02,0x02,0x22,0x3F,0x00,0x00},/*"L",44*/
{0x00,0x00,0x3B,0x1B,0x1B,0x1B,0x15,0x15,0x15,0x35,0x00,0x00},/*"M",45*/
{0x00,0x00,0x3B,0x12,0x16,0x16,0x1A,0x1A,0x12,0x17,0x00,0x00},/*"N",46*/
{0x00,0x00,0x0E,0x11,0x11,0x11,0x11,0x11,0x11,0x0E,0x00,0x00},/*"O",47*/
{0x00,0x00,0x0F,0x12,0x12,0x0E,0x02,0x02,0x02,0x07,0x00,0x00},/*"P",48*/
{0x00,0x00,0x0E,0x11,0x11,0x11,0x11,0x17,0x19,0x0E,0x18,0x00},/*"Q",49*/
{0x00,0x00,0x0F,0x12,0x12,0x0E,0x0A,0x12,0x12,0x37,0x00,0x00},/*"R",50*/
{0x00,0x00,0x1E,0x11,0x01,0x06,0x08,0x10,0x11,0x0F,0x00,0x00},/*"S",51*/
{0x00,0x00,0x1F,0x15,0x04,0x04,0x04,0x04,0x04,0x0E,0x00,0x00},/*"T",52*/
{0x00,0x00,0x33,0x12,0x12,0x12,0x12,0x12,0x12,0x0C,0x00,0x00},/*"U",53*/
{0x00,0x00,0x33,0x12,0x12,0x0A,0x0A,0x0C,0x04,0x04,0x00,0x00},/*"V",54*/
{0x00,0x00,0x15,0x15,0x15,0x15,0x0E,0x0A,0x0A,0x0A,0x00,0x00},/*"W",55*/
{0x00,0x00,0x1B,0x0A,0x0A,0x04,0x04,0x0A,0x0A,0x1B,0x00,0x00},/*"X",56*/
{0x00,0x00,0x1B,0x0A,0x0A,0x0A,0x04,0x04,0x04,0x0E,0x00,0x00},/*"Y",57*/
{0x00,0x00,0x1F,0x09,0x08,0x04,0x04,0x02,0x12,0x1F,0x00,0x00},/*"Z",58*/
{0x1C,0x04,0x04,0x04,0x04,0x04,0x04,0x04,0x04,0x04,0x1C,0x00},/*"[",59*/
{0x00,0x02,0x02,0x04,0x04,0x04,0x08,0x08,0x08,0x10,0x10,0x00},/*"\",60*/
{0x0E,0x08,0x08,0x08,0x08,0x08,0x08,0x08,0x08,0x08,0x0E,0x00},/*"]",61*/
{0x04,0x0A,0x00,0x00,0x00,0x00,0x00,0x00,0x00,0x00,0x00,0x00},/*"^",62*/
{0x00,0x00,0x00,0x00,0x00,0x00,0x00,0x00,0x00,0x00,0x00,0x3F},/*"_",63*/
{0x02,0x04,0x00,0x00,0x00,0x00,0x00,0x00,0x00,0x00,0x00,0x00},/*"`",64*/
{0x00,0x00,0x00,0x00,0x00,0x0C,0x12,0x1C,0x12,0x3C,0x00,0x00},/*"a",65*/
{0x00,0x03,0x02,0x02,0x02,0x0E,0x12,0x12,0x12,0x0E,0x00,0x00},/*"b",66*/
{0x00,0x00,0x00,0x00,0x00,0x1C,0x12,0x02,0x12,0x0C,0x00,0x00},/*"c",67*/
{0x00,0x18,0x10,0x10,0x10,0x1C,0x12,0x12,0x12,0x3C,0x00,0x00},/*"d",68*/
{0x00,0x00,0x00,0x00,0x00,0x0C,0x12,0x1E,0x02,0x1C,0x00,0x00},/*"e",69*/
{0x00,0x18,0x24,0x04,0x04,0x1E,0x04,0x04,0x04,0x1E,0x00,0x00},/*"f",70*/
{0x00,0x00,0x00,0x00,0x00,0x3C,0x12,0x0C,0x02,0x1C,0x22,0x1C},/*"g",71*/
{0x00,0x03,0x02,0x02,0x02,0x0E,0x12,0x12,0x12,0x37,0x00,0x00},/*"h",72*/
{0x00,0x04,0x04,0x00,0x00,0x06,0x04,0x04,0x04,0x0E,0x00,0x00},/*"i",73*/
{0x00,0x08,0x08,0x00,0x00,0x0C,0x08,0x08,0x08,0x08,0x08,0x07},/*"j",74*/
{0x00,0x03,0x02,0x02,0x02,0x1A,0x0A,0x06,0x0A,0x13,0x00,0x00},/*"k",75*/
{0x00,0x07,0x04,0x04,0x04,0x04,0x04,0x04,0x04,0x1F,0x00,0x00},/*"l",76*/
{0x00,0x00,0x00,0x00,0x00,0x0F,0x15,0x15,0x15,0x15,0x00,0x00},/*"m",77*/
{0x00,0x00,0x00,0x00,0x00,0x0F,0x12,0x12,0x12,0x37,0x00,0x00},/*"n",78*/
{0x00,0x00,0x00,0x00,0x00,0x0C,0x12,0x12,0x12,0x0C,0x00,0x00},/*"o",79*/
{0x00,0x00,0x00,0x00,0x00,0x0F,0x12,0x12,0x12,0x0E,0x02,0x07},/*"p",80*/
{0x00,0x00,0x00,0x00,0x00,0x1C,0x12,0x12,0x12,0x1C,0x10,0x38},/*"q",81*/
{0x00,0x00,0x00,0x00,0x00,0x1B,0x06,0x02,0x02,0x07,0x00,0x00},/*"r",82*/
{0x00,0x00,0x00,0x00,0x00,0x1E,0x02,0x0C,0x10,0x1E,0x00,0x00},/*"s",83*/
{0x00,0x00,0x00,0x04,0x04,0x1E,0x04,0x04,0x04,0x1C,0x00,0x00},/*"t",84*/
{0x00,0x00,0x00,0x00,0x00,0x1B,0x12,0x12,0x12,0x3C,0x00,0x00},/*"u",85*/
{0x00,0x00,0x00,0x00,0x00,0x1B,0x0A,0x0A,0x04,0x04,0x00,0x00},/*"v",86*/
{0x00,0x00,0x00,0x00,0x00,0x15,0x15,0x0E,0x0A,0x0A,0x00,0x00},/*"w",87*/
{0x00,0x00,0x00,0x00,0x00,0x1B,0x0A,0x04,0x0A,0x1B,0x00,0x00},/*"x",88*/
{0x00,0x00,0x00,0x00,0x00,0x33,0x12,0x12,0x0C,0x08,0x04,0x03},/*"y",89*/
{0x00,0x00,0x00,0x00,0x00,0x1E,0x08,0x04,0x04,0x1E,0x00,0x00},/*"z",90*/
{0x18,0x08,0x08,0x08,0x08,0x0C,0x08,0x08,0x08,0x08,0x18,0x00},/*"{",91*/
{0x08,0x08,0x08,0x08,0x08,0x08,0x08,0x08,0x08,0x08,0x08,0x08},/*"|",92*/
{0x06,0x04,0x04,0x04,0x04,0x08,0x04,0x04,0x04,0x04,0x06,0x00},/*"}",93*/
{0x16,0x09,0x00,0x00,0x00,0x00,0x00,0x00,0x00,0x00,0x00,0x00},/*"~",94*/
};



const unsigned char ascii_1608[][16]={
{0x00,0x00,0x00,0x00,0x00,0x00,0x00,0x00,0x00,0x00,0x00,0x00,0x00,0x00,0x00,0x00},/*" ",0*/
{0x00,0x00,0x00,0x18,0x18,0x18,0x18,0x18,0x18,0x18,0x00,0x00,0x18,0x18,0x00,0x00},/*"!",1*/
{0x00,0xD8,0x6C,0x6C,0x36,0x00,0x00,0x00,0x00,0x00,0x00,0x00,0x00,0x00,0x00,0x00},/*""",2*/
{0x00,0x00,0x00,0xD8,0xD8,0xD8,0xFE,0x6C,0x6C,0x6C,0xFE,0x6C,0x6C,0x6C,0x00,0x00},/*"#",3*/
{0x00,0x00,0x30,0x7C,0xF6,0xF6,0x36,0x3C,0x70,0xF0,0xF0,0xF6,0xF6,0x7C,0x30,0x30},/*"$",4*/
{0x00,0x00,0x00,0x66,0x6F,0x3F,0x3F,0x1F,0x7E,0xF8,0xFC,0xFC,0xF6,0x66,0x00,0x00},/*"%",5*/
{0x00,0x00,0x00,0x1C,0x36,0x36,0x36,0x1E,0xFE,0x6F,0x7B,0x3B,0xB3,0xFE,0x00,0x00},/*"&",6*/
{0x00,0x0E,0x0C,0x0C,0x06,0x00,0x00,0x00,0x00,0x00,0x00,0x00,0x00,0x00,0x00,0x00},/*"'",7*/
{0x00,0xC0,0x60,0x30,0x30,0x18,0x18,0x18,0x18,0x18,0x18,0x30,0x30,0x60,0xC0,0x00},/*"(",8*/
{0x00,0x06,0x0C,0x18,0x18,0x30,0x30,0x30,0x30,0x30,0x30,0x18,0x18,0x0C,0x06,0x00},/*")",9*/
{0x00,0x00,0x00,0x00,0x18,0x18,0xFF,0x3C,0x3C,0xFF,0x18,0x18,0x00,0x00,0x00,0x00},/*"*",10*/
{0x00,0x00,0x00,0x00,0x00,0x30,0x30,0x30,0xFE,0x30,0x30,0x30,0x00,0x00,0x00,0x00},/*"+",11*/
{0x00,0x00,0x00,0x00,0x00,0x00,0x00,0x00,0x00,0x00,0x00,0x00,0x0E,0x0C,0x0C,0x06},/*",",12*/
{0x00,0x00,0x00,0x00,0x00,0x00,0x00,0x00,0xFE,0x00,0x00,0x00,0x00,0x00,0x00,0x00},/*"-",13*/
{0x00,0x00,0x00,0x00,0x00,0x00,0x00,0x00,0x00,0x00,0x00,0x00,0x0E,0x0E,0x00,0x00},/*".",14*/
{0x00,0x00,0xC0,0x60,0x60,0x60,0x30,0x30,0x18,0x18,0x18,0x0C,0x0C,0x06,0x06,0x00},/*"/",15*/
{0x00,0x00,0x00,0x38,0x6C,0xC6,0xC6,0xC6,0xC6,0xC6,0xC6,0xC6,0x6C,0x38,0x00,0x00},/*"0",16*/
{0x00,0x00,0x00,0x30,0x3C,0x30,0x30,0x30,0x30,0x30,0x30,0x30,0x30,0xFC,0x00,0x00},/*"1",17*/
{0x00,0x00,0x00,0x7C,0xC6,0xC6,0xC6,0xC0,0x60,0x30,0x18,0x0C,0xC6,0xFE,0x00,0x00},/*"2",18*/
{0x00,0x00,0x00,0x7C,0xC6,0xC6,0xC0,0x60,0x38,0x60,0xC0,0xC6,0xC6,0x7C,0x00,0x00},/*"3",19*/
{0x00,0x00,0x00,0x60,0x70,0x70,0x78,0x6C,0x6C,0x66,0xFE,0x60,0x60,0xF8,0x00,0x00},/*"4",20*/
{0x00,0x00,0x00,0xFE,0x06,0x06,0x06,0x3E,0x66,0xC0,0xC0,0xC6,0x66,0x3C,0x00,0x00},/*"5",21*/
{0x00,0x00,0x00,0x38,0x6C,0x06,0x06,0x7E,0xCE,0xC6,0xC6,0xC6,0xCC,0x78,0x00,0x00},/*"6",22*/
{0x00,0x00,0x00,0xFE,0xC6,0x60,0x60,0x30,0x30,0x18,0x18,0x18,0x18,0x18,0x00,0x00},/*"7",23*/
{0x00,0x00,0x00,0x7C,0xC6,0xC6,0xC6,0x6C,0x38,0x6C,0xC6,0xC6,0xC6,0x7C,0x00,0x00},/*"8",24*/
{0x00,0x00,0x00,0x3C,0x66,0xC6,0xC6,0xC6,0xE6,0xFC,0xC0,0xC0,0x6C,0x38,0x00,0x00},/*"9",25*/
{0x00,0x00,0x00,0x00,0x00,0x00,0x38,0x38,0x00,0x00,0x00,0x00,0x38,0x38,0x00,0x00},/*":",26*/
{0x00,0x00,0x00,0x00,0x00,0x00,0x00,0x18,0x00,0x00,0x00,0x00,0x00,0x18,0x18,0x18},/*";",27*/
{0x00,0x00,0x00,0xC0,0x60,0x30,0x18,0x0C,0x06,0x0C,0x18,0x30,0x60,0xC0,0x00,0x00},/*"<",28*/
{0x00,0x00,0x00,0x00,0x00,0x00,0xFE,0x00,0x00,0xFE,0x00,0x00,0x00,0x00,0x00,0x00},/*"=",29*/
{0x00,0x00,0x00,0x06,0x0C,0x18,0x30,0x60,0xC0,0x60,0x30,0x18,0x0C,0x06,0x00,0x00},/*">",30*/
{0x00,0x00,0x00,0x7C,0xC6,0xC6,0xCE,0x60,0x30,0x30,0x30,0x00,0x38,0x38,0x00,0x00},/*"?",31*/
{0x00,0x00,0x00,0x3C,0x66,0xFE,0xFF,0xFF,0xFF,0xFF,0xFF,0x7E,0xC6,0x7C,0x00,0x00},/*"@",32*/
{0x00,0x00,0x00,0x18,0x18,0x38,0x3C,0x3C,0x6C,0x7C,0x66,0xC6,0xC6,0xEF,0x00,0x00},/*"A",33*/
{0x00,0x00,0x00,0x3F,0x66,0x66,0x66,0x3E,0x66,0xC6,0xC6,0xC6,0x66,0x3F,0x00,0x00},/*"B",34*/
{0x00,0x00,0x00,0xFC,0xC6,0xC6,0x03,0x03,0x03,0x03,0x03,0xC6,0x66,0x3C,0x00,0x00},/*"C",35*/
{0x00,0x00,0x00,0x3F,0x66,0xC6,0xC6,0xC6,0xC6,0xC6,0xC6,0xC6,0x66,0x3F,0x00,0x00},/*"D",36*/
{0x00,0x00,0x00,0x7F,0xC6,0x36,0x36,0x3E,0x36,0x36,0x06,0xC6,0xC6,0x7F,0x00,0x00},/*"E",37*/
{0x00,0x00,0x00,0x7F,0xC6,0x36,0x36,0x3E,0x36,0x36,0x06,0x06,0x06,0x0F,0x00,0x00},/*"F",38*/
{0x00,0x00,0x00,0x7C,0x66,0x66,0x03,0x03,0x03,0xF3,0x63,0x66,0x66,0x3C,0x00,0x00},/*"G",39*/
{0x00,0x00,0x00,0xEF,0xC6,0xC6,0xC6,0xC6,0xFE,0xC6,0xC6,0xC6,0xC6,0xEF,0x00,0x00},/*"H",40*/
{0x00,0x00,0x00,0x7E,0x18,0x18,0x18,0x18,0x18,0x18,0x18,0x18,0x18,0x7E,0x00,0x00},/*"I",41*/
{0x00,0x00,0x00,0xFC,0x30,0x30,0x30,0x30,0x30,0x30,0x30,0x30,0x30,0x30,0x33,0x1F},/*"J",42*/
{0x00,0x00,0x00,0xFF,0x66,0x36,0x1E,0x1E,0x1E,0x36,0x36,0x66,0x66,0xFF,0x00,0x00},/*"K",43*/
{0x00,0x00,0x00,0x0F,0x06,0x06,0x06,0x06,0x06,0x06,0x06,0x06,0xC6,0xFF,0x00,0x00},/*"L",44*/
{0x00,0x00,0x00,0xFF,0x7E,0x7E,0x7E,0x7E,0x7E,0x7E,0x7E,0x7E,0x7E,0xFF,0x00,0x00},/*"M",45*/
{0x00,0x00,0x00,0xE7,0xCE,0xCE,0xDE,0xDE,0xF6,0xF6,0xF6,0xE6,0xE6,0xCF,0x00,0x00},/*"N",46*/
{0x00,0x00,0x00,0x3C,0x66,0xC3,0xC3,0xC3,0xC3,0xC3,0xC3,0xC3,0x66,0x3C,0x00,0x00},/*"O",47*/
{0x00,0x00,0x00,0x7F,0xC6,0xC6,0xC6,0xC6,0x7E,0x06,0x06,0x06,0x06,0x0F,0x00,0x00},/*"P",48*/
{0x00,0x00,0x00,0x3C,0x66,0xC3,0xC3,0xC3,0xC3,0xC3,0xC3,0xDF,0x76,0x3C,0xE0,0x00},/*"Q",49*/
{0x00,0x00,0x00,0x7F,0xC6,0xC6,0xC6,0x7E,0x36,0x36,0x66,0x66,0xC6,0xCF,0x00,0x00},/*"R",50*/
{0x00,0x00,0x00,0xFC,0xC6,0xC6,0x06,0x0C,0x38,0x60,0xC0,0xC6,0xC6,0x7E,0x00,0x00},/*"S",51*/
{0x00,0x00,0x00,0xFF,0xDB,0x18,0x18,0x18,0x18,0x18,0x18,0x18,0x18,0x3C,0x00,0x00},/*"T",52*/
{0x00,0x00,0x00,0xEF,0xC6,0xC6,0xC6,0xC6,0xC6,0xC6,0xC6,0xC6,0xC6,0x7C,0x00,0x00},/*"U",53*/
{0x00,0x00,0x00,0xEF,0xC6,0xC6,0x66,0x6C,0x6C,0x3C,0x3C,0x38,0x18,0x18,0x00,0x00},/*"V",54*/
{0x00,0x00,0x00,0xFF,0x7E,0x7E,0x7E,0x7E,0x7E,0x7E,0x3C,0x3C,0x3C,0x3C,0x00,0x00},/*"W",55*/
{0x00,0x00,0x00,0xEF,0xC6,0x6C,0x6C,0x38,0x38,0x38,0x6C,0x6C,0xC6,0xEF,0x00,0x00},/*"X",56*/
{0x00,0x00,0x00,0xFF,0x66,0x66,0x3C,0x3C,0x18,0x18,0x18,0x18,0x18,0x3C,0x00,0x00},/*"Y",57*/
{0x00,0x00,0x00,0xFE,0x63,0x60,0x30,0x30,0x18,0x0C,0x0C,0xC6,0xC6,0x7F,0x00,0x00},/*"Z",58*/
{0x00,0xF8,0x18,0x18,0x18,0x18,0x18,0x18,0x18,0x18,0x18,0x18,0x18,0x18,0xF8,0x00},/*"[",59*/
{0x00,0x00,0x06,0x0C,0x0C,0x0C,0x18,0x18,0x18,0x30,0x30,0x60,0x60,0x60,0xC0,0xC0},/*"\",60*/
{0x00,0x3E,0x30,0x30,0x30,0x30,0x30,0x30,0x30,0x30,0x30,0x30,0x30,0x30,0x3E,0x00},/*"]",61*/
{0x00,0x38,0x6C,0x00,0x00,0x00,0x00,0x00,0x00,0x00,0x00,0x00,0x00,0x00,0x00,0x00},/*"^",62*/
{0x00,0x00,0x00,0x00,0x00,0x00,0x00,0x00,0x00,0x00,0x00,0x00,0x00,0x00,0x00,0xFF},/*"_",63*/
{0x00,0x0E,0x18,0x00,0x00,0x00,0x00,0x00,0x00,0x00,0x00,0x00,0x00,0x00,0x00,0x00},/*"`",64*/
{0x00,0x00,0x00,0x00,0x00,0x00,0x00,0x3C,0x66,0x70,0x7C,0x66,0x76,0xFC,0x00,0x00},/*"a",65*/
{0x00,0x00,0x00,0x00,0x07,0x06,0x06,0x3E,0x6E,0xC6,0xC6,0xC6,0x6E,0x3E,0x00,0x00},/*"b",66*/
{0x00,0x00,0x00,0x00,0x00,0x00,0x00,0x78,0xCC,0x06,0x06,0x06,0xCC,0x78,0x00,0x00},/*"c",67*/
{0x00,0x00,0x00,0x00,0xE0,0xC0,0xC0,0xFC,0xC6,0xC6,0xC6,0xC6,0xE6,0xFC,0x00,0x00},/*"d",68*/
{0x00,0x00,0x00,0x00,0x00,0x00,0x00,0x7C,0xC6,0xC6,0xFE,0x06,0xC6,0x7C,0x00,0x00},/*"e",69*/
{0x00,0x00,0x00,0x00,0x70,0xD8,0x18,0x7E,0x18,0x18,0x18,0x18,0x18,0x7E,0x00,0x00},/*"f",70*/
{0x00,0x00,0x00,0x00,0x00,0x00,0x00,0xFC,0x66,0x66,0x3C,0x06,0x7C,0xC6,0xC6,0x7C},/*"g",71*/
{0x00,0x00,0x00,0x00,0x07,0x06,0x06,0x7E,0xCE,0xC6,0xC6,0xC6,0xC6,0xEF,0x00,0x00},/*"h",72*/
{0x00,0x00,0x00,0x1C,0x1C,0x00,0x00,0x1E,0x18,0x18,0x18,0x18,0x18,0x7E,0x00,0x00},/*"i",73*/
{0x00,0x00,0x00,0x70,0x70,0x00,0x00,0x78,0x60,0x60,0x60,0x60,0x60,0x60,0x66,0x3E},/*"j",74*/
{0x00,0x00,0x00,0x00,0x07,0x06,0x06,0xF6,0x36,0x1E,0x1E,0x36,0x66,0xFF,0x00,0x00},/*"k",75*/
{0x00,0x00,0x00,0x18,0x1E,0x18,0x18,0x18,0x18,0x18,0x18,0x18,0x18,0x7E,0x00,0x00},/*"l",76*/
{0x00,0x00,0x00,0x00,0x00,0x00,0x00,0xFF,0xB6,0xB6,0xB6,0xB6,0xB6,0xFF,0x00,0x00},/*"m",77*/
{0x00,0x00,0x00,0x00,0x00,0x00,0x00,0x7F,0xCE,0xC6,0xC6,0xC6,0xC6,0xEF,0x00,0x00},/*"n",78*/
{0x00,0x00,0x00,0x00,0x00,0x00,0x00,0x7C,0xC6,0xC6,0xC6,0xC6,0xC6,0x7C,0x00,0x00},/*"o",79*/
{0x00,0x00,0x00,0x00,0x00,0x00,0x00,0x3F,0x6E,0xC6,0xC6,0xC6,0x6E,0x3E,0x06,0x0F},/*"p",80*/
{0x00,0x00,0x00,0x00,0x00,0x00,0x00,0xF8,0xEC,0xC6,0xC6,0xC6,0xEC,0xF8,0xC0,0xE0},/*"q",81*/
{0x00,0x00,0x00,0x00,0x00,0x00,0x00,0xFF,0xDC,0x0C,0x0C,0x0C,0x0C,0x3F,0x00,0x00},/*"r",82*/
{0x00,0x00,0x00,0x00,0x00,0x00,0x00,0xFC,0xC6,0x06,0x7C,0xC0,0xC6,0x7E,0x00,0x00},/*"s",83*/
{0x00,0x00,0x00,0x00,0x00,0x18,0x18,0x7E,0x18,0x18,0x18,0x18,0xD8,0x70,0x00,0x00},/*"t",84*/
{0x00,0x00,0x00,0x00,0x00,0x00,0x00,0xE7,0xC6,0xC6,0xC6,0xC6,0xE6,0xFC,0x00,0x00},/*"u",85*/
{0x00,0x00,0x00,0x00,0x00,0x00,0x00,0xFF,0x66,0x66,0x3C,0x3C,0x18,0x18,0x00,0x00},/*"v",86*/
{0x00,0x00,0x00,0x00,0x00,0x00,0x00,0xFF,0xB3,0xF6,0xFE,0x7E,0x6C,0x6C,0x00,0x00},/*"w",87*/
{0x00,0x00,0x00,0x00,0x00,0x00,0x00,0xFE,0x6C,0x38,0x38,0x38,0x6C,0xFE,0x00,0x00},/*"x",88*/
{0x00,0x00,0x00,0x00,0x00,0x00,0x00,0xEF,0xC6,0x6C,0x6C,0x38,0x38,0x18,0x18,0x0E},/*"y",89*/
{0x00,0x00,0x00,0x00,0x00,0x00,0x00,0xFE,0x66,0x30,0x18,0x18,0xCC,0xFE,0x00,0x00},/*"z",90*/
{0x00,0xC0,0x60,0x60,0x60,0x60,0x60,0x60,0x30,0x60,0x60,0x60,0x60,0x60,0xC0,0x00},/*"{",91*/
{0x30,0x30,0x30,0x30,0x30,0x30,0x30,0x30,0x30,0x30,0x30,0x30,0x30,0x30,0x30,0x30},/*"|",92*/
{0x00,0x07,0x0C,0x0C,0x0C,0x0C,0x0C,0x0C,0x18,0x0C,0x0C,0x0C,0x0C,0x0C,0x07,0x00},/*"}",93*/
{0x0C,0xFE,0x60,0x00,0x00,0x00,0x00,0x00,0x00,0x00,0x00,0x00,0x00,0x00,0x00,0x00},/*"~",94*/
}; 
const unsigned char ascii_2412[][48]={
{0x00,0x00,0x00,0x00,0x00,0x00,0x00,0x00,0x00,0x00,0x00,0x00,0x00,0x00,0x00,0x00,0x00,0x00,0x00,0x00,0x00,0x00,0x00,0x00,0x00,0x00,0x00,0x00,0x00,0x00,0x00,0x00,0x00,0x00,0x00,0x00,0x00,0x00,0x00,0x00,0x00,0x00,0x00,0x00,0x00,0x00,0x00,0x00},/*" ",0*/
{0x00,0x00,0x00,0x00,0x00,0x00,0x00,0x00,0x60,0x00,0x60,0x00,0x60,0x00,0x60,0x00,0x60,0x00,0x60,0x00,0x60,0x00,0x40,0x00,0x20,0x00,0x20,0x00,0x20,0x00,0x00,0x00,0x00,0x00,0x00,0x00,0x60,0x00,0x60,0x00,0x60,0x00,0x00,0x00,0x00,0x00,0x00,0x00},/*"!",1*/
{0x00,0x00,0x00,0x00,0x60,0x06,0x60,0x06,0x30,0x03,0x98,0x01,0x88,0x00,0x44,0x00,0x00,0x00,0x00,0x00,0x00,0x00,0x00,0x00,0x00,0x00,0x00,0x00,0x00,0x00,0x00,0x00,0x00,0x00,0x00,0x00,0x00,0x00,0x00,0x00,0x00,0x00,0x00,0x00,0x00,0x00,0x00,0x00},/*""",2*/
{0x00,0x00,0x00,0x00,0x00,0x00,0x00,0x00,0x10,0x02,0x10,0x02,0x10,0x02,0x10,0x02,0xFE,0x07,0xFE,0x07,0x08,0x02,0x08,0x01,0x08,0x01,0x08,0x01,0x08,0x01,0xFE,0x07,0xFE,0x07,0x04,0x01,0x04,0x01,0x04,0x01,0x04,0x01,0x00,0x00,0x00,0x00,0x00,0x00},/*"#",3*/
{0x00,0x00,0x00,0x00,0x00,0x00,0x40,0x00,0x40,0x00,0xF0,0x01,0x58,0x03,0x4C,0x03,0xCC,0x03,0x4C,0x00,0x58,0x00,0x70,0x00,0xE0,0x00,0xC0,0x01,0xC0,0x01,0x40,0x03,0x4C,0x03,0x5C,0x03,0x4C,0x03,0x48,0x01,0xF0,0x00,0x40,0x00,0x40,0x00,0x00,0x00},/*"$",4*/
{0x00,0x00,0x00,0x00,0x00,0x00,0x00,0x00,0x0E,0x01,0x0A,0x01,0x91,0x00,0x91,0x00,0x91,0x00,0x51,0x00,0x51,0x00,0x3A,0x00,0xAE,0x03,0xA0,0x02,0x50,0x04,0x50,0x04,0x48,0x04,0x48,0x04,0x48,0x04,0x84,0x02,0x84,0x03,0x00,0x00,0x00,0x00,0x00,0x00},/*"%",5*/
{0x00,0x00,0x00,0x00,0x00,0x00,0x00,0x00,0x38,0x00,0x6C,0x00,0x6C,0x00,0x6C,0x00,0x6C,0x00,0x6C,0x00,0x2C,0x00,0x98,0x07,0x1C,0x01,0x1A,0x01,0x33,0x01,0x33,0x01,0x63,0x01,0xE3,0x00,0xC3,0x08,0xC6,0x09,0x3C,0x07,0x00,0x00,0x00,0x00,0x00,0x00},/*"&",6*/
{0x00,0x00,0x00,0x00,0x0C,0x00,0x1C,0x00,0x10,0x00,0x10,0x00,0x08,0x00,0x04,0x00,0x00,0x00,0x00,0x00,0x00,0x00,0x00,0x00,0x00,0x00,0x00,0x00,0x00,0x00,0x00,0x00,0x00,0x00,0x00,0x00,0x00,0x00,0x00,0x00,0x00,0x00,0x00,0x00,0x00,0x00,0x00,0x00},/*"'",7*/
{0x00,0x00,0x00,0x00,0x00,0x04,0x00,0x02,0x00,0x01,0x80,0x00,0x80,0x00,0x40,0x00,0x40,0x00,0x20,0x00,0x20,0x00,0x20,0x00,0x20,0x00,0x20,0x00,0x20,0x00,0x20,0x00,0x40,0x00,0x40,0x00,0x80,0x00,0x80,0x00,0x00,0x01,0x00,0x02,0x00,0x04,0x00,0x00},/*"(",8*/
{0x00,0x00,0x00,0x00,0x02,0x00,0x04,0x00,0x08,0x00,0x10,0x00,0x10,0x00,0x20,0x00,0x20,0x00,0x40,0x00,0x40,0x00,0x40,0x00,0x40,0x00,0x40,0x00,0x40,0x00,0x40,0x00,0x20,0x00,0x20,0x00,0x10,0x00,0x10,0x00,0x08,0x00,0x04,0x00,0x02,0x00,0x00,0x00},/*")",9*/
{0x00,0x00,0x00,0x00,0x00,0x00,0x00,0x00,0x00,0x00,0x00,0x00,0x40,0x00,0xC0,0x00,0x40,0x00,0x46,0x0C,0x4E,0x0F,0xD0,0x01,0xF0,0x01,0x5E,0x0F,0x46,0x0C,0x40,0x00,0x40,0x00,0x40,0x00,0x00,0x00,0x00,0x00,0x00,0x00,0x00,0x00,0x00,0x00,0x00,0x00},/*"*",10*/
{0x00,0x00,0x00,0x00,0x00,0x00,0x00,0x00,0x00,0x00,0x00,0x00,0x00,0x00,0x40,0x00,0x40,0x00,0x40,0x00,0x40,0x00,0x40,0x00,0xFE,0x0F,0x40,0x00,0x40,0x00,0x40,0x00,0x40,0x00,0x40,0x00,0x00,0x00,0x00,0x00,0x00,0x00,0x00,0x00,0x00,0x00,0x00,0x00},/*"+",11*/
{0x00,0x00,0x00,0x00,0x00,0x00,0x00,0x00,0x00,0x00,0x00,0x00,0x00,0x00,0x00,0x00,0x00,0x00,0x00,0x00,0x00,0x00,0x00,0x00,0x00,0x00,0x00,0x00,0x00,0x00,0x00,0x00,0x00,0x00,0x00,0x00,0x0C,0x00,0x1C,0x00,0x10,0x00,0x10,0x00,0x08,0x00,0x04,0x00},/*",",12*/
{0x00,0x00,0x00,0x00,0x00,0x00,0x00,0x00,0x00,0x00,0x00,0x00,0x00,0x00,0x00,0x00,0x00,0x00,0x00,0x00,0x00,0x00,0x00,0x00,0xFE,0x07,0x00,0x00,0x00,0x00,0x00,0x00,0x00,0x00,0x00,0x00,0x00,0x00,0x00,0x00,0x00,0x00,0x00,0x00,0x00,0x00,0x00,0x00},/*"-",13*/
{0x00,0x00,0x00,0x00,0x00,0x00,0x00,0x00,0x00,0x00,0x00,0x00,0x00,0x00,0x00,0x00,0x00,0x00,0x00,0x00,0x00,0x00,0x00,0x00,0x00,0x00,0x00,0x00,0x00,0x00,0x00,0x00,0x00,0x00,0x00,0x00,0x1C,0x00,0x1C,0x00,0x1C,0x00,0x00,0x00,0x00,0x00,0x00,0x00},/*".",14*/
{0x00,0x00,0x00,0x00,0x00,0x04,0x00,0x06,0x00,0x02,0x00,0x03,0x00,0x01,0x00,0x01,0x80,0x00,0x80,0x00,0x40,0x00,0x40,0x00,0x60,0x00,0x20,0x00,0x20,0x00,0x10,0x00,0x10,0x00,0x08,0x00,0x08,0x00,0x0C,0x00,0x04,0x00,0x06,0x00,0x02,0x00,0x00,0x00},/*"/",15*/
{0x00,0x00,0x00,0x00,0x00,0x00,0x00,0x00,0x00,0x00,0xF0,0x00,0x98,0x01,0x0C,0x03,0x0C,0x03,0x06,0x06,0x06,0x06,0x06,0x06,0x06,0x06,0x06,0x06,0x06,0x06,0x06,0x06,0x06,0x06,0x0C,0x03,0x0C,0x03,0x98,0x01,0xF0,0x00,0x00,0x00,0x00,0x00,0x00,0x00},/*"0",16*/
{0x00,0x00,0x00,0x00,0x00,0x00,0x00,0x00,0x00,0x00,0x40,0x00,0x7C,0x00,0x60,0x00,0x60,0x00,0x60,0x00,0x60,0x00,0x60,0x00,0x60,0x00,0x60,0x00,0x60,0x00,0x60,0x00,0x60,0x00,0x60,0x00,0x60,0x00,0x60,0x00,0xFC,0x03,0x00,0x00,0x00,0x00,0x00,0x00},/*"1",17*/
{0x00,0x00,0x00,0x00,0x00,0x00,0x00,0x00,0x00,0x00,0xF8,0x00,0x84,0x01,0x02,0x03,0x06,0x03,0x06,0x03,0x00,0x03,0x00,0x01,0x80,0x01,0xC0,0x00,0x60,0x00,0x20,0x00,0x10,0x00,0x08,0x02,0x04,0x02,0x06,0x02,0xFE,0x03,0x00,0x00,0x00,0x00,0x00,0x00},/*"2",18*/
{0x00,0x00,0x00,0x00,0x00,0x00,0x00,0x00,0x00,0x00,0x78,0x00,0xC6,0x00,0x86,0x01,0x86,0x01,0x80,0x01,0x80,0x01,0xC0,0x00,0x70,0x00,0x80,0x01,0x00,0x01,0x00,0x03,0x00,0x03,0x06,0x03,0x06,0x03,0x86,0x01,0xF8,0x00,0x00,0x00,0x00,0x00,0x00,0x00},/*"3",19*/
{0x00,0x00,0x00,0x00,0x00,0x00,0x00,0x00,0x00,0x00,0x80,0x01,0x80,0x01,0xC0,0x01,0xA0,0x01,0xA0,0x01,0x90,0x01,0x88,0x01,0x88,0x01,0x84,0x01,0x82,0x01,0xFE,0x0F,0x80,0x01,0x80,0x01,0x80,0x01,0x80,0x01,0xE0,0x07,0x00,0x00,0x00,0x00,0x00,0x00},/*"4",20*/
{0x00,0x00,0x00,0x00,0x00,0x00,0x00,0x00,0x00,0x00,0xFC,0x03,0x04,0x00,0x04,0x00,0x04,0x00,0x04,0x00,0x04,0x00,0xF4,0x00,0x8C,0x01,0x04,0x03,0x00,0x03,0x00,0x03,0x06,0x03,0x06,0x03,0x82,0x01,0x84,0x01,0xF8,0x00,0x00,0x00,0x00,0x00,0x00,0x00},/*"5",21*/
{0x00,0x00,0x00,0x00,0x00,0x00,0x00,0x00,0x00,0x00,0xE0,0x01,0x18,0x03,0x0C,0x03,0x0C,0x00,0x04,0x00,0x06,0x00,0xE6,0x01,0x16,0x03,0x0E,0x06,0x06,0x06,0x06,0x06,0x06,0x06,0x04,0x06,0x0C,0x02,0x18,0x03,0xF0,0x00,0x00,0x00,0x00,0x00,0x00,0x00},/*"6",22*/
{0x00,0x00,0x00,0x00,0x00,0x00,0x00,0x00,0x00,0x00,0xF8,0x07,0x0C,0x06,0x04,0x02,0x04,0x01,0x00,0x01,0x00,0x01,0x80,0x00,0x80,0x00,0x40,0x00,0x40,0x00,0x40,0x00,0x60,0x00,0x60,0x00,0x60,0x00,0x60,0x00,0x60,0x00,0x00,0x00,0x00,0x00,0x00,0x00},/*"7",23*/
{0x00,0x00,0x00,0x00,0x00,0x00,0x00,0x00,0x00,0x00,0xF8,0x01,0x0C,0x03,0x06,0x06,0x06,0x06,0x06,0x06,0x0C,0x02,0x1C,0x03,0xF0,0x00,0xC8,0x01,0x0C,0x03,0x06,0x06,0x06,0x06,0x06,0x06,0x06,0x06,0x0C,0x03,0xF0,0x01,0x00,0x00,0x00,0x00,0x00,0x00},/*"8",24*/
{0x00,0x00,0x00,0x00,0x00,0x00,0x00,0x00,0x00,0x00,0xF0,0x00,0x0C,0x01,0x0C,0x03,0x06,0x02,0x06,0x06,0x06,0x06,0x06,0x06,0x06,0x07,0x8C,0x06,0x78,0x06,0x00,0x06,0x00,0x03,0x00,0x03,0x0C,0x01,0x8C,0x01,0x78,0x00,0x00,0x00,0x00,0x00,0x00,0x00},/*"9",25*/
{0x00,0x00,0x00,0x00,0x00,0x00,0x00,0x00,0x00,0x00,0x00,0x00,0x00,0x00,0x00,0x00,0x00,0x00,0x00,0x00,0xE0,0x00,0xE0,0x00,0xE0,0x00,0x00,0x00,0x00,0x00,0x00,0x00,0x00,0x00,0x00,0x00,0xE0,0x00,0xE0,0x00,0xE0,0x00,0x00,0x00,0x00,0x00,0x00,0x00},/*":",26*/
{0x00,0x00,0x00,0x00,0x00,0x00,0x00,0x00,0x00,0x00,0x00,0x00,0x00,0x00,0x00,0x00,0x00,0x00,0x00,0x00,0x60,0x00,0x60,0x00,0x00,0x00,0x00,0x00,0x00,0x00,0x00,0x00,0x00,0x00,0x00,0x00,0x00,0x00,0x60,0x00,0x60,0x00,0x40,0x00,0x20,0x00,0x20,0x00},/*";",27*/
{0x00,0x00,0x00,0x00,0x00,0x00,0x00,0x00,0x00,0x04,0x00,0x02,0x00,0x01,0x80,0x00,0x40,0x00,0x20,0x00,0x10,0x00,0x08,0x00,0x04,0x00,0x08,0x00,0x10,0x00,0x20,0x00,0x40,0x00,0x80,0x00,0x00,0x01,0x00,0x02,0x00,0x04,0x00,0x00,0x00,0x00,0x00,0x00},/*"<",28*/
{0x00,0x00,0x00,0x00,0x00,0x00,0x00,0x00,0x00,0x00,0x00,0x00,0x00,0x00,0x00,0x00,0x00,0x00,0x00,0x00,0xFE,0x07,0x00,0x00,0x00,0x00,0x00,0x00,0xFE,0x07,0x00,0x00,0x00,0x00,0x00,0x00,0x00,0x00,0x00,0x00,0x00,0x00,0x00,0x00,0x00,0x00,0x00,0x00},/*"=",29*/
{0x00,0x00,0x00,0x00,0x00,0x00,0x00,0x00,0x04,0x00,0x08,0x00,0x10,0x00,0x20,0x00,0x40,0x00,0x80,0x00,0x00,0x01,0x00,0x02,0x00,0x04,0x00,0x02,0x00,0x01,0x80,0x00,0x40,0x00,0x20,0x00,0x10,0x00,0x08,0x00,0x04,0x00,0x00,0x00,0x00,0x00,0x00,0x00},/*">",30*/
{0x00,0x00,0x00,0x00,0x00,0x00,0x00,0x00,0x00,0x00,0xE0,0x03,0x18,0x06,0x04,0x0C,0x04,0x0C,0x0C,0x0C,0x0C,0x0C,0x00,0x07,0x80,0x01,0x40,0x00,0x40,0x00,0x40,0x00,0x00,0x00,0x00,0x00,0xE0,0x00,0xE0,0x00,0xE0,0x00,0x00,0x00,0x00,0x00,0x00,0x00},/*"?",31*/
{0x00,0x00,0x00,0x00,0x00,0x00,0x00,0x00,0xE0,0x00,0x18,0x03,0x0C,0x02,0xCC,0x05,0x64,0x05,0x66,0x05,0xA6,0x05,0xB6,0x04,0xB6,0x04,0xB6,0x04,0xB6,0x04,0xB6,0x02,0xE4,0x01,0x0C,0x04,0x0C,0x02,0x18,0x03,0xF0,0x00,0x00,0x00,0x00,0x00,0x00,0x00},/*"@",32*/
{0x00,0x00,0x00,0x00,0x00,0x00,0x00,0x00,0x00,0x00,0x60,0x00,0x60,0x00,0x50,0x00,0xD0,0x00,0x90,0x00,0x90,0x00,0x88,0x00,0x88,0x01,0x08,0x01,0xF8,0x01,0x04,0x03,0x04,0x03,0x04,0x02,0x02,0x02,0x02,0x06,0x0F,0x0F,0x00,0x00,0x00,0x00,0x00,0x00},/*"A",33*/
{0x00,0x00,0x00,0x00,0x00,0x00,0x00,0x00,0x00,0x00,0xFE,0x00,0x8C,0x03,0x0C,0x03,0x0C,0x03,0x0C,0x03,0x0C,0x03,0x8C,0x01,0xFC,0x00,0x0C,0x03,0x0C,0x02,0x0C,0x06,0x0C,0x06,0x0C,0x06,0x0C,0x06,0x0C,0x03,0xFE,0x01,0x00,0x00,0x00,0x00,0x00,0x00},/*"B",34*/
{0x00,0x00,0x00,0x00,0x00,0x00,0x00,0x00,0x00,0x00,0xE0,0x03,0x18,0x03,0x0C,0x06,0x0C,0x04,0x04,0x04,0x06,0x00,0x06,0x00,0x06,0x00,0x06,0x00,0x06,0x00,0x06,0x00,0x06,0x04,0x0C,0x04,0x0C,0x02,0x18,0x03,0xF0,0x00,0x00,0x00,0x00,0x00,0x00,0x00},/*"C",35*/
{0x00,0x00,0x00,0x00,0x00,0x00,0x00,0x00,0x00,0x00,0x7F,0x00,0x8C,0x01,0x0C,0x03,0x0C,0x03,0x0C,0x06,0x0C,0x06,0x0C,0x06,0x0C,0x06,0x0C,0x06,0x0C,0x06,0x0C,0x06,0x0C,0x06,0x0C,0x03,0x0C,0x03,0x8C,0x01,0x7F,0x00,0x00,0x00,0x00,0x00,0x00,0x00},/*"D",36*/
{0x00,0x00,0x00,0x00,0x00,0x00,0x00,0x00,0x00,0x00,0xFF,0x03,0x06,0x03,0x06,0x04,0x06,0x04,0x06,0x00,0x86,0x00,0x86,0x00,0xFE,0x00,0x86,0x00,0x86,0x00,0x86,0x00,0x06,0x00,0x06,0x04,0x06,0x04,0x06,0x02,0xFF,0x03,0x00,0x00,0x00,0x00,0x00,0x00},/*"E",37*/
{0x00,0x00,0x00,0x00,0x00,0x00,0x00,0x00,0x00,0x00,0xFF,0x03,0x06,0x03,0x06,0x04,0x06,0x04,0x06,0x00,0x86,0x00,0x86,0x00,0xFE,0x00,0x86,0x00,0x86,0x00,0x86,0x00,0x06,0x00,0x06,0x00,0x06,0x00,0x06,0x00,0x1F,0x00,0x00,0x00,0x00,0x00,0x00,0x00},/*"F",38*/
{0x00,0x00,0x00,0x00,0x00,0x00,0x00,0x00,0x00,0x00,0xF0,0x00,0x18,0x01,0x0C,0x02,0x0C,0x02,0x04,0x02,0x06,0x00,0x06,0x00,0x06,0x00,0x06,0x00,0xC6,0x0F,0x06,0x03,0x06,0x03,0x0C,0x03,0x0C,0x03,0x18,0x03,0xF0,0x00,0x00,0x00,0x00,0x00,0x00,0x00},/*"G",39*/
{0x00,0x00,0x00,0x00,0x00,0x00,0x00,0x00,0x00,0x00,0x0F,0x0F,0x06,0x06,0x06,0x06,0x06,0x06,0x06,0x06,0x06,0x06,0x06,0x06,0xFE,0x07,0x06,0x06,0x06,0x06,0x06,0x06,0x06,0x06,0x06,0x06,0x06,0x06,0x06,0x06,0x0F,0x0F,0x00,0x00,0x00,0x00,0x00,0x00},/*"H",40*/
{0x00,0x00,0x00,0x00,0x00,0x00,0x00,0x00,0x00,0x00,0xFC,0x03,0x60,0x00,0x60,0x00,0x60,0x00,0x60,0x00,0x60,0x00,0x60,0x00,0x60,0x00,0x60,0x00,0x60,0x00,0x60,0x00,0x60,0x00,0x60,0x00,0x60,0x00,0x60,0x00,0xFC,0x03,0x00,0x00,0x00,0x00,0x00,0x00},/*"I",41*/
{0x00,0x00,0x00,0x00,0x00,0x00,0x00,0x00,0x00,0x00,0xF8,0x07,0xC0,0x00,0xC0,0x00,0xC0,0x00,0xC0,0x00,0xC0,0x00,0xC0,0x00,0xC0,0x00,0xC0,0x00,0xC0,0x00,0xC0,0x00,0xC0,0x00,0xC0,0x00,0xC0,0x00,0xC0,0x00,0xC0,0x00,0xC6,0x00,0x66,0x00,0x3C,0x00},/*"J",42*/
{0x00,0x00,0x00,0x00,0x00,0x00,0x00,0x00,0x00,0x00,0xCF,0x03,0x86,0x01,0xC6,0x00,0x46,0x00,0x26,0x00,0x16,0x00,0x36,0x00,0x2E,0x00,0x6E,0x00,0x46,0x00,0xC6,0x00,0x86,0x00,0x86,0x01,0x06,0x01,0x06,0x03,0x8F,0x07,0x00,0x00,0x00,0x00,0x00,0x00},/*"K",43*/
{0x00,0x00,0x00,0x00,0x00,0x00,0x00,0x00,0x00,0x00,0x1F,0x00,0x06,0x00,0x06,0x00,0x06,0x00,0x06,0x00,0x06,0x00,0x06,0x00,0x06,0x00,0x06,0x00,0x06,0x00,0x06,0x00,0x06,0x00,0x06,0x04,0x06,0x04,0x06,0x02,0xFF,0x03,0x00,0x00,0x00,0x00,0x00,0x00},/*"L",44*/
{0x00,0x00,0x00,0x00,0x00,0x00,0x00,0x00,0x00,0x00,0x07,0x07,0x86,0x03,0x86,0x03,0x8E,0x03,0x8E,0x03,0x4E,0x03,0x4E,0x03,0x4A,0x03,0x5A,0x03,0x5A,0x03,0x3A,0x03,0x32,0x03,0x32,0x03,0x32,0x03,0x12,0x03,0x87,0x07,0x00,0x00,0x00,0x00,0x00,0x00},/*"M",45*/
{0x00,0x00,0x00,0x00,0x00,0x00,0x00,0x00,0x00,0x00,0x8E,0x0F,0x0C,0x02,0x1C,0x02,0x1C,0x02,0x34,0x02,0x34,0x02,0x64,0x02,0x64,0x02,0x44,0x02,0xC4,0x02,0x84,0x02,0x84,0x03,0x84,0x03,0x04,0x03,0x04,0x03,0x1F,0x02,0x00,0x00,0x00,0x00,0x00,0x00},/*"N",46*/
{0x00,0x00,0x00,0x00,0x00,0x00,0x00,0x00,0x00,0x00,0xF0,0x00,0x98,0x01,0x0C,0x03,0x0C,0x02,0x06,0x06,0x06,0x06,0x06,0x06,0x06,0x06,0x06,0x06,0x06,0x06,0x06,0x06,0x06,0x06,0x0C,0x02,0x0C,0x03,0x98,0x01,0xF0,0x00,0x00,0x00,0x00,0x00,0x00,0x00},/*"O",47*/
{0x00,0x00,0x00,0x00,0x00,0x00,0x00,0x00,0x00,0x00,0xFF,0x00,0x06,0x03,0x06,0x06,0x06,0x06,0x06,0x06,0x06,0x06,0x06,0x06,0x86,0x03,0xFE,0x00,0x06,0x00,0x06,0x00,0x06,0x00,0x06,0x00,0x06,0x00,0x06,0x00,0x1F,0x00,0x00,0x00,0x00,0x00,0x00,0x00},/*"P",48*/
{0x00,0x00,0x00,0x00,0x00,0x00,0x00,0x00,0x00,0x00,0xF0,0x00,0x98,0x01,0x0C,0x03,0x0C,0x02,0x06,0x06,0x06,0x06,0x06,0x06,0x06,0x06,0x06,0x06,0x06,0x06,0x06,0x06,0x76,0x06,0x4C,0x02,0xCC,0x03,0x98,0x01,0xF0,0x00,0x80,0x07,0x00,0x03,0x00,0x00},/*"Q",49*/
{0x00,0x00,0x00,0x00,0x00,0x00,0x00,0x00,0x00,0x00,0xFF,0x01,0x06,0x03,0x06,0x06,0x06,0x06,0x06,0x06,0x06,0x06,0x06,0x03,0xFE,0x00,0x46,0x00,0xC6,0x00,0x86,0x00,0x86,0x01,0x06,0x03,0x06,0x03,0x06,0x06,0x0F,0x0E,0x00,0x00,0x00,0x00,0x00,0x00},/*"R",50*/
{0x00,0x00,0x00,0x00,0x00,0x00,0x00,0x00,0x00,0x00,0xF8,0x02,0x0C,0x03,0x06,0x02,0x06,0x02,0x06,0x00,0x0E,0x00,0x3C,0x00,0xF8,0x00,0xE0,0x03,0x80,0x03,0x00,0x07,0x02,0x06,0x02,0x06,0x06,0x06,0x0C,0x03,0xF0,0x01,0x00,0x00,0x00,0x00,0x00,0x00},/*"S",51*/
{0x00,0x00,0x00,0x00,0x00,0x00,0x00,0x00,0x00,0x00,0xFE,0x07,0x62,0x04,0x61,0x08,0x61,0x08,0x60,0x00,0x60,0x00,0x60,0x00,0x60,0x00,0x60,0x00,0x60,0x00,0x60,0x00,0x60,0x00,0x60,0x00,0x60,0x00,0x60,0x00,0xF8,0x01,0x00,0x00,0x00,0x00,0x00,0x00},/*"T",52*/
{0x00,0x00,0x00,0x00,0x00,0x00,0x00,0x00,0x00,0x00,0x1E,0x07,0x0C,0x02,0x0C,0x02,0x0C,0x02,0x0C,0x02,0x0C,0x02,0x0C,0x02,0x0C,0x02,0x0C,0x02,0x0C,0x02,0x0C,0x02,0x0C,0x02,0x0C,0x02,0x0C,0x02,0x18,0x01,0xF0,0x00,0x00,0x00,0x00,0x00,0x00,0x00},/*"U",53*/
{0x00,0x00,0x00,0x00,0x00,0x00,0x00,0x00,0x00,0x00,0x0F,0x07,0x06,0x02,0x04,0x01,0x04,0x01,0x0C,0x01,0x0C,0x01,0x88,0x00,0x88,0x00,0x98,0x00,0x98,0x00,0x50,0x00,0x50,0x00,0x70,0x00,0x30,0x00,0x20,0x00,0x20,0x00,0x00,0x00,0x00,0x00,0x00,0x00},/*"V",54*/
{0x00,0x00,0x00,0x00,0x00,0x00,0x00,0x00,0x00,0x00,0xF7,0x0E,0x62,0x04,0x42,0x04,0x46,0x04,0x46,0x04,0x64,0x02,0x64,0x02,0xE4,0x02,0xE4,0x02,0x9C,0x02,0x9C,0x01,0x98,0x01,0x98,0x01,0x88,0x01,0x88,0x00,0x88,0x00,0x00,0x00,0x00,0x00,0x00,0x00},/*"W",55*/
{0x00,0x00,0x00,0x00,0x00,0x00,0x00,0x00,0x00,0x00,0x9E,0x07,0x0C,0x01,0x08,0x01,0x18,0x01,0x90,0x00,0xB0,0x00,0x60,0x00,0x20,0x00,0x60,0x00,0x60,0x00,0xD0,0x00,0x90,0x00,0x88,0x01,0x08,0x01,0x04,0x03,0x8E,0x07,0x00,0x00,0x00,0x00,0x00,0x00},/*"X",56*/
{0x00,0x00,0x00,0x00,0x00,0x00,0x00,0x00,0x00,0x00,0x0F,0x0F,0x06,0x04,0x04,0x02,0x0C,0x02,0x08,0x01,0x18,0x01,0xB8,0x00,0xB0,0x00,0x70,0x00,0x60,0x00,0x60,0x00,0x60,0x00,0x60,0x00,0x60,0x00,0x60,0x00,0xF8,0x01,0x00,0x00,0x00,0x00,0x00,0x00},/*"Y",57*/
{0x00,0x00,0x00,0x00,0x00,0x00,0x00,0x00,0x00,0x00,0xFC,0x07,0x0C,0x02,0x06,0x03,0x02,0x01,0x80,0x01,0x80,0x00,0x40,0x00,0x40,0x00,0x20,0x00,0x20,0x00,0x10,0x00,0x18,0x00,0x08,0x04,0x0C,0x04,0x04,0x02,0xFE,0x03,0x00,0x00,0x00,0x00,0x00,0x00},/*"Z",58*/
{0x00,0x00,0x00,0x00,0xE0,0x03,0x20,0x00,0x20,0x00,0x20,0x00,0x20,0x00,0x20,0x00,0x20,0x00,0x20,0x00,0x20,0x00,0x20,0x00,0x20,0x00,0x20,0x00,0x20,0x00,0x20,0x00,0x20,0x00,0x20,0x00,0x20,0x00,0x20,0x00,0x20,0x00,0x20,0x00,0xE0,0x03,0x00,0x00},/*"[",59*/
{0x00,0x00,0x00,0x00,0x00,0x00,0x00,0x00,0x04,0x00,0x04,0x00,0x08,0x00,0x08,0x00,0x10,0x00,0x10,0x00,0x10,0x00,0x20,0x00,0x20,0x00,0x40,0x00,0x40,0x00,0xC0,0x00,0x80,0x00,0x80,0x00,0x00,0x01,0x00,0x01,0x00,0x02,0x00,0x02,0x00,0x02,0x00,0x04},/*"\",60*/
{0x00,0x00,0x00,0x00,0x7C,0x00,0x40,0x00,0x40,0x00,0x40,0x00,0x40,0x00,0x40,0x00,0x40,0x00,0x40,0x00,0x40,0x00,0x40,0x00,0x40,0x00,0x40,0x00,0x40,0x00,0x40,0x00,0x40,0x00,0x40,0x00,0x40,0x00,0x40,0x00,0x40,0x00,0x40,0x00,0x7C,0x00,0x00,0x00},/*"]",61*/
{0x00,0x00,0x60,0x00,0x90,0x00,0x08,0x01,0x00,0x00,0x00,0x00,0x00,0x00,0x00,0x00,0x00,0x00,0x00,0x00,0x00,0x00,0x00,0x00,0x00,0x00,0x00,0x00,0x00,0x00,0x00,0x00,0x00,0x00,0x00,0x00,0x00,0x00,0x00,0x00,0x00,0x00,0x00,0x00,0x00,0x00,0x00,0x00},/*"^",62*/
{0x00,0x00,0x00,0x00,0x00,0x00,0x00,0x00,0x00,0x00,0x00,0x00,0x00,0x00,0x00,0x00,0x00,0x00,0x00,0x00,0x00,0x00,0x00,0x00,0x00,0x00,0x00,0x00,0x00,0x00,0x00,0x00,0x00,0x00,0x00,0x00,0x00,0x00,0x00,0x00,0x00,0x00,0x00,0x00,0x00,0x00,0xFF,0x0F},/*"_",63*/
{0x00,0x00,0x00,0x00,0x18,0x00,0x60,0x00,0x00,0x00,0x00,0x00,0x00,0x00,0x00,0x00,0x00,0x00,0x00,0x00,0x00,0x00,0x00,0x00,0x00,0x00,0x00,0x00,0x00,0x00,0x00,0x00,0x00,0x00,0x00,0x00,0x00,0x00,0x00,0x00,0x00,0x00,0x00,0x00,0x00,0x00,0x00,0x00},/*"`",64*/
{0x00,0x00,0x00,0x00,0x00,0x00,0x00,0x00,0x00,0x00,0x00,0x00,0x00,0x00,0x00,0x00,0x00,0x00,0x00,0x00,0xF0,0x01,0x0C,0x03,0x0C,0x03,0x00,0x03,0xE0,0x03,0x1C,0x03,0x0E,0x03,0x06,0x03,0x06,0x03,0x8E,0x0B,0x7C,0x0E,0x00,0x00,0x00,0x00,0x00,0x00},/*"a",65*/
{0x00,0x00,0x00,0x00,0x00,0x00,0x00,0x00,0x08,0x00,0x0E,0x00,0x0C,0x00,0x0C,0x00,0x0C,0x00,0x0C,0x00,0xCC,0x01,0x3C,0x03,0x1C,0x06,0x0C,0x06,0x0C,0x06,0x0C,0x06,0x0C,0x06,0x0C,0x06,0x0C,0x02,0x1C,0x03,0xE4,0x01,0x00,0x00,0x00,0x00,0x00,0x00},/*"b",66*/
{0x00,0x00,0x00,0x00,0x00,0x00,0x00,0x00,0x00,0x00,0x00,0x00,0x00,0x00,0x00,0x00,0x00,0x00,0x00,0x00,0xF0,0x00,0x8C,0x01,0x8C,0x01,0x86,0x01,0x06,0x00,0x06,0x00,0x06,0x00,0x06,0x02,0x0C,0x02,0x0C,0x01,0xF0,0x00,0x00,0x00,0x00,0x00,0x00,0x00},/*"c",67*/
{0x00,0x00,0x00,0x00,0x00,0x00,0x00,0x00,0x00,0x02,0xC0,0x03,0x00,0x03,0x00,0x03,0x00,0x03,0x00,0x03,0x78,0x03,0x8C,0x03,0x0C,0x03,0x06,0x03,0x06,0x03,0x06,0x03,0x06,0x03,0x06,0x03,0x04,0x03,0x8C,0x07,0x78,0x01,0x00,0x00,0x00,0x00,0x00,0x00},/*"d",68*/
{0x00,0x00,0x00,0x00,0x00,0x00,0x00,0x00,0x00,0x00,0x00,0x00,0x00,0x00,0x00,0x00,0x00,0x00,0x00,0x00,0xE0,0x01,0x18,0x03,0x08,0x02,0x0C,0x06,0x0C,0x06,0xFC,0x07,0x0C,0x00,0x0C,0x00,0x18,0x04,0x18,0x02,0xE0,0x01,0x00,0x00,0x00,0x00,0x00,0x00},/*"e",69*/
{0x00,0x00,0x00,0x00,0x00,0x00,0x00,0x00,0x00,0x00,0xC0,0x03,0x60,0x06,0x30,0x06,0x30,0x00,0x30,0x00,0xFE,0x01,0x30,0x00,0x30,0x00,0x30,0x00,0x30,0x00,0x30,0x00,0x30,0x00,0x30,0x00,0x30,0x00,0x30,0x00,0xFC,0x01,0x00,0x00,0x00,0x00,0x00,0x00},/*"f",70*/
{0x00,0x00,0x00,0x00,0x00,0x00,0x00,0x00,0x00,0x00,0x00,0x00,0x00,0x00,0x00,0x00,0x00,0x00,0x00,0x00,0xF0,0x07,0xD8,0x06,0x8C,0x01,0x8C,0x01,0x8C,0x01,0x98,0x01,0xF8,0x00,0x0C,0x00,0xFC,0x00,0xCC,0x03,0x06,0x03,0x06,0x03,0x8E,0x03,0xF8,0x00},/*"g",71*/
{0x00,0x00,0x00,0x00,0x00,0x00,0x00,0x00,0x08,0x00,0x0E,0x00,0x0C,0x00,0x0C,0x00,0x0C,0x00,0x0C,0x00,0xEC,0x01,0x1C,0x03,0x0C,0x03,0x0C,0x03,0x0C,0x03,0x0C,0x03,0x0C,0x03,0x0C,0x03,0x0C,0x03,0x0C,0x03,0x9E,0x07,0x00,0x00,0x00,0x00,0x00,0x00},/*"h",72*/
{0x00,0x00,0x00,0x00,0x00,0x00,0x00,0x00,0x00,0x00,0x60,0x00,0x60,0x00,0x00,0x00,0x00,0x00,0x40,0x00,0x7C,0x00,0x60,0x00,0x60,0x00,0x60,0x00,0x60,0x00,0x60,0x00,0x60,0x00,0x60,0x00,0x60,0x00,0x60,0x00,0xFC,0x03,0x00,0x00,0x00,0x00,0x00,0x00},/*"i",73*/
{0x00,0x00,0x00,0x00,0x00,0x00,0x00,0x00,0x00,0x00,0xC0,0x01,0xC0,0x01,0x00,0x00,0x00,0x00,0x00,0x01,0xF0,0x01,0x80,0x01,0x80,0x01,0x80,0x01,0x80,0x01,0x80,0x01,0x80,0x01,0x80,0x01,0x80,0x01,0x80,0x01,0x80,0x01,0x80,0x01,0xCC,0x00,0x7C,0x00},/*"j",74*/
{0x00,0x00,0x00,0x00,0x00,0x00,0x00,0x00,0x08,0x00,0x0E,0x00,0x0C,0x00,0x0C,0x00,0x0C,0x00,0x0C,0x00,0x8C,0x03,0x8C,0x00,0x8C,0x00,0x4C,0x00,0x6C,0x00,0x5C,0x00,0x8C,0x00,0x8C,0x01,0x0C,0x01,0x0C,0x03,0x9E,0x07,0x00,0x00,0x00,0x00,0x00,0x00},/*"k",75*/
{0x00,0x00,0x00,0x00,0x00,0x00,0x00,0x00,0x40,0x00,0x7C,0x00,0x60,0x00,0x60,0x00,0x60,0x00,0x60,0x00,0x60,0x00,0x60,0x00,0x60,0x00,0x60,0x00,0x60,0x00,0x60,0x00,0x60,0x00,0x60,0x00,0x60,0x00,0x60,0x00,0xFC,0x03,0x00,0x00,0x00,0x00,0x00,0x00},/*"l",76*/
{0x00,0x00,0x00,0x00,0x00,0x00,0x00,0x00,0x00,0x00,0x00,0x00,0x00,0x00,0x00,0x00,0x00,0x00,0x00,0x00,0x37,0x07,0xEE,0x06,0x66,0x06,0x66,0x06,0x66,0x06,0x66,0x06,0x66,0x06,0x66,0x06,0x66,0x06,0x66,0x06,0xFF,0x0F,0x00,0x00,0x00,0x00,0x00,0x00},/*"m",77*/
{0x00,0x00,0x00,0x00,0x00,0x00,0x00,0x00,0x00,0x00,0x00,0x00,0x00,0x00,0x00,0x00,0x00,0x00,0x00,0x00,0xEE,0x01,0x1C,0x03,0x0C,0x03,0x0C,0x03,0x0C,0x03,0x0C,0x03,0x0C,0x03,0x0C,0x03,0x0C,0x03,0x0C,0x03,0x9E,0x07,0x00,0x00,0x00,0x00,0x00,0x00},/*"n",78*/
{0x00,0x00,0x00,0x00,0x00,0x00,0x00,0x00,0x00,0x00,0x00,0x00,0x00,0x00,0x00,0x00,0x00,0x00,0x00,0x00,0xF0,0x00,0x98,0x01,0x0C,0x03,0x06,0x06,0x06,0x06,0x06,0x06,0x06,0x06,0x06,0x06,0x0C,0x03,0x0C,0x03,0xF0,0x00,0x00,0x00,0x00,0x00,0x00,0x00},/*"o",79*/
{0x00,0x00,0x00,0x00,0x00,0x00,0x00,0x00,0x00,0x00,0x00,0x00,0x00,0x00,0x00,0x00,0x00,0x00,0x00,0x00,0xEE,0x01,0x1C,0x03,0x0C,0x06,0x0C,0x06,0x0C,0x06,0x0C,0x06,0x0C,0x06,0x0C,0x06,0x0C,0x03,0x1C,0x03,0xEC,0x01,0x0C,0x00,0x0C,0x00,0x3E,0x00},/*"p",80*/
{0x00,0x00,0x00,0x00,0x00,0x00,0x00,0x00,0x00,0x00,0x00,0x00,0x00,0x00,0x00,0x00,0x00,0x00,0x00,0x00,0x78,0x02,0x8C,0x03,0x0C,0x03,0x06,0x03,0x06,0x03,0x06,0x03,0x06,0x03,0x06,0x03,0x04,0x03,0x8C,0x03,0x78,0x03,0x00,0x03,0x00,0x03,0xC0,0x07},/*"q",81*/
{0x00,0x00,0x00,0x00,0x00,0x00,0x00,0x00,0x00,0x00,0x00,0x00,0x00,0x00,0x00,0x00,0x00,0x00,0x00,0x00,0x9F,0x03,0x58,0x06,0x38,0x06,0x18,0x00,0x18,0x00,0x18,0x00,0x18,0x00,0x18,0x00,0x18,0x00,0x18,0x00,0xFF,0x00,0x00,0x00,0x00,0x00,0x00,0x00},/*"r",82*/
{0x00,0x00,0x00,0x00,0x00,0x00,0x00,0x00,0x00,0x00,0x00,0x00,0x00,0x00,0x00,0x00,0x00,0x00,0x00,0x00,0xF0,0x03,0x1C,0x03,0x0C,0x02,0x0C,0x02,0x38,0x00,0xF0,0x00,0xC0,0x03,0x04,0x03,0x04,0x03,0x8C,0x03,0xFC,0x01,0x00,0x00,0x00,0x00,0x00,0x00},/*"s",83*/
{0x00,0x00,0x00,0x00,0x00,0x00,0x00,0x00,0x00,0x00,0x00,0x00,0x20,0x00,0x20,0x00,0x30,0x00,0x30,0x00,0xFE,0x01,0x30,0x00,0x30,0x00,0x30,0x00,0x30,0x00,0x30,0x00,0x30,0x00,0x30,0x00,0x30,0x02,0x30,0x02,0xE0,0x01,0x00,0x00,0x00,0x00,0x00,0x00},/*"t",84*/
{0x00,0x00,0x00,0x00,0x00,0x00,0x00,0x00,0x00,0x00,0x00,0x00,0x00,0x00,0x00,0x00,0x00,0x00,0x08,0x02,0x8E,0x03,0x0C,0x03,0x0C,0x03,0x0C,0x03,0x0C,0x03,0x0C,0x03,0x0C,0x03,0x0C,0x03,0x0C,0x03,0x9C,0x07,0x78,0x01,0x00,0x00,0x00,0x00,0x00,0x00},/*"u",85*/
{0x00,0x00,0x00,0x00,0x00,0x00,0x00,0x00,0x00,0x00,0x00,0x00,0x00,0x00,0x00,0x00,0x00,0x00,0x00,0x00,0x1E,0x07,0x0C,0x02,0x08,0x01,0x08,0x01,0x18,0x01,0x90,0x00,0xB0,0x00,0xB0,0x00,0x60,0x00,0x60,0x00,0x20,0x00,0x00,0x00,0x00,0x00,0x00,0x00},/*"v",86*/
{0x00,0x00,0x00,0x00,0x00,0x00,0x00,0x00,0x00,0x00,0x00,0x00,0x00,0x00,0x00,0x00,0x00,0x00,0x00,0x00,0xF7,0x0E,0x62,0x04,0x46,0x04,0x64,0x02,0x64,0x02,0xEC,0x02,0x9C,0x01,0x98,0x01,0x98,0x01,0x98,0x01,0x08,0x00,0x00,0x00,0x00,0x00,0x00,0x00},/*"w",87*/
{0x00,0x00,0x00,0x00,0x00,0x00,0x00,0x00,0x00,0x00,0x00,0x00,0x00,0x00,0x00,0x00,0x00,0x00,0x00,0x00,0xBC,0x07,0x18,0x01,0x10,0x01,0xB0,0x00,0x60,0x00,0x60,0x00,0xE0,0x00,0x90,0x00,0x08,0x01,0x08,0x03,0x9E,0x07,0x00,0x00,0x00,0x00,0x00,0x00},/*"x",88*/
{0x00,0x00,0x00,0x00,0x00,0x00,0x00,0x00,0x00,0x00,0x00,0x00,0x00,0x00,0x00,0x00,0x00,0x00,0x00,0x00,0x9E,0x07,0x08,0x01,0x08,0x01,0x08,0x01,0x90,0x00,0x90,0x00,0xB0,0x00,0x60,0x00,0x60,0x00,0x60,0x00,0x20,0x00,0x20,0x00,0x24,0x00,0x1C,0x00},/*"y",89*/
{0x00,0x00,0x00,0x00,0x00,0x00,0x00,0x00,0x00,0x00,0x00,0x00,0x00,0x00,0x00,0x00,0x00,0x00,0x00,0x00,0xFC,0x01,0x84,0x01,0xC4,0x00,0x44,0x00,0x60,0x00,0x20,0x00,0x30,0x00,0x18,0x02,0x08,0x02,0x0C,0x03,0xFC,0x01,0x00,0x00,0x00,0x00,0x00,0x00},/*"z",90*/
{0x00,0x00,0x00,0x00,0x00,0x03,0x80,0x00,0x80,0x00,0x80,0x00,0x80,0x00,0x80,0x00,0x80,0x00,0x80,0x00,0x80,0x00,0x40,0x00,0x20,0x00,0x40,0x00,0x80,0x00,0x80,0x00,0x80,0x00,0x80,0x00,0x80,0x00,0x80,0x00,0x80,0x00,0x80,0x00,0x00,0x03,0x00,0x00},/*"{",91*/
{0x40,0x00,0x40,0x00,0x40,0x00,0x40,0x00,0x40,0x00,0x40,0x00,0x40,0x00,0x40,0x00,0x40,0x00,0x40,0x00,0x40,0x00,0x40,0x00,0x40,0x00,0x40,0x00,0x40,0x00,0x40,0x00,0x40,0x00,0x40,0x00,0x40,0x00,0x40,0x00,0x40,0x00,0x40,0x00,0x40,0x00,0x40,0x00},/*"|",92*/
{0x00,0x00,0x00,0x00,0x0C,0x00,0x10,0x00,0x10,0x00,0x10,0x00,0x10,0x00,0x10,0x00,0x10,0x00,0x10,0x00,0x10,0x00,0x20,0x00,0x40,0x00,0x20,0x00,0x10,0x00,0x10,0x00,0x10,0x00,0x10,0x00,0x10,0x00,0x10,0x00,0x10,0x00,0x10,0x00,0x0C,0x00,0x00,0x00},/*"}",93*/
{0x00,0x00,0x1C,0x00,0x22,0x04,0xC2,0x04,0x80,0x03,0x00,0x00,0x00,0x00,0x00,0x00,0x00,0x00,0x00,0x00,0x00,0x00,0x00,0x00,0x00,0x00,0x00,0x00,0x00,0x00,0x00,0x00,0x00,0x00,0x00,0x00,0x00,0x00,0x00,0x00,0x00,0x00,0x00,0x00,0x00,0x00,0x00,0x00},/*"~",94*/


};
const unsigned char ascii_3216[][64]={
{0x00,0x00,0x00,0x00,0x00,0x00,0x00,0x00,0x00,0x00,0x00,0x00,0x00,0x00,0x00,0x00,0x00,0x00,0x00,0x00,0x00,0x00,0x00,0x00,0x00,0x00,0x00,0x00,0x00,0x00,0x00,0x00,0x00,0x00,0x00,0x00,0x00,0x00,0x00,0x00,0x00,0x00,0x00,0x00,0x00,0x00,0x00,0x00,0x00,0x00,0x00,0x00,0x00,0x00,0x00,0x00,0x00,0x00,0x00,0x00,0x00,0x00,0x00,0x00},/*" ",0*/
{0x00,0x00,0x00,0x00,0x00,0x00,0x00,0x00,0x00,0x00,0xC0,0x01,0xC0,0x01,0xC0,0x01,0xC0,0x01,0xC0,0x01,0xC0,0x01,0xC0,0x01,0x80,0x00,0x80,0x00,0x80,0x00,0x80,0x00,0x80,0x00,0x80,0x00,0x80,0x00,0x00,0x00,0x00,0x00,0x00,0x00,0x00,0x00,0x80,0x01,0xC0,0x03,0xC0,0x03,0x80,0x01,0x00,0x00,0x00,0x00,0x00,0x00,0x00,0x00,0x00,0x00},/*"!",1*/
{0x00,0x00,0x00,0x00,0x00,0x00,0xE0,0x1C,0xE0,0x1C,0xF0,0x1E,0x70,0x0E,0x38,0x07,0x18,0x03,0x08,0x01,0x84,0x00,0x00,0x00,0x00,0x00,0x00,0x00,0x00,0x00,0x00,0x00,0x00,0x00,0x00,0x00,0x00,0x00,0x00,0x00,0x00,0x00,0x00,0x00,0x00,0x00,0x00,0x00,0x00,0x00,0x00,0x00,0x00,0x00,0x00,0x00,0x00,0x00,0x00,0x00,0x00,0x00,0x00,0x00},/*""",2*/
{0x00,0x00,0x00,0x00,0x00,0x00,0x00,0x00,0x00,0x00,0x00,0x00,0x20,0x10,0x20,0x10,0x20,0x10,0x20,0x10,0x20,0x10,0xFE,0x7F,0xFE,0x7F,0x10,0x08,0x10,0x08,0x10,0x08,0x10,0x08,0x10,0x08,0x10,0x08,0x10,0x08,0xFE,0x7F,0xFE,0x7F,0x08,0x04,0x08,0x04,0x08,0x04,0x08,0x04,0x08,0x04,0x00,0x00,0x00,0x00,0x00,0x00,0x00,0x00,0x00,0x00},/*"#",3*/
{0x00,0x00,0x00,0x00,0x00,0x00,0x00,0x00,0x00,0x01,0x00,0x01,0xC0,0x07,0x60,0x19,0x10,0x31,0x18,0x31,0x18,0x39,0x18,0x39,0x38,0x01,0x70,0x01,0xE0,0x01,0xC0,0x03,0x80,0x07,0x00,0x0F,0x00,0x1D,0x00,0x39,0x00,0x31,0x1C,0x31,0x1C,0x31,0x0C,0x31,0x0C,0x11,0x18,0x0D,0xE0,0x07,0x00,0x01,0x00,0x01,0x00,0x01,0x00,0x00,0x00,0x00},/*"$",4*/
{0x00,0x00,0x00,0x00,0x00,0x00,0x00,0x00,0x00,0x00,0x00,0x00,0x1C,0x10,0x36,0x18,0x63,0x08,0x63,0x0C,0x63,0x04,0x63,0x04,0x63,0x02,0x63,0x02,0x63,0x01,0x36,0x1D,0x9C,0x37,0x80,0x22,0x80,0x63,0x40,0x63,0x40,0x63,0x20,0x63,0x20,0x63,0x30,0x63,0x10,0x22,0x18,0x36,0x08,0x1C,0x00,0x00,0x00,0x00,0x00,0x00,0x00,0x00,0x00,0x00},/*"%",5*/
{0x00,0x00,0x00,0x00,0x00,0x00,0x00,0x00,0x00,0x00,0x00,0x00,0xF0,0x00,0x98,0x01,0x8C,0x01,0x8C,0x01,0x8C,0x01,0x8C,0x01,0x8C,0x00,0xCC,0x00,0x78,0x00,0x18,0x3E,0x1C,0x08,0x36,0x08,0x32,0x08,0x63,0x04,0x63,0x04,0xC3,0x04,0xC3,0x03,0x83,0x43,0x06,0x43,0x8E,0x26,0x78,0x1C,0x00,0x00,0x00,0x00,0x00,0x00,0x00,0x00,0x00,0x00},/*"&",6*/
{0x00,0x00,0x00,0x00,0x00,0x00,0x1C,0x00,0x3C,0x00,0x3C,0x00,0x30,0x00,0x30,0x00,0x10,0x00,0x0C,0x00,0x06,0x00,0x00,0x00,0x00,0x00,0x00,0x00,0x00,0x00,0x00,0x00,0x00,0x00,0x00,0x00,0x00,0x00,0x00,0x00,0x00,0x00,0x00,0x00,0x00,0x00,0x00,0x00,0x00,0x00,0x00,0x00,0x00,0x00,0x00,0x00,0x00,0x00,0x00,0x00,0x00,0x00,0x00,0x00},/*"'",7*/
{0x00,0x00,0x00,0x00,0x00,0x00,0x00,0x40,0x00,0x20,0x00,0x10,0x00,0x08,0x00,0x0C,0x00,0x04,0x00,0x06,0x00,0x03,0x00,0x03,0x00,0x03,0x80,0x01,0x80,0x01,0x80,0x01,0x80,0x01,0x80,0x01,0x80,0x01,0x80,0x01,0x80,0x01,0x00,0x03,0x00,0x03,0x00,0x03,0x00,0x06,0x00,0x06,0x00,0x0C,0x00,0x08,0x00,0x10,0x00,0x20,0x00,0x40,0x00,0x00},/*"(",8*/
{0x00,0x00,0x00,0x00,0x00,0x00,0x02,0x00,0x04,0x00,0x08,0x00,0x10,0x00,0x30,0x00,0x20,0x00,0x60,0x00,0xC0,0x00,0xC0,0x00,0xC0,0x00,0x80,0x01,0x80,0x01,0x80,0x01,0x80,0x01,0x80,0x01,0x80,0x01,0x80,0x01,0x80,0x01,0xC0,0x00,0xC0,0x00,0xC0,0x00,0x60,0x00,0x60,0x00,0x30,0x00,0x10,0x00,0x08,0x00,0x04,0x00,0x02,0x00,0x00,0x00},/*")",9*/
{0x00,0x00,0x00,0x00,0x00,0x00,0x00,0x00,0x00,0x00,0x00,0x00,0x00,0x00,0x00,0x00,0x00,0x01,0x80,0x03,0x80,0x03,0x00,0x01,0x1C,0x71,0x3C,0x79,0x78,0x3D,0xC0,0x07,0x00,0x01,0xC0,0x07,0x78,0x3D,0x3C,0x79,0x1C,0x71,0x00,0x01,0x80,0x03,0x80,0x03,0x80,0x01,0x00,0x00,0x00,0x00,0x00,0x00,0x00,0x00,0x00,0x00,0x00,0x00,0x00,0x00},/*"*",10*/
{0x00,0x00,0x00,0x00,0x00,0x00,0x00,0x00,0x00,0x00,0x00,0x00,0x00,0x00,0x00,0x00,0x00,0x00,0x00,0x01,0x00,0x01,0x00,0x01,0x00,0x01,0x00,0x01,0x00,0x01,0x00,0x01,0xFC,0x7F,0x00,0x01,0x00,0x01,0x00,0x01,0x00,0x01,0x00,0x01,0x00,0x01,0x00,0x01,0x00,0x00,0x00,0x00,0x00,0x00,0x00,0x00,0x00,0x00,0x00,0x00,0x00,0x00,0x00,0x00},/*"+",11*/
{0x00,0x00,0x00,0x00,0x00,0x00,0x00,0x00,0x00,0x00,0x00,0x00,0x00,0x00,0x00,0x00,0x00,0x00,0x00,0x00,0x00,0x00,0x00,0x00,0x00,0x00,0x00,0x00,0x00,0x00,0x00,0x00,0x00,0x00,0x00,0x00,0x00,0x00,0x00,0x00,0x00,0x00,0x00,0x00,0x00,0x00,0x00,0x00,0x1C,0x00,0x3C,0x00,0x3C,0x00,0x30,0x00,0x30,0x00,0x10,0x00,0x0C,0x00,0x06,0x00},/*",",12*/
{0x00,0x00,0x00,0x00,0x00,0x00,0x00,0x00,0x00,0x00,0x00,0x00,0x00,0x00,0x00,0x00,0x00,0x00,0x00,0x00,0x00,0x00,0x00,0x00,0x00,0x00,0x00,0x00,0x00,0x00,0x00,0x00,0xFE,0x7F,0x00,0x00,0x00,0x00,0x00,0x00,0x00,0x00,0x00,0x00,0x00,0x00,0x00,0x00,0x00,0x00,0x00,0x00,0x00,0x00,0x00,0x00,0x00,0x00,0x00,0x00,0x00,0x00,0x00,0x00},/*"-",13*/
{0x00,0x00,0x00,0x00,0x00,0x00,0x00,0x00,0x00,0x00,0x00,0x00,0x00,0x00,0x00,0x00,0x00,0x00,0x00,0x00,0x00,0x00,0x00,0x00,0x00,0x00,0x00,0x00,0x00,0x00,0x00,0x00,0x00,0x00,0x00,0x00,0x00,0x00,0x00,0x00,0x00,0x00,0x00,0x00,0x00,0x00,0x18,0x00,0x3C,0x00,0x3C,0x00,0x18,0x00,0x00,0x00,0x00,0x00,0x00,0x00,0x00,0x00,0x00,0x00},/*".",14*/
{0x00,0x00,0x00,0x00,0x00,0x00,0x00,0x40,0x00,0x60,0x00,0x20,0x00,0x30,0x00,0x10,0x00,0x18,0x00,0x08,0x00,0x0C,0x00,0x04,0x00,0x06,0x00,0x02,0x00,0x03,0x00,0x01,0x80,0x01,0x80,0x00,0xC0,0x00,0x40,0x00,0x60,0x00,0x20,0x00,0x30,0x00,0x10,0x00,0x18,0x00,0x08,0x00,0x0C,0x00,0x04,0x00,0x06,0x00,0x02,0x00,0x00,0x00,0x00,0x00},/*"/",15*/
{0x00,0x00,0x00,0x00,0x00,0x00,0x00,0x00,0x00,0x00,0x00,0x00,0xC0,0x07,0x60,0x0C,0x30,0x18,0x18,0x30,0x18,0x30,0x18,0x20,0x0C,0x60,0x0C,0x60,0x0C,0x60,0x0C,0x60,0x0C,0x60,0x0C,0x60,0x0C,0x60,0x0C,0x60,0x0C,0x60,0x18,0x20,0x18,0x30,0x18,0x30,0x30,0x18,0x60,0x0C,0xC0,0x07,0x00,0x00,0x00,0x00,0x00,0x00,0x00,0x00,0x00,0x00},/*"0",16*/
{0x00,0x00,0x00,0x00,0x00,0x00,0x00,0x00,0x00,0x00,0x00,0x00,0x00,0x01,0x80,0x01,0xF8,0x01,0x80,0x01,0x80,0x01,0x80,0x01,0x80,0x01,0x80,0x01,0x80,0x01,0x80,0x01,0x80,0x01,0x80,0x01,0x80,0x01,0x80,0x01,0x80,0x01,0x80,0x01,0x80,0x01,0x80,0x01,0x80,0x01,0xC0,0x03,0xF8,0x1F,0x00,0x00,0x00,0x00,0x00,0x00,0x00,0x00,0x00,0x00},/*"1",17*/
{0x00,0x00,0x00,0x00,0x00,0x00,0x00,0x00,0x00,0x00,0x00,0x00,0xE0,0x07,0x10,0x1C,0x08,0x18,0x04,0x30,0x04,0x30,0x0C,0x30,0x0C,0x30,0x00,0x30,0x00,0x18,0x00,0x08,0x00,0x04,0x00,0x02,0x00,0x01,0x80,0x00,0x40,0x00,0x20,0x20,0x10,0x20,0x08,0x20,0x04,0x30,0xFC,0x1F,0xFC,0x1F,0x00,0x00,0x00,0x00,0x00,0x00,0x00,0x00,0x00,0x00},/*"2",18*/
{0x00,0x00,0x00,0x00,0x00,0x00,0x00,0x00,0x00,0x00,0x00,0x00,0xE0,0x03,0x18,0x0E,0x0C,0x0C,0x0C,0x18,0x0C,0x18,0x0C,0x18,0x00,0x18,0x00,0x0C,0x00,0x06,0xC0,0x03,0x00,0x0E,0x00,0x18,0x00,0x10,0x00,0x30,0x00,0x30,0x0C,0x30,0x0C,0x30,0x0C,0x10,0x0C,0x18,0x18,0x0C,0xE0,0x03,0x00,0x00,0x00,0x00,0x00,0x00,0x00,0x00,0x00,0x00},/*"3",19*/
{0x00,0x00,0x00,0x00,0x00,0x00,0x00,0x00,0x00,0x00,0x00,0x00,0x00,0x0C,0x00,0x0E,0x00,0x0E,0x00,0x0F,0x80,0x0E,0x80,0x0E,0x40,0x0E,0x60,0x0E,0x20,0x0E,0x10,0x0E,0x10,0x0E,0x08,0x0E,0x04,0x0E,0x04,0x0E,0xFE,0x7F,0x00,0x0E,0x00,0x0E,0x00,0x0E,0x00,0x0E,0x00,0x0E,0x00,0x0E,0xC0,0x7F,0x00,0x00,0x00,0x00,0x00,0x00,0x00,0x00},/*"4",20*/
{0x00,0x00,0x00,0x00,0x00,0x00,0x00,0x00,0x00,0x00,0x00,0x00,0xF0,0x3F,0xF0,0x3F,0x10,0x00,0x10,0x00,0x10,0x00,0x08,0x00,0x08,0x00,0xC8,0x07,0x28,0x0C,0x18,0x18,0x08,0x10,0x00,0x30,0x00,0x30,0x00,0x30,0x00,0x30,0x0C,0x30,0x0C,0x30,0x04,0x18,0x04,0x18,0x08,0x0C,0xF0,0x03,0x00,0x00,0x00,0x00,0x00,0x00,0x00,0x00,0x00,0x00},/*"5",21*/
{0x00,0x00,0x00,0x00,0x00,0x00,0x00,0x00,0x00,0x00,0x00,0x00,0x80,0x0F,0xC0,0x10,0x20,0x30,0x10,0x30,0x18,0x00,0x18,0x00,0x08,0x00,0x0C,0x00,0x8C,0x0F,0x6C,0x18,0x3C,0x30,0x1C,0x60,0x0C,0x60,0x0C,0x60,0x0C,0x60,0x0C,0x60,0x18,0x60,0x18,0x20,0x30,0x30,0x60,0x18,0xC0,0x07,0x00,0x00,0x00,0x00,0x00,0x00,0x00,0x00,0x00,0x00},/*"6",22*/
{0x00,0x00,0x00,0x00,0x00,0x00,0x00,0x00,0x00,0x00,0x00,0x00,0xF8,0x3F,0xF8,0x3F,0x1C,0x10,0x0C,0x08,0x04,0x08,0x04,0x04,0x00,0x04,0x00,0x02,0x00,0x02,0x00,0x01,0x00,0x01,0x00,0x01,0x80,0x00,0x80,0x00,0x80,0x00,0xC0,0x00,0xC0,0x00,0xC0,0x00,0xC0,0x00,0xC0,0x00,0xC0,0x00,0x00,0x00,0x00,0x00,0x00,0x00,0x00,0x00,0x00,0x00},/*"7",23*/
{0x00,0x00,0x00,0x00,0x00,0x00,0x00,0x00,0x00,0x00,0x00,0x00,0xE0,0x07,0x30,0x0C,0x18,0x18,0x0C,0x30,0x0C,0x30,0x0C,0x30,0x1C,0x30,0x38,0x18,0x70,0x08,0xE0,0x07,0xB0,0x07,0x18,0x0E,0x0C,0x1C,0x06,0x38,0x06,0x30,0x06,0x30,0x06,0x30,0x06,0x30,0x0C,0x18,0x18,0x0C,0xE0,0x03,0x00,0x00,0x00,0x00,0x00,0x00,0x00,0x00,0x00,0x00},/*"8",24*/
{0x00,0x00,0x00,0x00,0x00,0x00,0x00,0x00,0x00,0x00,0x00,0x00,0xE0,0x03,0x18,0x04,0x0C,0x08,0x0C,0x18,0x06,0x10,0x06,0x30,0x06,0x30,0x06,0x30,0x06,0x30,0x06,0x38,0x0C,0x3C,0x18,0x36,0xF0,0x31,0x00,0x30,0x00,0x18,0x00,0x18,0x00,0x18,0x0C,0x0C,0x0C,0x06,0x0C,0x03,0xF0,0x01,0x00,0x00,0x00,0x00,0x00,0x00,0x00,0x00,0x00,0x00},/*"9",25*/
{0x00,0x00,0x00,0x00,0x00,0x00,0x00,0x00,0x00,0x00,0x00,0x00,0x00,0x00,0x00,0x00,0x00,0x00,0x00,0x00,0x00,0x00,0x00,0x00,0x00,0x00,0x80,0x01,0xC0,0x03,0xC0,0x03,0x80,0x01,0x00,0x00,0x00,0x00,0x00,0x00,0x00,0x00,0x00,0x00,0x00,0x00,0x80,0x01,0xC0,0x03,0xC0,0x03,0x80,0x01,0x00,0x00,0x00,0x00,0x00,0x00,0x00,0x00,0x00,0x00},/*":",26*/
{0x00,0x00,0x00,0x00,0x00,0x00,0x00,0x00,0x00,0x00,0x00,0x00,0x00,0x00,0x00,0x00,0x00,0x00,0x00,0x00,0x00,0x00,0x00,0x00,0x00,0x00,0xC0,0x00,0xC0,0x00,0x00,0x00,0x00,0x00,0x00,0x00,0x00,0x00,0x00,0x00,0x00,0x00,0x00,0x00,0x00,0x00,0x00,0x00,0x00,0x00,0xC0,0x00,0xC0,0x00,0x80,0x00,0x80,0x00,0x40,0x00,0x40,0x00,0x00,0x00},/*";",27*/
{0x00,0x00,0x00,0x00,0x00,0x00,0x00,0x00,0x00,0x00,0x00,0x20,0x00,0x10,0x00,0x08,0x00,0x04,0x00,0x06,0x00,0x03,0x80,0x01,0xC0,0x00,0x60,0x00,0x30,0x00,0x18,0x00,0x0C,0x00,0x18,0x00,0x30,0x00,0x60,0x00,0xC0,0x00,0x80,0x01,0x00,0x03,0x00,0x06,0x00,0x04,0x00,0x08,0x00,0x10,0x00,0x20,0x00,0x00,0x00,0x00,0x00,0x00,0x00,0x00},/*"<",28*/
{0x00,0x00,0x00,0x00,0x00,0x00,0x00,0x00,0x00,0x00,0x00,0x00,0x00,0x00,0x00,0x00,0x00,0x00,0x00,0x00,0x00,0x00,0x00,0x00,0x00,0x00,0xFE,0x7F,0x00,0x00,0x00,0x00,0x00,0x00,0x00,0x00,0x00,0x00,0xFE,0x7F,0x00,0x00,0x00,0x00,0x00,0x00,0x00,0x00,0x00,0x00,0x00,0x00,0x00,0x00,0x00,0x00,0x00,0x00,0x00,0x00,0x00,0x00,0x00,0x00},/*"=",29*/
{0x00,0x00,0x00,0x00,0x00,0x00,0x00,0x00,0x00,0x00,0x04,0x00,0x08,0x00,0x10,0x00,0x20,0x00,0x60,0x00,0xC0,0x00,0x80,0x01,0x00,0x03,0x00,0x06,0x00,0x0C,0x00,0x18,0x00,0x30,0x00,0x18,0x00,0x0C,0x00,0x06,0x00,0x03,0x80,0x01,0xC0,0x00,0x60,0x00,0x20,0x00,0x10,0x00,0x08,0x00,0x04,0x00,0x00,0x00,0x00,0x00,0x00,0x00,0x00,0x00},/*">",30*/
{0x00,0x00,0x00,0x00,0x00,0x00,0x00,0x00,0x00,0x00,0xC0,0x07,0x30,0x18,0x08,0x30,0x08,0x60,0x0C,0x60,0x1C,0x60,0x1C,0x60,0x1C,0x60,0x00,0x30,0x00,0x1C,0x00,0x06,0x00,0x01,0x80,0x00,0x80,0x00,0x80,0x00,0x80,0x00,0x00,0x00,0x00,0x00,0x80,0x01,0xC0,0x03,0xC0,0x03,0x80,0x01,0x00,0x00,0x00,0x00,0x00,0x00,0x00,0x00,0x00,0x00},/*"?",31*/
{0x00,0x00,0x00,0x00,0x00,0x00,0x00,0x00,0x00,0x00,0x00,0x00,0xC0,0x07,0x60,0x18,0x10,0x30,0x18,0x20,0x0C,0x2F,0x8C,0x4D,0x86,0x4C,0xC6,0x4C,0xC6,0x4C,0x66,0x4C,0x66,0x44,0x66,0x44,0x66,0x26,0x66,0x26,0x66,0x15,0xCC,0x1C,0x0C,0x40,0x08,0x20,0x18,0x30,0x30,0x18,0xC0,0x07,0x00,0x00,0x00,0x00,0x00,0x00,0x00,0x00,0x00,0x00},/*"@",32*/
{0x00,0x00,0x00,0x00,0x00,0x00,0x00,0x00,0x00,0x00,0x00,0x01,0xC0,0x01,0xC0,0x01,0xC0,0x01,0x40,0x01,0x60,0x03,0x20,0x03,0x20,0x03,0x20,0x03,0x30,0x06,0x10,0x06,0x10,0x06,0x10,0x06,0xF8,0x0F,0x08,0x0C,0x08,0x0C,0x08,0x0C,0x0C,0x0C,0x04,0x18,0x04,0x18,0x06,0x18,0x1F,0x7C,0x00,0x00,0x00,0x00,0x00,0x00,0x00,0x00,0x00,0x00},/*"A",33*/
{0x00,0x00,0x00,0x00,0x00,0x00,0x00,0x00,0x00,0x00,0x00,0x00,0xFE,0x07,0x18,0x1C,0x18,0x38,0x18,0x30,0x18,0x30,0x18,0x30,0x18,0x30,0x18,0x18,0x18,0x0C,0xF8,0x07,0x18,0x18,0x18,0x30,0x18,0x20,0x18,0x60,0x18,0x60,0x18,0x60,0x18,0x60,0x18,0x60,0x18,0x30,0x18,0x18,0xFE,0x0F,0x00,0x00,0x00,0x00,0x00,0x00,0x00,0x00,0x00,0x00},/*"B",34*/
{0x00,0x00,0x00,0x00,0x00,0x00,0x00,0x00,0x00,0x00,0x00,0x00,0xC0,0x27,0x60,0x38,0x10,0x30,0x18,0x20,0x0C,0x40,0x0C,0x40,0x04,0x00,0x06,0x00,0x06,0x00,0x06,0x00,0x06,0x00,0x06,0x00,0x06,0x00,0x06,0x00,0x06,0x00,0x0C,0x40,0x0C,0x40,0x0C,0x20,0x18,0x30,0x30,0x18,0xC0,0x07,0x00,0x00,0x00,0x00,0x00,0x00,0x00,0x00,0x00,0x00},/*"C",35*/
{0x00,0x00,0x00,0x00,0x00,0x00,0x00,0x00,0x00,0x00,0x00,0x00,0xFE,0x03,0x18,0x0E,0x18,0x18,0x18,0x30,0x18,0x30,0x18,0x30,0x18,0x60,0x18,0x60,0x18,0x60,0x18,0x60,0x18,0x60,0x18,0x60,0x18,0x60,0x18,0x60,0x18,0x60,0x18,0x30,0x18,0x30,0x18,0x10,0x18,0x18,0x18,0x0E,0xFE,0x03,0x00,0x00,0x00,0x00,0x00,0x00,0x00,0x00,0x00,0x00},/*"D",36*/
{0x00,0x00,0x00,0x00,0x00,0x00,0x00,0x00,0x00,0x00,0x00,0x00,0xFE,0x3F,0x18,0x30,0x18,0x20,0x18,0x60,0x18,0x40,0x18,0x00,0x18,0x08,0x18,0x08,0x18,0x0C,0xF8,0x0F,0x18,0x0C,0x18,0x08,0x18,0x08,0x18,0x00,0x18,0x00,0x18,0x00,0x18,0x40,0x18,0x40,0x18,0x20,0x18,0x30,0xFE,0x3F,0x00,0x00,0x00,0x00,0x00,0x00,0x00,0x00,0x00,0x00},/*"E",37*/
{0x00,0x00,0x00,0x00,0x00,0x00,0x00,0x00,0x00,0x00,0x00,0x00,0xFE,0x7F,0x18,0x70,0x18,0x40,0x18,0xC0,0x18,0x80,0x18,0x00,0x18,0x10,0x18,0x10,0x18,0x18,0xF8,0x1F,0x18,0x18,0x18,0x10,0x18,0x10,0x18,0x00,0x18,0x00,0x18,0x00,0x18,0x00,0x18,0x00,0x18,0x00,0x18,0x00,0x7E,0x00,0x00,0x00,0x00,0x00,0x00,0x00,0x00,0x00,0x00,0x00},/*"F",38*/
{0x00,0x00,0x00,0x00,0x00,0x00,0x00,0x00,0x00,0x00,0x00,0x00,0xC0,0x13,0x70,0x1C,0x10,0x10,0x18,0x10,0x0C,0x20,0x0C,0x20,0x04,0x00,0x06,0x00,0x06,0x00,0x06,0x00,0x06,0x00,0x06,0x00,0x06,0xFC,0x06,0x30,0x06,0x30,0x0C,0x30,0x0C,0x30,0x18,0x30,0x18,0x30,0x30,0x08,0xC0,0x07,0x00,0x00,0x00,0x00,0x00,0x00,0x00,0x00,0x00,0x00},/*"G",39*/
{0x00,0x00,0x00,0x00,0x00,0x00,0x00,0x00,0x00,0x00,0x00,0x00,0x3F,0x7E,0x0C,0x18,0x0C,0x18,0x0C,0x18,0x0C,0x18,0x0C,0x18,0x0C,0x18,0x0C,0x18,0x0C,0x18,0x0C,0x18,0xFC,0x1F,0x0C,0x18,0x0C,0x18,0x0C,0x18,0x0C,0x18,0x0C,0x18,0x0C,0x18,0x0C,0x18,0x0C,0x18,0x0C,0x18,0x3F,0x7E,0x00,0x00,0x00,0x00,0x00,0x00,0x00,0x00,0x00,0x00},/*"H",40*/
{0x00,0x00,0x00,0x00,0x00,0x00,0x00,0x00,0x00,0x00,0x00,0x00,0xF8,0x1F,0x80,0x01,0x80,0x01,0x80,0x01,0x80,0x01,0x80,0x01,0x80,0x01,0x80,0x01,0x80,0x01,0x80,0x01,0x80,0x01,0x80,0x01,0x80,0x01,0x80,0x01,0x80,0x01,0x80,0x01,0x80,0x01,0x80,0x01,0x80,0x01,0x80,0x01,0xF8,0x1F,0x00,0x00,0x00,0x00,0x00,0x00,0x00,0x00,0x00,0x00},/*"I",41*/
{0x00,0x00,0x00,0x00,0x00,0x00,0x00,0x00,0x00,0x00,0x00,0x00,0xE0,0x7F,0x00,0x06,0x00,0x06,0x00,0x06,0x00,0x06,0x00,0x06,0x00,0x06,0x00,0x06,0x00,0x06,0x00,0x06,0x00,0x06,0x00,0x06,0x00,0x06,0x00,0x06,0x00,0x06,0x00,0x06,0x00,0x06,0x00,0x06,0x00,0x06,0x00,0x06,0x00,0x06,0x00,0x06,0x0E,0x06,0x0E,0x03,0x8E,0x01,0xFC,0x00},/*"J",42*/
{0x00,0x00,0x00,0x00,0x00,0x00,0x00,0x00,0x00,0x00,0x00,0x00,0x7E,0x7C,0x18,0x18,0x18,0x08,0x18,0x04,0x18,0x06,0x18,0x02,0x18,0x01,0x98,0x01,0x98,0x01,0xD8,0x01,0xB8,0x03,0x38,0x03,0x18,0x07,0x18,0x06,0x18,0x0E,0x18,0x0C,0x18,0x1C,0x18,0x18,0x18,0x30,0x18,0x30,0x7E,0xFC,0x00,0x00,0x00,0x00,0x00,0x00,0x00,0x00,0x00,0x00},/*"K",43*/
{0x00,0x00,0x00,0x00,0x00,0x00,0x00,0x00,0x00,0x00,0x00,0x00,0x7E,0x00,0x18,0x00,0x18,0x00,0x18,0x00,0x18,0x00,0x18,0x00,0x18,0x00,0x18,0x00,0x18,0x00,0x18,0x00,0x18,0x00,0x18,0x00,0x18,0x00,0x18,0x00,0x18,0x00,0x18,0x00,0x18,0x40,0x18,0x40,0x18,0x20,0x18,0x30,0xFE,0x3F,0x00,0x00,0x00,0x00,0x00,0x00,0x00,0x00,0x00,0x00},/*"L",44*/
{0x00,0x00,0x00,0x00,0x00,0x00,0x00,0x00,0x00,0x00,0x00,0x00,0x1F,0xF8,0x1C,0x38,0x1C,0x38,0x1C,0x38,0x1C,0x3C,0x34,0x34,0x34,0x34,0x34,0x34,0x34,0x36,0x74,0x32,0x64,0x32,0x64,0x32,0x64,0x32,0x64,0x31,0xC4,0x31,0xC4,0x31,0xC4,0x31,0xC4,0x30,0xC4,0x30,0x84,0x30,0x9F,0xFC,0x00,0x00,0x00,0x00,0x00,0x00,0x00,0x00,0x00,0x00},/*"M",45*/
{0x00,0x00,0x00,0x00,0x00,0x00,0x00,0x00,0x00,0x00,0x00,0x00,0x1F,0x7C,0x1C,0x10,0x3C,0x10,0x34,0x10,0x34,0x10,0x74,0x10,0x64,0x10,0xE4,0x10,0xC4,0x10,0xC4,0x11,0x84,0x11,0x84,0x13,0x04,0x13,0x04,0x17,0x04,0x16,0x04,0x1E,0x04,0x1C,0x04,0x1C,0x04,0x1C,0x04,0x18,0x1F,0x18,0x00,0x00,0x00,0x00,0x00,0x00,0x00,0x00,0x00,0x00},/*"N",46*/
{0x00,0x00,0x00,0x00,0x00,0x00,0x00,0x00,0x00,0x00,0x00,0x00,0xC0,0x03,0x30,0x0C,0x18,0x18,0x08,0x10,0x0C,0x30,0x0C,0x30,0x06,0x60,0x06,0x60,0x06,0x60,0x06,0x60,0x06,0x60,0x06,0x60,0x06,0x60,0x06,0x60,0x06,0x60,0x0C,0x20,0x0C,0x30,0x08,0x10,0x18,0x18,0x30,0x0C,0xC0,0x03,0x00,0x00,0x00,0x00,0x00,0x00,0x00,0x00,0x00,0x00},/*"O",47*/
{0x00,0x00,0x00,0x00,0x00,0x00,0x00,0x00,0x00,0x00,0x00,0x00,0xFE,0x0F,0x18,0x18,0x18,0x30,0x18,0x60,0x18,0x60,0x18,0x60,0x18,0x60,0x18,0x60,0x18,0x30,0x18,0x18,0xF8,0x0F,0x18,0x00,0x18,0x00,0x18,0x00,0x18,0x00,0x18,0x00,0x18,0x00,0x18,0x00,0x18,0x00,0x18,0x00,0x7E,0x00,0x00,0x00,0x00,0x00,0x00,0x00,0x00,0x00,0x00,0x00},/*"P",48*/
{0x00,0x00,0x00,0x00,0x00,0x00,0x00,0x00,0x00,0x00,0x00,0x00,0xC0,0x03,0x30,0x0C,0x18,0x18,0x0C,0x10,0x0C,0x30,0x0C,0x20,0x06,0x60,0x06,0x60,0x06,0x60,0x06,0x60,0x06,0x60,0x06,0x60,0x06,0x60,0x06,0x60,0x06,0x60,0xE4,0x61,0x2C,0x33,0x1C,0x32,0x18,0x16,0x30,0x0E,0xC0,0x07,0x00,0x4C,0x00,0x7C,0x00,0x38,0x00,0x00,0x00,0x00},/*"Q",49*/
{0x00,0x00,0x00,0x00,0x00,0x00,0x00,0x00,0x00,0x00,0x00,0x00,0xFE,0x07,0x18,0x1C,0x18,0x38,0x18,0x30,0x18,0x30,0x18,0x30,0x18,0x30,0x18,0x18,0x18,0x0C,0xF8,0x07,0x98,0x03,0x18,0x03,0x18,0x07,0x18,0x06,0x18,0x06,0x18,0x0E,0x18,0x0C,0x18,0x0C,0x18,0x1C,0x18,0x18,0x7E,0x78,0x00,0x00,0x00,0x00,0x00,0x00,0x00,0x00,0x00,0x00},/*"R",50*/
{0x00,0x00,0x00,0x00,0x00,0x00,0x00,0x00,0x00,0x00,0x00,0x00,0xE0,0x27,0x30,0x38,0x18,0x30,0x0C,0x20,0x0C,0x20,0x0C,0x00,0x0C,0x00,0x18,0x00,0x78,0x00,0xE0,0x03,0x80,0x0F,0x00,0x1E,0x00,0x38,0x00,0x70,0x00,0x60,0x04,0x60,0x04,0x60,0x08,0x60,0x18,0x30,0x38,0x18,0xC8,0x0F,0x00,0x00,0x00,0x00,0x00,0x00,0x00,0x00,0x00,0x00},/*"S",51*/
{0x00,0x00,0x00,0x00,0x00,0x00,0x00,0x00,0x00,0x00,0x00,0x00,0xFC,0x3F,0x8C,0x21,0x84,0x61,0x82,0x41,0x82,0x41,0x80,0x01,0x80,0x01,0x80,0x01,0x80,0x01,0x80,0x01,0x80,0x01,0x80,0x01,0x80,0x01,0x80,0x01,0x80,0x01,0x80,0x01,0x80,0x01,0x80,0x01,0x80,0x01,0x80,0x01,0xE0,0x07,0x00,0x00,0x00,0x00,0x00,0x00,0x00,0x00,0x00,0x00},/*"T",52*/
{0x00,0x00,0x00,0x00,0x00,0x00,0x00,0x00,0x00,0x00,0x00,0x00,0x3F,0x7C,0x0C,0x10,0x0C,0x10,0x0C,0x10,0x0C,0x10,0x0C,0x10,0x0C,0x10,0x0C,0x10,0x0C,0x10,0x0C,0x10,0x0C,0x10,0x0C,0x10,0x0C,0x10,0x0C,0x10,0x0C,0x10,0x0C,0x10,0x0C,0x10,0x0C,0x10,0x08,0x08,0x38,0x04,0xE0,0x03,0x00,0x00,0x00,0x00,0x00,0x00,0x00,0x00,0x00,0x00},/*"U",53*/
{0x00,0x00,0x00,0x00,0x00,0x00,0x00,0x00,0x00,0x00,0x00,0x00,0x3E,0xF8,0x18,0x20,0x18,0x20,0x18,0x20,0x30,0x10,0x30,0x10,0x30,0x10,0x30,0x10,0x60,0x08,0x60,0x08,0x60,0x08,0xE0,0x0C,0xC0,0x04,0xC0,0x04,0xC0,0x04,0x80,0x03,0x80,0x03,0x80,0x03,0x80,0x03,0x00,0x01,0x00,0x01,0x00,0x00,0x00,0x00,0x00,0x00,0x00,0x00,0x00,0x00},/*"V",54*/
{0x00,0x00,0x00,0x00,0x00,0x00,0x00,0x00,0x00,0x00,0x00,0x00,0xDF,0xF3,0x86,0x61,0x86,0x21,0x86,0x21,0x8C,0x21,0x0C,0x21,0x8C,0x23,0x8C,0x13,0x8C,0x13,0x8C,0x13,0x4C,0x13,0x58,0x12,0x58,0x16,0x58,0x0E,0x38,0x0E,0x38,0x0E,0x38,0x0E,0x30,0x0C,0x10,0x04,0x10,0x04,0x10,0x04,0x00,0x00,0x00,0x00,0x00,0x00,0x00,0x00,0x00,0x00},/*"W",55*/
{0x00,0x00,0x00,0x00,0x00,0x00,0x00,0x00,0x00,0x00,0x00,0x00,0x7E,0x3E,0x18,0x08,0x38,0x08,0x30,0x04,0x30,0x04,0x70,0x02,0x60,0x02,0xE0,0x01,0xC0,0x01,0xC0,0x01,0x80,0x01,0x80,0x03,0x40,0x03,0x40,0x07,0x20,0x06,0x20,0x06,0x10,0x0C,0x10,0x0C,0x08,0x18,0x08,0x18,0x3E,0x7C,0x00,0x00,0x00,0x00,0x00,0x00,0x00,0x00,0x00,0x00},/*"X",56*/
{0x00,0x00,0x00,0x00,0x00,0x00,0x00,0x00,0x00,0x00,0x00,0x00,0x7E,0x7C,0x1C,0x10,0x18,0x10,0x18,0x08,0x30,0x08,0x30,0x0C,0x70,0x04,0x60,0x04,0x60,0x02,0xC0,0x02,0xC0,0x02,0xC0,0x01,0x80,0x01,0x80,0x01,0x80,0x01,0x80,0x01,0x80,0x01,0x80,0x01,0x80,0x01,0x80,0x01,0xE0,0x07,0x00,0x00,0x00,0x00,0x00,0x00,0x00,0x00,0x00,0x00},/*"Y",57*/
{0x00,0x00,0x00,0x00,0x00,0x00,0x00,0x00,0x00,0x00,0x00,0x00,0xF8,0x3F,0x18,0x18,0x08,0x18,0x04,0x0C,0x04,0x0E,0x00,0x06,0x00,0x07,0x00,0x03,0x80,0x03,0x80,0x01,0xC0,0x01,0xC0,0x00,0xE0,0x00,0x60,0x00,0x70,0x00,0x30,0x00,0x38,0x20,0x18,0x20,0x1C,0x10,0x0C,0x18,0xFE,0x1F,0x00,0x00,0x00,0x00,0x00,0x00,0x00,0x00,0x00,0x00},/*"Z",58*/
{0x00,0x00,0x00,0x00,0x00,0x00,0xC0,0x3F,0x40,0x00,0x40,0x00,0x40,0x00,0x40,0x00,0x40,0x00,0x40,0x00,0x40,0x00,0x40,0x00,0x40,0x00,0x40,0x00,0x40,0x00,0x40,0x00,0x40,0x00,0x40,0x00,0x40,0x00,0x40,0x00,0x40,0x00,0x40,0x00,0x40,0x00,0x40,0x00,0x40,0x00,0x40,0x00,0x40,0x00,0x40,0x00,0x40,0x00,0xC0,0x3F,0x00,0x00,0x00,0x00},/*"[",59*/
{0x00,0x00,0x00,0x00,0x00,0x00,0x00,0x00,0x00,0x00,0x08,0x00,0x18,0x00,0x18,0x00,0x10,0x00,0x30,0x00,0x20,0x00,0x60,0x00,0x60,0x00,0x40,0x00,0xC0,0x00,0x80,0x00,0x80,0x01,0x80,0x01,0x00,0x01,0x00,0x03,0x00,0x02,0x00,0x06,0x00,0x06,0x00,0x04,0x00,0x0C,0x00,0x08,0x00,0x18,0x00,0x18,0x00,0x10,0x00,0x30,0x00,0x20,0x00,0x00},/*"\",60*/
{0x00,0x00,0x00,0x00,0x00,0x00,0xFC,0x03,0x00,0x02,0x00,0x02,0x00,0x02,0x00,0x02,0x00,0x02,0x00,0x02,0x00,0x02,0x00,0x02,0x00,0x02,0x00,0x02,0x00,0x02,0x00,0x02,0x00,0x02,0x00,0x02,0x00,0x02,0x00,0x02,0x00,0x02,0x00,0x02,0x00,0x02,0x00,0x02,0x00,0x02,0x00,0x02,0x00,0x02,0x00,0x02,0x00,0x02,0xFC,0x03,0x00,0x00,0x00,0x00},/*"]",61*/
{0x00,0x00,0x00,0x00,0x00,0x00,0x80,0x07,0xC0,0x06,0x20,0x08,0x10,0x10,0x00,0x00,0x00,0x00,0x00,0x00,0x00,0x00,0x00,0x00,0x00,0x00,0x00,0x00,0x00,0x00,0x00,0x00,0x00,0x00,0x00,0x00,0x00,0x00,0x00,0x00,0x00,0x00,0x00,0x00,0x00,0x00,0x00,0x00,0x00,0x00,0x00,0x00,0x00,0x00,0x00,0x00,0x00,0x00,0x00,0x00,0x00,0x00,0x00,0x00},/*"^",62*/
{0x00,0x00,0x00,0x00,0x00,0x00,0x00,0x00,0x00,0x00,0x00,0x00,0x00,0x00,0x00,0x00,0x00,0x00,0x00,0x00,0x00,0x00,0x00,0x00,0x00,0x00,0x00,0x00,0x00,0x00,0x00,0x00,0x00,0x00,0x00,0x00,0x00,0x00,0x00,0x00,0x00,0x00,0x00,0x00,0x00,0x00,0x00,0x00,0x00,0x00,0x00,0x00,0x00,0x00,0x00,0x00,0x00,0x00,0x00,0x00,0x00,0x00,0xFF,0xFF},/*"_",63*/
{0x00,0x00,0x00,0x00,0x00,0x00,0x78,0x00,0xC0,0x00,0x00,0x01,0x00,0x00,0x00,0x00,0x00,0x00,0x00,0x00,0x00,0x00,0x00,0x00,0x00,0x00,0x00,0x00,0x00,0x00,0x00,0x00,0x00,0x00,0x00,0x00,0x00,0x00,0x00,0x00,0x00,0x00,0x00,0x00,0x00,0x00,0x00,0x00,0x00,0x00,0x00,0x00,0x00,0x00,0x00,0x00,0x00,0x00,0x00,0x00,0x00,0x00,0x00,0x00},/*"`",64*/
{0x00,0x00,0x00,0x00,0x00,0x00,0x00,0x00,0x00,0x00,0x00,0x00,0x00,0x00,0x00,0x00,0x00,0x00,0x00,0x00,0x00,0x00,0x00,0x00,0x00,0x00,0xF0,0x03,0x18,0x06,0x0C,0x0C,0x0C,0x0C,0x00,0x0C,0x80,0x0F,0x70,0x0C,0x1C,0x0C,0x0C,0x0C,0x06,0x0C,0x06,0x0C,0x06,0x4C,0x0C,0x4F,0xF8,0x38,0x00,0x00,0x00,0x00,0x00,0x00,0x00,0x00,0x00,0x00},/*"a",65*/
{0x00,0x00,0x00,0x00,0x00,0x00,0x00,0x00,0x00,0x00,0x10,0x00,0x1E,0x00,0x18,0x00,0x18,0x00,0x18,0x00,0x18,0x00,0x18,0x00,0x18,0x00,0x18,0x0F,0xD8,0x18,0x38,0x30,0x38,0x60,0x18,0x60,0x18,0x60,0x18,0x60,0x18,0x60,0x18,0x60,0x18,0x60,0x18,0x20,0x38,0x30,0x78,0x18,0xC8,0x07,0x00,0x00,0x00,0x00,0x00,0x00,0x00,0x00,0x00,0x00},/*"b",66*/
{0x00,0x00,0x00,0x00,0x00,0x00,0x00,0x00,0x00,0x00,0x00,0x00,0x00,0x00,0x00,0x00,0x00,0x00,0x00,0x00,0x00,0x00,0x00,0x00,0x00,0x00,0xC0,0x07,0x70,0x0C,0x18,0x18,0x18,0x18,0x0C,0x18,0x0C,0x00,0x0C,0x00,0x0C,0x00,0x0C,0x00,0x0C,0x20,0x18,0x20,0x18,0x10,0x30,0x08,0xC0,0x07,0x00,0x00,0x00,0x00,0x00,0x00,0x00,0x00,0x00,0x00},/*"c",67*/
{0x00,0x00,0x00,0x00,0x00,0x00,0x00,0x00,0x00,0x00,0x00,0x10,0x00,0x1E,0x00,0x18,0x00,0x18,0x00,0x18,0x00,0x18,0x00,0x18,0x00,0x18,0xE0,0x1B,0x30,0x1C,0x18,0x18,0x18,0x18,0x0C,0x18,0x0C,0x18,0x0C,0x18,0x0C,0x18,0x0C,0x18,0x0C,0x18,0x08,0x18,0x18,0x1C,0x30,0x7A,0xE0,0x09,0x00,0x00,0x00,0x00,0x00,0x00,0x00,0x00,0x00,0x00},/*"d",68*/
{0x00,0x00,0x00,0x00,0x00,0x00,0x00,0x00,0x00,0x00,0x00,0x00,0x00,0x00,0x00,0x00,0x00,0x00,0x00,0x00,0x00,0x00,0x00,0x00,0x00,0x00,0xC0,0x07,0x30,0x0C,0x18,0x18,0x08,0x10,0x0C,0x30,0x0C,0x30,0xFC,0x3F,0x0C,0x00,0x0C,0x00,0x0C,0x00,0x18,0x20,0x18,0x10,0x70,0x18,0xC0,0x07,0x00,0x00,0x00,0x00,0x00,0x00,0x00,0x00,0x00,0x00},/*"e",69*/
{0x00,0x00,0x00,0x00,0x00,0x00,0x00,0x00,0x00,0x00,0x00,0x00,0x00,0x3E,0x80,0xC3,0x80,0xC0,0xC0,0xC0,0xC0,0x00,0xC0,0x00,0xC0,0x00,0xFC,0x1F,0xC0,0x00,0xC0,0x00,0xC0,0x00,0xC0,0x00,0xC0,0x00,0xC0,0x00,0xC0,0x00,0xC0,0x00,0xC0,0x00,0xC0,0x00,0xC0,0x00,0xC0,0x00,0xF8,0x0F,0x00,0x00,0x00,0x00,0x00,0x00,0x00,0x00,0x00,0x00},/*"f",70*/
{0x00,0x00,0x00,0x00,0x00,0x00,0x00,0x00,0x00,0x00,0x00,0x00,0x00,0x00,0x00,0x00,0x00,0x00,0x00,0x00,0x00,0x00,0x00,0x00,0x00,0x00,0xC0,0x77,0x30,0x6C,0x10,0x18,0x18,0x18,0x18,0x18,0x18,0x18,0x10,0x18,0x30,0x0C,0xF0,0x07,0x18,0x00,0x18,0x00,0xF0,0x0F,0xF0,0x3F,0x08,0x70,0x0C,0x60,0x0C,0x60,0x0C,0x60,0x38,0x38,0xE0,0x0F},/*"g",71*/
{0x00,0x00,0x00,0x00,0x00,0x00,0x00,0x00,0x00,0x00,0x10,0x00,0x1E,0x00,0x18,0x00,0x18,0x00,0x18,0x00,0x18,0x00,0x18,0x00,0x18,0x00,0x98,0x0F,0xD8,0x18,0x38,0x30,0x18,0x30,0x18,0x30,0x18,0x30,0x18,0x30,0x18,0x30,0x18,0x30,0x18,0x30,0x18,0x30,0x18,0x30,0x18,0x30,0x7E,0xFC,0x00,0x00,0x00,0x00,0x00,0x00,0x00,0x00,0x00,0x00},/*"h",72*/
{0x00,0x00,0x00,0x00,0x00,0x00,0x00,0x00,0x00,0x00,0x00,0x00,0x80,0x03,0x80,0x03,0x80,0x03,0x00,0x00,0x00,0x00,0x00,0x00,0x00,0x01,0xF8,0x01,0x80,0x01,0x80,0x01,0x80,0x01,0x80,0x01,0x80,0x01,0x80,0x01,0x80,0x01,0x80,0x01,0x80,0x01,0x80,0x01,0x80,0x01,0x80,0x01,0xF8,0x1F,0x00,0x00,0x00,0x00,0x00,0x00,0x00,0x00,0x00,0x00},/*"i",73*/
{0x00,0x00,0x00,0x00,0x00,0x00,0x00,0x00,0x00,0x00,0x00,0x00,0x00,0x38,0x00,0x38,0x00,0x38,0x00,0x00,0x00,0x00,0x00,0x00,0x00,0x10,0x80,0x1F,0x00,0x18,0x00,0x18,0x00,0x18,0x00,0x18,0x00,0x18,0x00,0x18,0x00,0x18,0x00,0x18,0x00,0x18,0x00,0x18,0x00,0x18,0x00,0x18,0x00,0x18,0x00,0x18,0x00,0x18,0x18,0x0C,0x18,0x06,0xF0,0x03},/*"j",74*/
{0x00,0x00,0x00,0x00,0x00,0x00,0x00,0x00,0x00,0x00,0x10,0x00,0x1E,0x00,0x18,0x00,0x18,0x00,0x18,0x00,0x18,0x00,0x18,0x00,0x18,0x00,0x18,0x3E,0x18,0x0C,0x18,0x06,0x18,0x03,0x18,0x01,0x98,0x01,0xD8,0x01,0x38,0x03,0x18,0x07,0x18,0x06,0x18,0x0C,0x18,0x1C,0x18,0x18,0x7E,0x7C,0x00,0x00,0x00,0x00,0x00,0x00,0x00,0x00,0x00,0x00},/*"k",75*/
{0x00,0x00,0x00,0x00,0x00,0x00,0x00,0x00,0x00,0x00,0x00,0x01,0xF8,0x01,0x80,0x01,0x80,0x01,0x80,0x01,0x80,0x01,0x80,0x01,0x80,0x01,0x80,0x01,0x80,0x01,0x80,0x01,0x80,0x01,0x80,0x01,0x80,0x01,0x80,0x01,0x80,0x01,0x80,0x01,0x80,0x01,0x80,0x01,0x80,0x01,0x80,0x01,0xF8,0x1F,0x00,0x00,0x00,0x00,0x00,0x00,0x00,0x00,0x00,0x00},/*"l",76*/
{0x00,0x00,0x00,0x00,0x00,0x00,0x00,0x00,0x00,0x00,0x00,0x00,0x00,0x00,0x00,0x00,0x00,0x00,0x00,0x00,0x00,0x00,0x00,0x00,0x08,0x00,0xEE,0x1C,0x9C,0x33,0x8C,0x31,0x8C,0x31,0x8C,0x31,0x8C,0x31,0x8C,0x31,0x8C,0x31,0x8C,0x31,0x8C,0x31,0x8C,0x31,0x8C,0x31,0x8C,0x31,0xDE,0x7B,0x00,0x00,0x00,0x00,0x00,0x00,0x00,0x00,0x00,0x00},/*"m",77*/
{0x00,0x00,0x00,0x00,0x00,0x00,0x00,0x00,0x00,0x00,0x00,0x00,0x00,0x00,0x00,0x00,0x00,0x00,0x00,0x00,0x00,0x00,0x00,0x00,0x10,0x00,0x1E,0x0F,0xD8,0x18,0x38,0x30,0x18,0x30,0x18,0x30,0x18,0x30,0x18,0x30,0x18,0x30,0x18,0x30,0x18,0x30,0x18,0x30,0x18,0x30,0x18,0x30,0x7E,0xFC,0x00,0x00,0x00,0x00,0x00,0x00,0x00,0x00,0x00,0x00},/*"n",78*/
{0x00,0x00,0x00,0x00,0x00,0x00,0x00,0x00,0x00,0x00,0x00,0x00,0x00,0x00,0x00,0x00,0x00,0x00,0x00,0x00,0x00,0x00,0x00,0x00,0x00,0x00,0xC0,0x07,0x70,0x1C,0x10,0x30,0x18,0x30,0x0C,0x60,0x0C,0x60,0x0C,0x60,0x0C,0x60,0x0C,0x60,0x0C,0x60,0x18,0x30,0x18,0x30,0x30,0x18,0xC0,0x07,0x00,0x00,0x00,0x00,0x00,0x00,0x00,0x00,0x00,0x00},/*"o",79*/
{0x00,0x00,0x00,0x00,0x00,0x00,0x00,0x00,0x00,0x00,0x00,0x00,0x00,0x00,0x00,0x00,0x00,0x00,0x00,0x00,0x00,0x00,0x00,0x00,0x10,0x00,0x9E,0x0F,0x58,0x18,0x38,0x30,0x18,0x20,0x18,0x60,0x18,0x60,0x18,0x60,0x18,0x60,0x18,0x60,0x18,0x60,0x18,0x30,0x38,0x30,0x78,0x18,0x98,0x07,0x18,0x00,0x18,0x00,0x18,0x00,0x18,0x00,0x7E,0x00},/*"p",80*/
{0x00,0x00,0x00,0x00,0x00,0x00,0x00,0x00,0x00,0x00,0x00,0x00,0x00,0x00,0x00,0x00,0x00,0x00,0x00,0x00,0x00,0x00,0x00,0x00,0x00,0x00,0xC0,0x23,0x30,0x3C,0x18,0x38,0x18,0x30,0x0C,0x30,0x0C,0x30,0x0C,0x30,0x0C,0x30,0x0C,0x30,0x0C,0x30,0x08,0x30,0x18,0x38,0x30,0x3C,0xE0,0x33,0x00,0x30,0x00,0x30,0x00,0x30,0x00,0x30,0x00,0xFC},/*"q",81*/
{0x00,0x00,0x00,0x00,0x00,0x00,0x00,0x00,0x00,0x00,0x00,0x00,0x00,0x00,0x00,0x00,0x00,0x00,0x00,0x00,0x00,0x00,0x00,0x00,0x60,0x00,0x7E,0x3C,0x60,0x66,0x60,0x61,0xE0,0x00,0xE0,0x00,0x60,0x00,0x60,0x00,0x60,0x00,0x60,0x00,0x60,0x00,0x60,0x00,0x60,0x00,0x60,0x00,0xFE,0x07,0x00,0x00,0x00,0x00,0x00,0x00,0x00,0x00,0x00,0x00},/*"r",82*/
{0x00,0x00,0x00,0x00,0x00,0x00,0x00,0x00,0x00,0x00,0x00,0x00,0x00,0x00,0x00,0x00,0x00,0x00,0x00,0x00,0x00,0x00,0x00,0x00,0x00,0x00,0xE0,0x27,0x30,0x38,0x18,0x30,0x18,0x20,0x18,0x00,0x70,0x00,0xE0,0x03,0x80,0x0F,0x00,0x1C,0x04,0x30,0x04,0x30,0x0C,0x30,0x1C,0x18,0xEC,0x0F,0x00,0x00,0x00,0x00,0x00,0x00,0x00,0x00,0x00,0x00},/*"s",83*/
{0x00,0x00,0x00,0x00,0x00,0x00,0x00,0x00,0x00,0x00,0x00,0x00,0x00,0x00,0x00,0x00,0x80,0x00,0x80,0x00,0x80,0x00,0xC0,0x00,0xE0,0x00,0xFC,0x1F,0xC0,0x00,0xC0,0x00,0xC0,0x00,0xC0,0x00,0xC0,0x00,0xC0,0x00,0xC0,0x00,0xC0,0x00,0xC0,0x00,0xC0,0x20,0xC0,0x20,0x80,0x11,0x00,0x0F,0x00,0x00,0x00,0x00,0x00,0x00,0x00,0x00,0x00,0x00},/*"t",84*/
{0x00,0x00,0x00,0x00,0x00,0x00,0x00,0x00,0x00,0x00,0x00,0x00,0x00,0x00,0x00,0x00,0x00,0x00,0x00,0x00,0x00,0x00,0x00,0x00,0x10,0x20,0x1E,0x3C,0x18,0x30,0x18,0x30,0x18,0x30,0x18,0x30,0x18,0x30,0x18,0x30,0x18,0x30,0x18,0x30,0x18,0x30,0x18,0x30,0x18,0x38,0x30,0xF4,0xE0,0x13,0x00,0x00,0x00,0x00,0x00,0x00,0x00,0x00,0x00,0x00},/*"u",85*/
{0x00,0x00,0x00,0x00,0x00,0x00,0x00,0x00,0x00,0x00,0x00,0x00,0x00,0x00,0x00,0x00,0x00,0x00,0x00,0x00,0x00,0x00,0x00,0x00,0x00,0x00,0x7E,0x3C,0x18,0x18,0x18,0x08,0x38,0x08,0x30,0x04,0x30,0x04,0x70,0x02,0x60,0x02,0x60,0x02,0xE0,0x01,0xC0,0x01,0xC0,0x01,0xC0,0x00,0x80,0x00,0x00,0x00,0x00,0x00,0x00,0x00,0x00,0x00,0x00,0x00},/*"v",86*/
{0x00,0x00,0x00,0x00,0x00,0x00,0x00,0x00,0x00,0x00,0x00,0x00,0x00,0x00,0x00,0x00,0x00,0x00,0x00,0x00,0x00,0x00,0x00,0x00,0x00,0x00,0xDF,0xF7,0x8E,0x63,0x0C,0x23,0x8C,0x23,0x8C,0x23,0x98,0x13,0x98,0x13,0x58,0x16,0x58,0x16,0x70,0x0E,0x70,0x0E,0x70,0x0E,0x20,0x04,0x20,0x04,0x00,0x00,0x00,0x00,0x00,0x00,0x00,0x00,0x00,0x00},/*"w",87*/
{0x00,0x00,0x00,0x00,0x00,0x00,0x00,0x00,0x00,0x00,0x00,0x00,0x00,0x00,0x00,0x00,0x00,0x00,0x00,0x00,0x00,0x00,0x00,0x00,0x00,0x00,0xFC,0x3E,0x70,0x08,0x70,0x04,0xE0,0x04,0xC0,0x02,0xC0,0x01,0x80,0x03,0x80,0x03,0x40,0x07,0x60,0x06,0x20,0x0C,0x10,0x0C,0x18,0x18,0x3E,0x7E,0x00,0x00,0x00,0x00,0x00,0x00,0x00,0x00,0x00,0x00},/*"x",88*/
{0x00,0x00,0x00,0x00,0x00,0x00,0x00,0x00,0x00,0x00,0x00,0x00,0x00,0x00,0x00,0x00,0x00,0x00,0x00,0x00,0x00,0x00,0x00,0x00,0x00,0x00,0x7E,0x7C,0x18,0x18,0x18,0x08,0x30,0x08,0x30,0x08,0x30,0x04,0x60,0x04,0x60,0x04,0xC0,0x02,0xC0,0x02,0xC0,0x02,0x80,0x01,0x80,0x01,0x80,0x01,0x80,0x00,0x80,0x00,0x80,0x00,0x4C,0x00,0x3C,0x00},/*"y",89*/
{0x00,0x00,0x00,0x00,0x00,0x00,0x00,0x00,0x00,0x00,0x00,0x00,0x00,0x00,0x00,0x00,0x00,0x00,0x00,0x00,0x00,0x00,0x00,0x00,0x00,0x00,0xFC,0x1F,0x0C,0x0C,0x04,0x0E,0x04,0x06,0x00,0x03,0x80,0x03,0x80,0x01,0xC0,0x00,0xE0,0x00,0x70,0x20,0x30,0x20,0x38,0x30,0x1C,0x18,0xFC,0x1F,0x00,0x00,0x00,0x00,0x00,0x00,0x00,0x00,0x00,0x00},/*"z",90*/
{0x00,0x00,0x00,0x00,0x00,0x00,0x00,0x30,0x00,0x08,0x00,0x04,0x00,0x04,0x00,0x04,0x00,0x04,0x00,0x04,0x00,0x04,0x00,0x04,0x00,0x04,0x00,0x04,0x00,0x04,0x00,0x02,0x80,0x01,0x00,0x02,0x00,0x04,0x00,0x04,0x00,0x04,0x00,0x04,0x00,0x04,0x00,0x04,0x00,0x04,0x00,0x04,0x00,0x04,0x00,0x04,0x00,0x04,0x00,0x08,0x00,0x30,0x00,0x00},/*"{",91*/
{0x00,0x01,0x00,0x01,0x00,0x01,0x00,0x01,0x00,0x01,0x00,0x01,0x00,0x01,0x00,0x01,0x00,0x01,0x00,0x01,0x00,0x01,0x00,0x01,0x00,0x01,0x00,0x01,0x00,0x01,0x00,0x01,0x00,0x01,0x00,0x01,0x00,0x01,0x00,0x01,0x00,0x01,0x00,0x01,0x00,0x01,0x00,0x01,0x00,0x01,0x00,0x01,0x00,0x01,0x00,0x01,0x00,0x01,0x00,0x01,0x00,0x01,0x00,0x01},/*"|",92*/
{0x00,0x00,0x00,0x00,0x00,0x00,0x0C,0x00,0x10,0x00,0x20,0x00,0x20,0x00,0x20,0x00,0x20,0x00,0x20,0x00,0x20,0x00,0x20,0x00,0x20,0x00,0x20,0x00,0x20,0x00,0x40,0x00,0x80,0x01,0x40,0x00,0x20,0x00,0x20,0x00,0x20,0x00,0x20,0x00,0x20,0x00,0x20,0x00,0x20,0x00,0x20,0x00,0x20,0x00,0x20,0x00,0x20,0x00,0x10,0x00,0x0C,0x00,0x00,0x00},/*"}",93*/
{0x00,0x00,0x38,0x00,0xC4,0x00,0x86,0x40,0x02,0x61,0x00,0x22,0x00,0x1C,0x00,0x00,0x00,0x00,0x00,0x00,0x00,0x00,0x00,0x00,0x00,0x00,0x00,0x00,0x00,0x00,0x00,0x00,0x00,0x00,0x00,0x00,0x00,0x00,0x00,0x00,0x00,0x00,0x00,0x00,0x00,0x00,0x00,0x00,0x00,0x00,0x00,0x00,0x00,0x00,0x00,0x00,0x00,0x00,0x00,0x00,0x00,0x00,0x00,0x00},/*"~",94*/
};

typedef struct 
{
	unsigned char Index[2];	
	unsigned char Msk[24];
}typFNT_GB12; 


const typFNT_GB12 tfont12[]={
"中",0x20,0x00,0x20,0x00,0x20,0x00,0xFE,0x03,0x22,0x02,0x22,0x02,0x22,0x02,0xFE,0x03,
0x22,0x02,0x20,0x00,0x20,0x00,0x20,0x00,/*"中",0*/
"景",0xFC,0x01,0x04,0x01,0xFC,0x01,0x04,0x01,0xFC,0x01,0x20,0x00,0xFF,0x07,0x04,0x01,
0xFC,0x01,0x20,0x00,0x24,0x01,0x32,0x02,/*"景",1*/
"园",0xFE,0x07,0x02,0x04,0xFA,0x04,0x02,0x04,0x02,0x04,0xFE,0x05,0x52,0x04,0x52,0x04,
0x4A,0x05,0x86,0x05,0x02,0x04,0xFE,0x07,/*"园",2*/
"电",0x10,0x00,0x10,0x00,0xFF,0x01,0x11,0x01,0x11,0x01,0xFF,0x01,0x11,0x01,0x11,0x01,
0xFF,0x01,0x11,0x04,0x10,0x04,0xE0,0x07,/*"电",3*/
"子",0x00,0x00,0xFC,0x01,0x80,0x00,0x40,0x00,0x20,0x00,0x20,0x00,0xFF,0x07,0x20,0x00,
0x20,0x00,0x20,0x00,0x20,0x00,0x38,0x00,/*"子",4*/

};

typedef struct 
{
	unsigned char Index[2];	
	unsigned char Msk[32];
}typFNT_GB16; 


const typFNT_GB16 tfont16[]={
	
"设",0x00,0x00,0x8C,0x1F,0x98,0x19,0x98,0x19,0x80,0x19,0xC0,0xF0,0x7F,0x00,0xD8,0x3F,0x98,0x31,0x98,0x19,0x18,0x1B,0x78,0x0F,0x38,0x06,0x18,0x0F,0xC0,0x39,0x70,0xE0,/*"设",0*/
"备",0x60,0x00,0x60,0x00,0xF0,0x1F,0x38,0x0C,0x6E,0x06,0xC0,0x03,0x78,0x1E,0x0F,0xF0,0xF8,0x1F,0x98,0x19,0x98,0x19,0xF8,0x1F,0x98,0x19,0x98,0x19,0xF8,0x1F,0x18,0x18,/*"备",1*/
"号",0x00,0x00,0xF8,0x1F,0x18,0x18,0x18,0x18,0x18,0x18,0xF8,0x1F,0x00,0x00,0xFF,0xFF,0x30,0x00,0x18,0x00,0xF8,0x1F,0x00,0x18,0x00,0x18,0x00,0x18,0x00,0x0F,0x00,0x06,/*"号",2*/
"电",0x80,0x01,0x80,0x01,0x80,0x01,0xFC,0x3F,0x8C,0x31,0x8C,0x31,0x8C,0x31,0xFC,0x3F,0x8C,0x31,0x8C,0x31,0x8C,0x31,0xFC,0x3F,0x8C,0xF1,0x80,0xC1,0x80,0xC1,0x00,0xFF,/*"电",3*/
"压",0x00,0x00,0xFC,0xFF,0x0C,0x00,0x0C,0x03,0x0C,0x03,0x0C,0x03,0x0C,0x03,0xFC,0x7F,0x0C,0x03,0x0C,0x03,0x0C,0x1B,0x0C,0x33,0x0C,0x33,0x06,0x03,0xFE,0xFF,0x03,0x00,/*"压",4*/
"温",0x00,0x00,0xCC,0x3F,0xD8,0x30,0xD8,0x30,0xC3,0x3F,0xC6,0x30,0xC6,0x30,0xD8,0x3F,0x18,0x00,0xEC,0x7F,0x6F,0x6F,0x6C,0x6F,0x6C,0x6F,0x6C,0x6F,0xFC,0xFF,0x00,0x00,/*"温",5*/
"度",0x80,0x01,0x00,0x03,0xFC,0xFF,0xCC,0x0C,0xCC,0x0C,0xFC,0x7F,0xCC,0x0C,0xCC,0x0C,0xCC,0x0F,0x0C,0x00,0xFC,0x1F,0x6C,0x18,0xC6,0x0C,0x86,0x07,0xE3,0x1C,0x3C,0xF0,/*"度",6*/
"湿",0x00,0x00,0xEC,0x3F,0x78,0x30,0x78,0x30,0xE3,0x3F,0x66,0x30,0x66,0x30,0xF8,0x3F,0x98,0x0D,0x8C,0x0D,0xBF,0x6D,0xEC,0x3D,0xCC,0x1D,0x8C,0x0D,0xFC,0xFF,0x00,0x00,/*"湿",7*/
"度",0x80,0x01,0x00,0x03,0xFC,0xFF,0xCC,0x0C,0xCC,0x0C,0xFC,0x7F,0xCC,0x0C,0xCC,0x0C,0xCC,0x0F,0x0C,0x00,0xFC,0x1F,0x6C,0x18,0xC6,0x0C,0x86,0x07,0xE3,0x1C,0x3C,0xF0,/*"度",8*/
"华",0x30,0x03,0x30,0x33,0x18,0x1B,0x1C,0x0F,0x9E,0x03,0xFB,0x63,0x18,0x63,0x18,0x7E,0x98,0x01,0x80,0x01,0xFF,0xFF,0x80,0x01,0x80,0x01,0x80,0x01,0x80,0x01,0x80,0x01,/*"华",9*/
"虹",0x18,0x00,0x18,0x00,0x98,0x7F,0x7E,0x0C,0x7E,0x0C,0x7E,0x0C,0x7E,0x0C,0x7E,0x0C,0x7E,0x0C,0x1E,0x0C,0x18,0x0C,0x78,0x0C,0xF8,0x0C,0xCF,0x0C,0xC6,0xFF,0x00,0x00,/*"虹",10*/
"科",0x30,0x18,0xF8,0x19,0x1F,0x1B,0x18,0x1B,0x18,0x18,0xFF,0x19,0x18,0x1B,0x3C,0x1B,0x7C,0x18,0x1E,0xF8,0xDE,0x1F,0x1B,0x18,0x18,0x18,0x18,0x18,0x18,0x18,0x18,0x18,/*"科",11*/
"技",0x18,0x0C,0x18,0x0C,0x18,0x0C,0xD8,0xFF,0x7F,0x0C,0x18,0x0C,0x18,0x0C,0xF8,0x7F,0x38,0x63,0x1C,0x33,0x1F,0x36,0x18,0x1E,0x18,0x0C,0x18,0x1E,0x9E,0x33,0xEC,0xE0,/*"技",12*/
"上",0xC0,0x00,0xC0,0x00,0xC0,0x00,0xC0,0x00,0xC0,0x00,0xC0,0x00,0xC0,0x3F,0xC0,0x00,0xC0,0x00,0xC0,0x00,0xC0,0x00,0xC0,0x00,0xC0,0x00,0xC0,0x00,0xFF,0xFF,0x00,0x00,/*"上",13*/
"行",0x30,0x00,0xB0,0x7F,0x18,0x00,0x0C,0x00,0x36,0x00,0x30,0x00,0xD8,0xFF,0x1C,0x0C,0x1E,0x0C,0x1B,0x0C,0x18,0x0C,0x18,0x0C,0x18,0x0C,0x18,0x0C,0x18,0x0F,0x18,0x06,/*"行",14*/
"通",0x00,0x00,0xE6,0x3F,0x0C,0x18,0x8C,0x0F,0x00,0x06,0xE0,0x7F,0x6F,0x66,0x6C,0x66,0xEC,0x7F,0x6C,0x66,0x6C,0x66,0xEC,0x7F,0x6C,0x66,0x6C,0x7E,0x7E,0x30,0xF3,0xFF,/*"通",15*/
"信",0x30,0x06,0x30,0x0C,0xF0,0xFF,0x18,0x00,0x18,0x00,0x9C,0x7F,0x1C,0x00,0x1E,0x00,0x9B,0x7F,0x18,0x00,0x18,0x00,0x98,0x7F,0x98,0x61,0x98,0x61,0x98,0x7F,0x98,0x61,/*"信",16*/
"正",0x00,0x00,0xFE,0x7F,0x80,0x01,0x80,0x01,0x80,0x01,0x80,0x01,0x98,0x01,0x98,0x3F,0x98,0x01,0x98,0x01,0x98,0x01,0x98,0x01,0x98,0x01,0x98,0x01,0xFF,0xFF,0x00,0x00,/*"正",17*/
"异",0x00,0x00,0xFC,0x1F,0x0C,0x18,0x0C,0x18,0xFC,0x1F,0x0C,0x60,0x0C,0x60,0xF8,0x7F,0x00,0x00,0x30,0x0C,0x30,0x0C,0xFF,0xFF,0x30,0x0C,0x18,0x0C,0x0C,0x0C,0x06,0x0C,/*"异",18*/
"常",0x80,0x01,0x98,0x19,0xB0,0x0D,0xFE,0xFF,0x06,0xC0,0xFB,0x7F,0x18,0x18,0xF8,0x1F,0x80,0x01,0xFC,0x3F,0x8C,0x31,0x8C,0x31,0x8C,0x3D,0x8C,0x19,0x80,0x01,0x80,0x01,/*"常",19*/
"名",0xC0,0x00,0xC0,0x00,0xE0,0x1F,0x30,0x18,0x78,0x0C,0xCE,0x06,0xC0,0x03,0x80,0x01,0xE0,0x00,0xF8,0x3F,0x3F,0x30,0x30,0x30,0x30,0x30,0x30,0x30,0xF0,0x3F,0x30,0x30,/*"名",0*/
"称",0x30,0x03,0x78,0x03,0x1F,0x03,0x18,0xFF,0x98,0xC1,0xFF,0x61,0xD8,0x0C,0x1C,0x0C,0x3C,0x3F,0x7E,0x6F,0x9E,0x6D,0x9B,0xCD,0xD8,0xCC,0x18,0x0C,0x18,0x0F,0x18,0x06,/*"称",1*/
"产",0xC0,0x00,0x80,0x01,0xFE,0x7F,0x00,0x00,0x30,0x0C,0x60,0x0C,0x60,0x06,0xFC,0xFF,0x0C,0x00,0x0C,0x00,0x0C,0x00,0x0C,0x00,0x0C,0x00,0x06,0x00,0x06,0x00,0x03,0x00,/*"产",2*/
"品",0x00,0x00,0xF8,0x1F,0x18,0x18,0x18,0x18,0x18,0x18,0x18,0x18,0xF8,0x1F,0x00,0x00,0x00,0x00,0x7E,0x7E,0x66,0x66,0x66,0x66,0x66,0x66,0x66,0x66,0x7E,0x7E,0x66,0x66,/*"品",3*/
"型",0x00,0x60,0xFE,0x63,0xD8,0x6C,0xD8,0x6C,0xD8,0x6C,0xFF,0x6F,0xD8,0x6C,0xCC,0x60,0xCC,0x78,0x86,0x31,0x83,0x01,0xFC,0x3F,0x80,0x01,0x80,0x01,0xFF,0xFF,0x00,0x00,/*"型",4*/
"道",0xC0,0x30,0x8C,0x19,0x18,0x00,0xF8,0x7F,0x00,0x03,0xC0,0x3F,0xDF,0x30,0xD8,0x3F,0xD8,0x30,0xD8,0x3F,0xD8,0x30,0xD8,0x3F,0xD8,0x30,0x3C,0x00,0xE6,0xFF,0x00,0x00,/*"道",5*/
"讯",0x00,0x00,0xEC,0x1F,0x98,0x19,0x98,0x19,0x80,0x19,0x80,0x19,0x9F,0x19,0xF8,0x1F,0x98,0x19,0x98,0x19,0x98,0x19,0x98,0xD9,0xF8,0xF1,0xB8,0xF1,0x98,0xE1,0x80,0xC1,/*"讯",6*/
"状",0x30,0x06,0x30,0x36,0x30,0x66,0x36,0x66,0x3C,0x06,0xFC,0xFF,0x30,0x06,0x30,0x06,0x38,0x06,0x3C,0x0F,0x37,0x0F,0x30,0x1B,0xB0,0x19,0xB0,0x31,0xF0,0x60,0x70,0xC0,/*"状",7*/
"态",0x80,0x01,0x80,0x01,0xFE,0x7F,0x80,0x01,0xC0,0x03,0x60,0x06,0xF0,0x0C,0x9C,0x39,0x07,0xE0,0x80,0x01,0x30,0x33,0x36,0x63,0x36,0xD8,0x36,0xD8,0xE3,0x1F,0x00,0x00,/*"态",8*/
"一",0x00,0x00,0x00,0x00,0x00,0x00,0x00,0x00,0x00,0x00,0x00,0x00,0x00,0x00,0xFF,0xFF,0x00,0x00,0x00,0x00,0x00,0x00,0x00,0x00,0x00,0x00,0x00,0x00,0x00,0x00,0x00,0x00,/*"一",0*/
"二",0x00,0x00,0x00,0x00,0x00,0x00,0xFC,0x3F,0x00,0x00,0x00,0x00,0x00,0x00,0x00,0x00,0x00,0x00,0x00,0x00,0x00,0x00,0x00,0x00,0xFF,0xFF,0x00,0x00,0x00,0x00,0x00,0x00,/*"二",1*/
"误",0x00,0x00,0xC6,0x3F,0xCC,0x30,0xCC,0x30,0xC0,0x3F,0x00,0x00,0x0F,0x00,0xEC,0x7F,0x0C,0x06,0x0C,0x06,0xFC,0xFF,0x0C,0x06,0x3C,0x0F,0x9C,0x19,0xCC,0x30,0x70,0xE0,/*"误",0*/
"码",0x00,0x00,0x80,0x3F,0x7F,0x30,0x18,0x30,0x18,0x33,0x0C,0x33,0x7C,0x33,0x6E,0xFF,0x6E,0xC0,0x6F,0xC0,0x6C,0xC0,0xEC,0xFF,0x7C,0xC0,0x6C,0xC0,0x0C,0x78,0x00,0x30,/*"码",1*/
"离",0xC0,0x00,0x80,0x01,0xFF,0xFF,0x00,0x00,0x78,0x1E,0xD8,0x1B,0x78,0x1E,0xF8,0x1F,0x80,0x01,0xFE,0x7F,0xC6,0x60,0x66,0x66,0xF6,0x6F,0x66,0x6C,0x06,0x78,0x06,0x30,/*"离",2*/
"线",0x18,0x1E,0x18,0x36,0x0C,0x06,0x6C,0x7E,0xE6,0x0F,0x3F,0x06,0x18,0xFE,0xCC,0x0F,0x06,0x66,0x7F,0x36,0x06,0x1C,0x00,0xCC,0x78,0xDE,0x0F,0xF3,0xC6,0xE1,0x00,0xC0,/*"线",3*/
"在",0xC0,0x00,0xC0,0x00,0x60,0x00,0xFF,0xFF,0x30,0x00,0x30,0x06,0x18,0x06,0x1C,0x06,0xFE,0x7F,0x1B,0x06,0x18,0x06,0x18,0x06,0x18,0x06,0x18,0x06,0xF8,0xFF,0x18,0x00,/*"在",0*/
"多",0xC0,0x00,0xC0,0x00,0xE0,0x1F,0x30,0x0C,0x3C,0x06,0x60,0x03,0xC0,0x07,0x70,0x03,0x9E,0x3F,0xC0,0x30,0x70,0x18,0xDC,0x0C,0x80,0x07,0x80,0x03,0xF0,0x00,0x1E,0x00,/*"多",0*/
"点",0xC0,0x00,0xC0,0x00,0xC0,0x00,0xC0,0x7F,0xC0,0x00,0xC0,0x00,0xFC,0x1F,0x0C,0x18,0x0C,0x18,0x0C,0x18,0xFC,0x1F,0x00,0x00,0x6C,0x33,0xCC,0x66,0xC6,0x66,0x03,0x60,/*"点",1*/
"锚",0x0C,0x33,0x0C,0x33,0xFC,0xFF,0x0C,0x33,0x06,0x33,0x3E,0x00,0x8F,0x7F,0x8C,0x6D,0xBF,0x6D,0x8C,0x6D,0x8C,0x7F,0x8C,0x6D,0xBC,0x6D,0x9C,0x6D,0x8C,0x7F,0x80,0x61,/*"锚",2*/
"杆",0x18,0x00,0x98,0x7F,0x18,0x0C,0x18,0x0C,0x7F,0x0C,0x18,0x0C,0x1C,0x0C,0xFC,0xFF,0x7E,0x0C,0x7E,0x0C,0x1B,0x0C,0x18,0x0C,0x18,0x0C,0x18,0x0C,0x18,0x0C,0x18,0x0C,/*"杆",3*/
"倾",0x18,0x00,0x18,0xFF,0x78,0x18,0x6C,0x0C,0x6C,0x7E,0x6E,0x66,0xEE,0x7F,0x6F,0x7E,0x6C,0x7E,0x6C,0x7E,0xEC,0x7F,0xEC,0x7E,0x6C,0x0C,0x0C,0x3C,0x0C,0x66,0x0C,0xC3,/*"倾",4*/
"角",0x30,0x00,0x30,0x00,0xF8,0x0F,0x0C,0x0C,0x06,0x06,0xFF,0x3F,0x8C,0x31,0x8C,0x31,0xFC,0x3F,0x8C,0x31,0x8C,0x31,0xFC,0x3F,0x8C,0x31,0x86,0x31,0x86,0x3D,0x03,0x18,/*"角",5*/
"活",0x00,0x18,0x0C,0x3E,0xD8,0x07,0x18,0x06,0x03,0x06,0xE6,0xFF,0x06,0x06,0x18,0x06,0x18,0x06,0xCC,0x3F,0xCF,0x30,0xCC,0x30,0xCC,0x30,0xCC,0x30,0xCC,0x3F,0xC0,0x30,/*"活",6*/
"柱",0x18,0x06,0x18,0x0C,0x18,0x00,0xD8,0xFF,0x7F,0x0C,0x18,0x0C,0x1C,0x0C,0x3C,0x0C,0xFE,0x7F,0x7E,0x0C,0x1B,0x0C,0x18,0x0C,0x18,0x0C,0x18,0x0C,0xD8,0xFF,0x18,0x00,/*"柱",7*/
"缩",0x0C,0x06,0x0C,0x0C,0xEC,0xFF,0x66,0xC0,0x9E,0x01,0x9F,0xFF,0xCC,0x18,0xEC,0x0C,0xF6,0x7E,0xDF,0x66,0xC6,0x66,0xC0,0x7E,0xDC,0x66,0xC7,0x66,0xC0,0x7E,0xC0,0x66,/*"缩",8*/
"量",0x00,0x00,0xF8,0x1F,0x18,0x18,0xF8,0x1F,0x18,0x18,0xFF,0xFF,0x00,0x00,0xF8,0x1F,0x98,0x19,0xF8,0x1F,0x98,0x19,0xF8,0x1F,0x80,0x01,0xF8,0x1F,0x80,0x01,0xFE,0x7F,/*"量",9*/
"顶",0x00,0x00,0x80,0xFF,0xFF,0x0C,0x18,0x06,0x98,0x7F,0x98,0x61,0x98,0x6D,0x98,0x6D,0x98,0x6D,0x98,0x6D,0x98,0x6D,0x98,0x67,0x18,0x1E,0x1E,0x33,0x8C,0x61,0xC0,0xC0,/*"顶",10*/
"底",0x80,0x01,0x00,0x03,0xFC,0xFF,0x0C,0x00,0x0C,0x7C,0xEC,0x07,0x6C,0x06,0x6C,0x06,0x6C,0x06,0xEC,0xFF,0x6C,0x0C,0x6C,0x0C,0x6C,0xD8,0xE6,0xF1,0xE6,0xE6,0x63,0xCC,/*"底",11*/
"板",0x18,0x30,0x18,0x78,0x98,0x0F,0x98,0x01,0xFF,0x01,0x98,0x7F,0x9C,0x67,0xBC,0x67,0xFE,0x67,0xFE,0x3D,0x9B,0x3D,0x98,0x19,0x98,0x19,0xD8,0x3C,0xD8,0x66,0x78,0xC3,/*"板",12*/
"支",0x80,0x01,0x80,0x01,0x80,0x01,0xFE,0x7F,0x80,0x01,0x80,0x01,0x80,0x01,0xFC,0x1F,0x18,0x18,0x30,0x0C,0x60,0x06,0xC0,0x03,0x80,0x01,0xE0,0x07,0x38,0x1C,0x0F,0xF0,/*"支",13*/
"架",0x30,0x00,0x30,0x00,0xFE,0x7F,0xB0,0x67,0x98,0x67,0x98,0x67,0xEC,0x7F,0xC6,0x00,0x80,0x01,0x80,0x01,0xFF,0xFF,0xE0,0x07,0xB0,0x0D,0x9C,0x39,0x87,0xE1,0x80,0x01,/*"架",14*/
"压",0x00,0x00,0xFC,0xFF,0x0C,0x00,0x0C,0x03,0x0C,0x03,0x0C,0x03,0x0C,0x03,0xFC,0x7F,0x0C,0x03,0x0C,0x03,0x0C,0x1B,0x0C,0x33,0x0C,0x33,0x06,0x03,0xFE,0xFF,0x03,0x00,/*"压",15*/
"力",0xC0,0x00,0xC0,0x00,0xC0,0x00,0xC0,0x00,0xFE,0x3F,0xC0,0x30,0xC0,0x30,0xC0,0x30,0xC0,0x30,0x60,0x30,0x60,0x30,0x30,0x30,0x30,0x30,0x18,0x33,0x0C,0x1E,0x06,0x0C,/*"力",16*/
"钻",0x18,0x0C,0x18,0x0C,0x7C,0x0C,0x0C,0x0C,0x06,0xFC,0x7F,0x0C,0x18,0x0C,0x18,0x0C,0xFF,0x7F,0x98,0x61,0x98,0x61,0x98,0x61,0xF8,0x61,0xB8,0x61,0x98,0x7F,0x80,0x61,/*"钻",17*/
"孔",0x00,0x06,0xFE,0x06,0xC0,0x06,0x60,0x06,0x30,0x06,0x30,0x06,0xF0,0x06,0x70,0x06,0x3C,0x06,0x37,0x06,0x30,0x06,0x30,0xC6,0x30,0xC6,0x30,0xC6,0x3C,0xFC,0x18,0x00,/*"孔",18*/
"应",0x80,0x01,0x00,0x03,0xFC,0xFF,0x0C,0x00,0x0C,0x00,0x8C,0x61,0x3C,0x63,0x6C,0x63,0x6C,0x36,0xCC,0x36,0xCC,0x18,0xCC,0x18,0x06,0x0C,0x06,0x06,0xFB,0xFF,0x00,0x00,/*"应",19*/
"激",0xC0,0x18,0x66,0x18,0xFC,0x1B,0x3C,0x1B,0xF0,0xFF,0x33,0x6F,0xF6,0x7F,0x7E,0x78,0xD8,0x78,0xFC,0x7F,0x6F,0x78,0xEC,0x33,0x6C,0x33,0x3C,0x7B,0xFC,0x7B,0x98,0xCD,/*"激",20*/
"光",0x80,0x01,0x8C,0x31,0x98,0x31,0xB0,0x19,0xB0,0x0D,0x80,0x01,0xFF,0xFF,0x60,0x06,0x60,0x06,0x60,0x06,0x60,0x06,0x30,0xC6,0x30,0xC6,0x18,0xC6,0x0C,0xFC,0x07,0x00,/*"光",21*/
"测",0x00,0x60,0xEC,0x67,0x78,0x66,0x78,0x7E,0xE3,0x7F,0xE6,0x7F,0xE6,0x7F,0xF8,0x7F,0xF8,0x7F,0xEC,0x7F,0xEF,0x7F,0x8C,0x61,0xCC,0x63,0xCC,0x66,0x6C,0x78,0x30,0x30,/*"测",22*/
"距",0x00,0x00,0xFE,0xFF,0xE6,0x01,0xE6,0x01,0xE6,0x01,0xFE,0x7F,0x98,0x61,0x98,0x61,0xFE,0x61,0x9E,0x61,0x9E,0x7F,0x9E,0x01,0xFE,0x01,0x8F,0x01,0x80,0xFF,0x00,0x00,/*"距",23*/
"离",0xC0,0x00,0x80,0x01,0xFF,0xFF,0x00,0x00,0x78,0x1E,0xD8,0x1B,0x78,0x1E,0xF8,0x1F,0x80,0x01,0xFE,0x7F,0xC6,0x60,0x66,0x66,0xF6,0x6F,0x66,0x6C,0x06,0x78,0x06,0x30,/*"离",24*/
"层",0x00,0x00,0xFC,0x7F,0x0C,0x60,0x0C,0x60,0xFC,0x7F,0x0C,0x00,0x0C,0x00,0xFC,0x7F,0x0C,0x00,0x0C,0x00,0xFC,0xFF,0x8C,0x01,0xCC,0x18,0x66,0x30,0xF6,0x7F,0x63,0x60,/*"层",25*/
"位",0x30,0x03,0x30,0x06,0x30,0x06,0x18,0x00,0xF8,0x7F,0x1C,0x00,0x1C,0x30,0xDE,0x30,0xDB,0x30,0x98,0x19,0x98,0x19,0x98,0x19,0x98,0x0D,0x18,0x0C,0xF8,0xFF,0x18,0x00,/*"位",26*/
"移",0x30,0x0C,0x78,0x0C,0x1F,0x7E,0x18,0x63,0x98,0x37,0x7F,0x1C,0x18,0x0C,0x1C,0x36,0xBC,0x1B,0x7E,0xFC,0x7E,0xC6,0x9B,0x6F,0x18,0x38,0x18,0x18,0x18,0x0E,0x98,0x03,/*"移",27*/
"索",0x80,0x01,0x80,0x01,0xFC,0x3F,0x80,0x01,0x80,0x01,0xFE,0xFF,0xC6,0xC0,0x63,0x6C,0xF8,0x07,0x80,0x03,0xE0,0x18,0xFC,0x3F,0x80,0x31,0x98,0x0D,0xEC,0x19,0xC6,0x30,/*"索",28*/
"编",0x18,0x03,0x18,0x06,0xCC,0x7F,0xCC,0x60,0xF6,0x60,0xFF,0x7F,0xD8,0x00,0xCC,0x00,0xC6,0x7F,0xFF,0x7F,0xC6,0x7F,0xE0,0x7F,0xF8,0x7F,0xEF,0x7F,0xB6,0x67,0x80,0x71,/*"编",0*/
"：",0x00,0x00,0x00,0x00,0x00,0x00,0x00,0x00,0x00,0x00,0x00,0x00,0x00,0x00,0x00,0x00,0x00,0x00,0x1C,0x00,0x1C,0x00,0x00,0x00,0x1C,0x00,0x1C,0x00,0x00,0x00,0x00,0x00,/*"：",0*/
"流",0x00,0x03,0x0C,0x06,0xF8,0xFF,0x18,0x03,0x83,0x19,0xC6,0x30,0xE6,0x7F,0x18,0x60,0x18,0x00,0xCC,0x36,0xCF,0x36,0xCC,0x36,0xCC,0x36,0xCC,0xF6,0x6C,0xF6,0x30,0xE6,/*"流",0*/
/* (16 X 16 , 宋体, 加粗 )*/
};


typedef struct 
{
	unsigned char Index[2];	
	unsigned char Msk[72];
}typFNT_GB24; 


const typFNT_GB24 tfont24[]={


"设",0x00,0x00,0x00,0x00,0x00,0x00,0x30,0xF8,0x07,0x60,0x38,0x0E,0xE0,0x38,0x06,0xE0,0x38,0x06,0x00,0x18,0x06,0x00,0x18,0x06,0x00,0x0C,0x06,0xFE,0x0E,0xFE,0x60,0x03,0x0C,0xE0,0xFD,0x1F,0x60,0x18,0x0C,0x60,0x30,0x0E,0x60,0x30,0x0E,0x60,0x60,0x06,0x60,0x66,0x03,0x60,0xC3,0x03,0xE0,0xC1,0x01,0xE0,0xE0,0x07,0xE0,0x38,0x1E,0x00,0x0E,0x78,0x80,0x03,0x00,0x00,0x00,0x00,/*"设",0*/
"备",0x00,0x00,0x00,0x00,0x06,0x00,0x00,0x07,0x00,0x00,0xFF,0x07,0x80,0x03,0x03,0x80,0x87,0x03,0xC0,0xC6,0x01,0xE0,0xEC,0x00,0x70,0x7C,0x00,0x18,0x38,0x00,0x00,0x7C,0x00,0x00,0xC6,0x01,0x80,0x83,0x0F,0xE0,0xFF,0xFF,0xFC,0x30,0x36,0xC0,0x30,0x06,0xC0,0x30,0x06,0xC0,0xFF,0x07,0xC0,0x30,0x06,0xC0,0x30,0x06,0xC0,0xFF,0x07,0xC0,0x00,0x06,0xC0,0x00,0x06,0x00,0x00,0x00,/*"备",1*/
"号",0x00,0x00,0x00,0x00,0x00,0x00,0xC0,0xFF,0x07,0xC0,0x00,0x06,0xC0,0x00,0x06,0xC0,0x00,0x06,0xC0,0x00,0x06,0xC0,0x00,0x06,0xC0,0xFF,0x07,0xC0,0x00,0x06,0xFC,0xFF,0x7F,0x00,0x07,0x00,0x00,0x03,0x00,0x80,0x03,0x00,0x80,0xFF,0x0F,0x80,0x01,0x0E,0x00,0x00,0x06,0x00,0x00,0x06,0x00,0x00,0x06,0x00,0x00,0x07,0x00,0x38,0x03,0x00,0xE0,0x03,0x00,0xE0,0x00,0x00,0x00,0x00,/*"号",2*/
"电",0x00,0x00,0x00,0x00,0x18,0x00,0x00,0x18,0x00,0x00,0x18,0x00,0x00,0x18,0x00,0x00,0x18,0x00,0xF0,0xFF,0x1F,0x30,0x18,0x0C,0x30,0x18,0x0C,0x30,0x18,0x0C,0xF0,0xFF,0x0F,0x30,0x18,0x0C,0x30,0x18,0x0C,0x30,0x18,0x0C,0x30,0x18,0x0C,0xF0,0xFF,0x0F,0x30,0x18,0x0C,0x30,0x18,0x00,0x00,0x18,0x60,0x00,0x18,0x60,0x00,0x18,0x60,0x00,0x18,0x70,0x00,0xF8,0x7F,0x00,0x00,0x00,/*"电",3*/
"压",0x00,0x00,0x00,0x00,0x00,0x00,0x00,0x00,0x30,0xF0,0xFF,0x7F,0x70,0x00,0x00,0x70,0x70,0x00,0x70,0x70,0x00,0x70,0x70,0x00,0x70,0x70,0x00,0x70,0x70,0x00,0x70,0x70,0x00,0xF0,0xFF,0x1F,0x70,0x70,0x00,0x70,0x70,0x00,0x70,0x70,0x03,0x30,0x70,0x06,0x30,0x70,0x0E,0x30,0x70,0x1C,0x38,0x70,0x0C,0x18,0x70,0x00,0xFC,0xFF,0x7F,0x0C,0x00,0x00,0x06,0x00,0x00,0x00,0x00,0x00,/*"压",4*/
"温",0x00,0x00,0x00,0x00,0x00,0x00,0x18,0x00,0x0C,0x70,0xFE,0x0F,0x60,0x06,0x0C,0x00,0x06,0x0C,0x80,0xFF,0x0F,0x86,0x07,0x0C,0xDC,0x06,0x0C,0xD8,0x06,0x0C,0xD8,0xFE,0x0F,0x60,0x06,0x0C,0x60,0x00,0x00,0x60,0xFF,0x3F,0x60,0xB3,0x19,0x30,0xB3,0x19,0x3E,0xB3,0x19,0x38,0xB3,0x19,0x38,0xB3,0x19,0x38,0xB3,0x19,0x38,0xB3,0x79,0xF8,0xFF,0xFF,0x00,0x00,0x00,0x00,0x00,0x00,/*"温",5*/
"度",0x00,0x00,0x00,0x00,0x18,0x00,0x00,0x70,0x00,0x00,0x70,0x30,0xF0,0xFF,0x7F,0x30,0x06,0x03,0x30,0x0C,0x07,0x30,0x0C,0x33,0xF0,0xFF,0x7F,0x30,0x0C,0x03,0x30,0x0C,0x03,0x30,0xFC,0x03,0x30,0x0C,0x03,0x30,0x00,0x00,0xB8,0xFF,0x0F,0x38,0x0C,0x06,0x18,0x0C,0x03,0x18,0x98,0x01,0x18,0xF0,0x00,0x0C,0xF0,0x00,0x0C,0x9C,0x07,0x06,0x07,0xFE,0xE0,0x01,0x30,0x00,0x00,0x00,/*"度",6*/
"湿",0x00,0x00,0x00,0x00,0x00,0x00,0x18,0x00,0x18,0x70,0xFE,0x3F,0x70,0x0E,0x18,0x60,0x0E,0x18,0x80,0xFF,0x1F,0x86,0x0F,0x18,0xDC,0x0E,0x18,0xF8,0x0E,0x18,0xD8,0xFE,0x1F,0x60,0x3E,0x1B,0x60,0x30,0x03,0x60,0x30,0x73,0x30,0x33,0x73,0x3E,0x37,0x3B,0x3C,0x36,0x1F,0x18,0x3E,0x0F,0x18,0x36,0x07,0x18,0x30,0x03,0x1C,0x30,0x63,0xD8,0xFF,0xFF,0x00,0x00,0x00,0x00,0x00,0x00,/*"湿",7*/
"度",0x00,0x00,0x00,0x00,0x18,0x00,0x00,0x70,0x00,0x00,0x70,0x30,0xF0,0xFF,0x7F,0x30,0x06,0x03,0x30,0x0C,0x07,0x30,0x0C,0x33,0xF0,0xFF,0x7F,0x30,0x0C,0x03,0x30,0x0C,0x03,0x30,0xFC,0x03,0x30,0x0C,0x03,0x30,0x00,0x00,0xB8,0xFF,0x0F,0x38,0x0C,0x06,0x18,0x0C,0x03,0x18,0x98,0x01,0x18,0xF0,0x00,0x0C,0xF0,0x00,0x0C,0x9C,0x07,0x06,0x07,0xFE,0xE0,0x01,0x30,0x00,0x00,0x00,/*"度",8*/
"华",0x00,0x00,0x00,0x80,0x31,0x00,0x80,0x73,0x00,0xC0,0x71,0x18,0xC0,0x70,0x3C,0x60,0x70,0x0E,0xF0,0xF0,0x03,0xF0,0xF0,0x01,0xD8,0x70,0x60,0xCC,0x7C,0x60,0xC0,0x77,0x60,0xC0,0x70,0x60,0xE0,0xE0,0x7F,0xE0,0x38,0x00,0x60,0x18,0x00,0x00,0x18,0x00,0xFE,0xFF,0x7F,0x00,0x18,0x00,0x00,0x18,0x00,0x00,0x18,0x00,0x00,0x18,0x00,0x00,0x38,0x00,0x00,0x18,0x00,0x00,0x00,0x00,/*"华",9*/
"虹",0x00,0x00,0x00,0x60,0x00,0x00,0xE0,0x00,0x00,0xC0,0x00,0x30,0xC0,0xF8,0x7F,0xC0,0x00,0x03,0xFC,0x07,0x03,0xCC,0x06,0x03,0xCC,0x06,0x03,0xCC,0x06,0x03,0xCC,0x06,0x03,0xCC,0x06,0x03,0xCC,0x06,0x03,0xCC,0x06,0x03,0xFC,0x07,0x03,0xCC,0x06,0x03,0xC0,0x03,0x03,0xC0,0x06,0x03,0xC0,0x0E,0x03,0xF0,0x0F,0x03,0x3E,0x0C,0x63,0x00,0xFE,0xFF,0x00,0x00,0x00,0x00,0x00,0x00,/*"虹",10*/
"科",0x00,0x00,0x00,0x00,0x00,0x0C,0x00,0x0F,0x1C,0xF8,0x01,0x0C,0xC0,0x01,0x0C,0xC0,0xE1,0x0C,0xC0,0xC1,0x0D,0xC0,0x01,0x0C,0xFE,0x0F,0x0C,0xC0,0x01,0x0C,0xC0,0x61,0x0C,0xE0,0xE1,0x0C,0xE0,0xC7,0x0C,0xF0,0xCF,0x6C,0xF0,0xCD,0xFC,0xD8,0x81,0x1F,0xD8,0xF9,0x0C,0xCC,0x0D,0x0C,0xC6,0x01,0x0C,0xC0,0x01,0x0C,0xC0,0x01,0x0C,0xC0,0x01,0x0C,0xC0,0x01,0x0C,0xC0,0x00,0x0C,/*"科",11*/
"技",0x00,0x00,0x00,0x60,0x80,0x01,0xE0,0x80,0x03,0xE0,0x80,0x01,0xE0,0x80,0x01,0xE0,0x80,0x01,0xFE,0xFF,0x7F,0xE0,0x80,0x01,0xE0,0x80,0x01,0xE0,0x80,0x01,0xE0,0x86,0x01,0xE0,0xFF,0x3F,0xF0,0x30,0x18,0xFE,0x30,0x1C,0xEC,0x60,0x0C,0xE0,0x60,0x0E,0xE0,0xC0,0x06,0xE0,0xC0,0x07,0xE0,0x80,0x03,0xE0,0xC0,0x07,0xEC,0x70,0x1E,0xF8,0x1C,0xFC,0x60,0x07,0x30,0x00,0x00,0x00,/*"技",12*/
"上",0x00,0x00,0x00,0x00,0x00,0x00,0x00,0x0C,0x00,0x00,0x1C,0x00,0x00,0x1C,0x00,0x00,0x1C,0x00,0x00,0x1C,0x00,0x00,0x1C,0x00,0x00,0x1C,0x0C,0x00,0xFC,0x1F,0x00,0x1C,0x00,0x00,0x1C,0x00,0x00,0x1C,0x00,0x00,0x1C,0x00,0x00,0x1C,0x00,0x00,0x1C,0x00,0x00,0x1C,0x00,0x00,0x1C,0x00,0x00,0x1C,0x00,0x00,0x1C,0x30,0xFE,0xFF,0x7F,0x00,0x00,0x00,0x00,0x00,0x00,0x00,0x00,0x00,/*"上",13*/
"行",0x00,0x00,0x00,0x00,0x00,0x00,0x00,0x00,0x00,0xC0,0x01,0x00,0xC0,0xF8,0x3F,0x60,0x00,0x00,0x30,0x03,0x00,0x98,0x03,0x00,0xCC,0x01,0x60,0xC0,0xFE,0x7F,0xE0,0x00,0x03,0xF0,0x00,0x03,0xF0,0x00,0x03,0xD8,0x00,0x03,0xCC,0x00,0x03,0xC0,0x00,0x03,0xC0,0x00,0x03,0xC0,0x00,0x03,0xC0,0x00,0x03,0xC0,0x00,0x03,0xC0,0xF8,0x03,0xC0,0xC0,0x03,0x00,0x80,0x01,0x00,0x00,0x00,/*"行",14*/
"通",0x00,0x00,0x00,0x00,0x00,0x00,0x00,0xFE,0x0F,0x18,0x00,0x1C,0x30,0x30,0x07,0x70,0xE0,0x01,0x70,0xC0,0x01,0x00,0xFE,0x3F,0x00,0xC6,0x30,0x00,0xC6,0x30,0x7E,0xFE,0x3F,0x60,0xC6,0x30,0x60,0xC6,0x30,0x60,0xC6,0x30,0x60,0xFE,0x3F,0x60,0xC6,0x30,0x60,0xC6,0x30,0x60,0xC6,0x30,0x60,0xC6,0x38,0xF8,0xC6,0x3C,0x9C,0x03,0x18,0x0E,0xFF,0x7F,0x00,0xF8,0x3F,0x00,0x00,0x00,/*"通",15*/
"信",0x00,0x00,0x00,0x00,0x60,0x00,0xC0,0xC1,0x00,0xC0,0xC0,0x01,0xC0,0xC0,0x31,0x60,0xFF,0x7F,0x60,0x00,0x00,0x30,0x00,0x18,0x70,0xFE,0x3F,0x78,0x00,0x00,0x78,0x00,0x18,0x6C,0xFE,0x3F,0x66,0x00,0x00,0x60,0x00,0x00,0x60,0x00,0x00,0x60,0xFC,0x3F,0x60,0x0C,0x18,0x60,0x0C,0x18,0x60,0x0C,0x18,0x60,0x0C,0x18,0x60,0xFC,0x1F,0x60,0x0C,0x18,0x60,0x0C,0x18,0x00,0x00,0x00,/*"信",16*/
"正",0x00,0x00,0x00,0x00,0x00,0x00,0x00,0x00,0x30,0xF8,0xFF,0x7F,0x00,0x30,0x00,0x00,0x30,0x00,0x00,0x30,0x00,0x00,0x30,0x00,0xC0,0x30,0x00,0xC0,0x31,0x00,0xC0,0x30,0x18,0xC0,0xF0,0x3F,0xC0,0x30,0x00,0xC0,0x30,0x00,0xC0,0x30,0x00,0xC0,0x30,0x00,0xC0,0x30,0x00,0xC0,0x30,0x00,0xC0,0x30,0x00,0xC0,0x30,0x30,0xFE,0xFF,0x7F,0x00,0x00,0x00,0x00,0x00,0x00,0x00,0x00,0x00,/*"正",17*/
"异",0x00,0x00,0x00,0x00,0x00,0x00,0xE0,0xFF,0x07,0x60,0x00,0x06,0x60,0x00,0x06,0x60,0x00,0x06,0xE0,0xFF,0x07,0x60,0x00,0x1E,0x60,0x00,0x18,0xE0,0x00,0x38,0xC0,0xFF,0x3F,0x00,0x00,0x00,0x00,0x87,0x03,0x00,0x83,0x01,0x00,0x83,0x31,0xFE,0xFF,0x7F,0x00,0x83,0x01,0x80,0x83,0x01,0x80,0x81,0x01,0xC0,0x81,0x01,0xE0,0x80,0x01,0x30,0x80,0x01,0x1C,0x80,0x01,0x00,0x00,0x00,/*"异",18*/
"常",0x00,0x00,0x00,0x00,0x38,0x00,0xC0,0x39,0x07,0x80,0x3B,0x03,0x00,0xBB,0x01,0xF8,0xFF,0x7F,0x18,0x00,0x70,0x1C,0x00,0x30,0x8C,0xFF,0x1B,0x80,0x01,0x03,0x80,0x01,0x03,0x80,0xFF,0x03,0x80,0x39,0x03,0x00,0x38,0x00,0xE0,0xFF,0x1F,0x60,0x38,0x0C,0x60,0x38,0x0C,0x60,0x38,0x0C,0x60,0x38,0x0C,0x60,0x38,0x0F,0x60,0x38,0x0E,0x00,0x38,0x00,0x00,0x38,0x00,0x00,0x00,0x00,/*"常",19*/
"一",0x00,0x00,0x00,0x00,0x00,0x00,0x00,0x00,0x00,0x00,0x00,0x00,0x00,0x00,0x00,0x00,
0x00,0x00,0x00,0x00,0x00,0x00,0x00,0x00,0x00,0x00,0x00,0x00,0x00,0x00,0x00,0x00,
0x30,0xFE,0xFF,0x7F,0x00,0x00,0x00,0x00,0x00,0x00,0x00,0x00,0x00,0x00,0x00,0x00,
0x00,0x00,0x00,0x00,0x00,0x00,0x00,0x00,0x00,0x00,0x00,0x00,0x00,0x00,0x00,0x00,
0x00,0x00,0x00,0x00,0x00,0x00,0x00,0x00,/*"一",0*/
/* (24 X 24 , 宋体, 加粗 )*/

"二",0x00,0x00,0x00,0x00,0x00,0x00,0x00,0x00,0x00,0x00,0x00,0x00,0x00,0x00,0x00,0x00,
0x00,0x0C,0xF0,0xFF,0x1F,0x00,0x00,0x00,0x00,0x00,0x00,0x00,0x00,0x00,0x00,0x00,
0x00,0x00,0x00,0x00,0x00,0x00,0x00,0x00,0x00,0x00,0x00,0x00,0x00,0x00,0x00,0x00,
0x00,0x00,0x00,0x00,0x00,0x00,0x00,0x00,0x30,0xFE,0xFF,0x7F,0x00,0x00,0x00,0x00,
0x00,0x00,0x00,0x00,0x00,0x00,0x00,0x00,/*"二",1*/
/* (24 X 24 , 宋体, 加粗 )*/

"三",0x00,0x00,0x00,0x00,0x00,0x00,0x00,0x00,0x00,0x00,0x00,0x18,0xF8,0xFF,0x3F,0x00,
0x00,0x00,0x00,0x00,0x00,0x00,0x00,0x00,0x00,0x00,0x00,0x00,0x00,0x00,0x00,0x00,
0x00,0x00,0x00,0x06,0xF0,0xFF,0x0F,0x00,0x00,0x00,0x00,0x00,0x00,0x00,0x00,0x00,
0x00,0x00,0x00,0x00,0x00,0x00,0x00,0x00,0x00,0x00,0x00,0x70,0xFE,0xFF,0xFF,0x00,
0x00,0x00,0x00,0x00,0x00,0x00,0x00,0x00,/*"三",2*/
/* (24 X 24 , 宋体, 加粗 )*/

"四",0x00,0x00,0x00,0x00,0x00,0x00,0x00,0x00,0x30,0xF8,0xFF,0x3F,0x38,0xC6,0x38,0x38,
0xC6,0x38,0x38,0xC6,0x38,0x38,0xC6,0x38,0x38,0xC6,0x38,0x38,0xC6,0x38,0x38,0xC6,
0x38,0x38,0xC6,0x38,0x38,0xC7,0x38,0x38,0xC3,0x38,0x38,0xC3,0x38,0xB8,0xC1,0x3F,
0xB8,0x01,0x38,0xF8,0x00,0x38,0x78,0x00,0x38,0x38,0x00,0x38,0xF8,0xFF,0x3F,0x38,
0x00,0x38,0x38,0x00,0x38,0x00,0x00,0x00,/*"四",3*/
/* (24 X 24 , 宋体, 加粗 )*/

"离",0x00,0x00,0x00,0x00,0x1C,0x00,0x00,0x38,0x00,0x00,0x30,0x00,0xFE,0xFF,0x7F,0x00,
0xC0,0x00,0xE0,0xE6,0x0E,0xE0,0x7C,0x06,0xE0,0x78,0x06,0xE0,0xCE,0x0F,0xE0,0x83,
0x0F,0xE0,0xFF,0x0F,0xC0,0x38,0x06,0xF8,0xFF,0x3F,0x38,0x0C,0x38,0x38,0x66,0x38,
0x38,0xC3,0x39,0xB8,0xF9,0x3B,0xB8,0x0F,0x3B,0x38,0x00,0x3B,0x38,0x00,0x38,0x38,
0x00,0x1E,0x18,0x00,0x0C,0x00,0x00,0x00,/*"离",4*/
/* (24 X 24 , 宋体, 加粗 )*/

"层",0x00,0x00,0x00,0x00,0x00,0x00,0xF0,0xFF,0x1F,0x70,0x00,0x38,0x70,0x00,0x18,0x70,
0x00,0x18,0xF0,0xFF,0x1F,0x70,0x00,0x18,0x70,0x00,0x00,0x70,0x00,0x00,0x70,0xFF,
0x1F,0x70,0x00,0x00,0x70,0x00,0x00,0x30,0x00,0x00,0xF0,0xFF,0x7F,0x30,0x70,0x00,
0x30,0x70,0x00,0x38,0x38,0x00,0x18,0x1C,0x06,0x18,0x06,0x0C,0x0C,0x03,0x1F,0x8C,
0xFF,0x39,0x06,0x00,0x00,0x00,0x00,0x00,/*"层",5*/
/* (24 X 24 , 宋体, 加粗 )*/

"位",0x00,0x00,0x00,0xC0,0x30,0x00,0xC0,0x61,0x00,0xC0,0xE0,0x00,0xE0,0xC0,0x00,0x60,
0xC0,0x30,0x60,0xFF,0x7F,0x70,0x00,0x00,0xF0,0x00,0x0C,0x78,0x00,0x1C,0x78,0x0C,
0x0E,0x6C,0x18,0x0E,0x6C,0x18,0x06,0x66,0x38,0x06,0x60,0x38,0x06,0x60,0x38,0x03,
0x60,0x30,0x03,0x60,0x00,0x03,0x60,0x80,0x01,0x60,0x80,0x61,0xE0,0xFF,0xFF,0x60,
0x00,0x00,0x60,0x00,0x00,0x00,0x00,0x00,/*"位",6*/
/* (24 X 24 , 宋体, 加粗 )*/

"移",0x00,0x00,0x00,0x00,0x00,0x00,0x00,0x80,0x01,0x80,0xC7,0x01,0xF8,0xC1,0x00,0xC0,
0xE0,0x3F,0xC0,0x60,0x38,0xC0,0xF0,0x1C,0xC0,0xDE,0x0F,0xFE,0x8F,0x07,0xE0,0x80,
0x03,0xE0,0xC0,0x07,0xE0,0xF1,0x03,0xF0,0xDF,0x7F,0xF0,0xE6,0x70,0xD8,0x76,0x30,
0xD8,0xD8,0x18,0xCC,0x8C,0x1D,0xC6,0x80,0x0F,0xC0,0x00,0x03,0xC0,0xC0,0x01,0xC0,
0x78,0x00,0xC0,0x0F,0x00,0x00,0x00,0x00,/*"移",7*/
/* (24 X 24 , 宋体, 加粗 )*/

"传",0x00,0x00,0x00,0x80,0xC1,0x00,0x80,0xC3,0x01,0xC0,0xC1,0x00,0xC0,0xC1,0x00,0xC0,
0xC0,0x00,0xE0,0xFE,0x3F,0x60,0xE0,0x00,0xF0,0x60,0x00,0xF0,0x60,0x00,0xF8,0x60,
0x00,0xF8,0xFF,0x7F,0xEC,0x70,0x00,0xE6,0x70,0x00,0xE0,0x30,0x18,0xE0,0xF8,0x3F,
0xE0,0x30,0x1C,0xE0,0x00,0x0E,0xE0,0x00,0x06,0xE0,0x30,0x03,0xE0,0xE0,0x01,0xE0,
0x80,0x07,0xE0,0x00,0x0E,0x60,0x00,0x0C,/*"传",8*/
/* (24 X 24 , 宋体, 加粗 )*/

"感",0x00,0x00,0x00,0x00,0xC0,0x06,0x00,0xC0,0x0C,0x00,0xC0,0x0C,0xF0,0xFF,0x7F,0x30,
0xC0,0x00,0x30,0xC0,0x19,0xF0,0xFF,0x39,0x30,0x80,0x1D,0x30,0x80,0x0D,0xB0,0xBF,
0x0F,0xB0,0xB1,0x07,0x98,0xB1,0x67,0x98,0xFF,0x6F,0x8C,0xF1,0x7C,0x0C,0x30,0x78,
0x06,0x18,0xE0,0xB0,0x39,0x0C,0xB0,0x71,0x38,0xB8,0x01,0x33,0x9C,0x01,0x33,0x8C,
0x01,0x03,0x80,0xFF,0x03,0x00,0x00,0x00,/*"感",9*/
/* (24 X 24 , 宋体, 加粗 )*/

"器",0x00,0x00,0x00,0x00,0x00,0x00,0xF0,0xE7,0x1F,0x70,0xEE,0x1C,0x70,0xEE,0x1C,0x70,
0xEE,0x1C,0x70,0xEE,0x1C,0xF0,0xEF,0x1F,0x70,0xFE,0x1F,0x30,0x1C,0x37,0xFC,0xFF,
0x7F,0x00,0xC6,0x00,0x00,0x83,0x01,0x80,0x01,0x03,0xE0,0x00,0x1E,0xF0,0xEF,0x7F,
0x7C,0x6E,0x1C,0x60,0x6E,0x1C,0x60,0x6E,0x1C,0x60,0x6E,0x1C,0xE0,0xEF,0x1F,0x60,
0x6E,0x1C,0x30,0x66,0x0C,0x00,0x00,0x00,/*"器",10*/
/* (24 X 24 , 宋体, 加粗 )*/

"通",0x00,0x00,0x00,0x00,0x00,0x00,0x00,0xFE,0x0F,0x18,0x00,0x1C,0x30,0x30,0x07,0x70,
0xE0,0x01,0x70,0xC0,0x01,0x00,0xFE,0x3F,0x00,0xC6,0x30,0x00,0xC6,0x30,0x7E,0xFE,
0x3F,0x60,0xC6,0x30,0x60,0xC6,0x30,0x60,0xC6,0x30,0x60,0xFE,0x3F,0x60,0xC6,0x30,
0x60,0xC6,0x30,0x60,0xC6,0x30,0x60,0xC6,0x38,0xF8,0xC6,0x3C,0x9C,0x03,0x18,0x0E,
0xFF,0x7F,0x00,0xF8,0x3F,0x00,0x00,0x00,/*"通",11*/
/* (24 X 24 , 宋体, 加粗 )*/

"道",0x00,0x00,0x00,0x00,0x0C,0x00,0x38,0x18,0x0E,0x70,0x30,0x06,0x60,0x30,0x03,0x80,
0xFF,0x7F,0x00,0xC0,0x00,0x00,0x60,0x00,0x60,0xFC,0x1F,0xFE,0x0C,0x1C,0x60,0x0C,
0x1C,0x60,0xFC,0x1F,0x60,0x0C,0x1C,0x60,0x0C,0x1C,0x60,0xFC,0x1F,0x60,0x0C,0x1C,
0x60,0x0C,0x1C,0x60,0xFC,0x1F,0x70,0x0C,0x1C,0xDC,0x00,0x00,0x8E,0x03,0x00,0x00,
0x7E,0xF8,0x00,0xF0,0x3F,0x00,0x00,0x00,/*"道",12*/
/* (24 X 24 , 宋体, 加粗 )*/

"：",0x00,0x00,0x00,0x00,0x00,0x00,0x00,0x00,0x00,0x00,0x00,0x00,0x00,0x00,0x00,0x00,
0x00,0x00,0x00,0x00,0x00,0x00,0x00,0x00,0x00,0x00,0x00,0x00,0x00,0x00,0x00,0x00,
0x00,0x00,0x00,0x00,0x78,0x00,0x00,0x78,0x00,0x00,0x78,0x00,0x00,0x00,0x00,0x00,
0x00,0x00,0x00,0x00,0x00,0x00,0x78,0x00,0x00,0x78,0x00,0x00,0x78,0x00,0x00,0x00,
0x00,0x00,0x00,0x00,0x00,0x00,0x00,0x00,/*"：",0*/


};


typedef struct 
{
	unsigned char Index[2];	
	unsigned char Msk[128];
}typFNT_GB32; 


const typFNT_GB32 tfont32[]={

"中",0x00,0x00,0x00,0x00,0x00,0x00,0x00,0x00,0x00,0x80,0x00,0x00,0x00,0x80,0x01,0x00,
0x00,0x80,0x01,0x00,0x00,0x80,0x01,0x00,0x00,0x80,0x01,0x00,0x00,0x80,0x01,0x00,
0x10,0x80,0x01,0x0C,0xF0,0xFF,0xFF,0x0F,0x30,0x80,0x01,0x04,0x30,0x80,0x01,0x04,
0x30,0x80,0x01,0x04,0x30,0x80,0x01,0x04,0x30,0x80,0x01,0x04,0x30,0x80,0x01,0x04,
0x30,0x80,0x01,0x04,0x30,0x80,0x01,0x04,0xF0,0xFF,0xFF,0x07,0x30,0x80,0x01,0x04,
0x30,0x80,0x01,0x04,0x00,0x80,0x01,0x00,0x00,0x80,0x01,0x00,0x00,0x80,0x01,0x00,
0x00,0x80,0x01,0x00,0x00,0x80,0x01,0x00,0x00,0x80,0x01,0x00,0x00,0x80,0x01,0x00,
0x00,0x80,0x01,0x00,0x00,0x80,0x01,0x00,0x00,0x80,0x00,0x00,0x00,0x00,0x00,0x00,/*"中",0*/
"景",0x00,0x00,0x00,0x00,0x00,0x00,0x00,0x00,0x00,0x00,0x00,0x00,0x00,0x01,0x80,0x01,
0x00,0xFF,0xFF,0x01,0x00,0x03,0x80,0x01,0x00,0x03,0x80,0x01,0x00,0xFF,0xFF,0x01,
0x00,0x03,0x80,0x01,0x00,0x03,0x80,0x01,0x00,0xFF,0xFF,0x01,0x00,0x81,0x81,0x00,
0x00,0x00,0x03,0x00,0x00,0x00,0x03,0x1C,0xFC,0xFF,0xFF,0x3F,0x00,0x00,0x40,0x00,
0x00,0x03,0xC0,0x01,0x00,0xFF,0xFF,0x01,0x00,0x03,0xC0,0x00,0x00,0x03,0xC0,0x00,
0x00,0x03,0xC0,0x00,0x00,0xFF,0xFF,0x00,0x00,0x01,0x41,0x00,0x00,0x04,0x01,0x00,
0x00,0x0E,0x71,0x00,0x00,0x07,0x81,0x01,0x80,0x01,0x01,0x07,0x60,0x00,0x01,0x0E,
0x18,0x98,0x01,0x1C,0x04,0xE0,0x01,0x18,0x00,0xC0,0x00,0x00,0x00,0x00,0x00,0x00,/*"景",1*/
"园",0x00,0x00,0x00,0x00,0x00,0x00,0x00,0x00,0x00,0x00,0x00,0x08,0xF0,0xFF,0xFF,0x1F,
0x30,0x00,0x00,0x0C,0x30,0x00,0x00,0x0C,0x30,0x00,0x10,0x0C,0x30,0xFE,0x3F,0x0C,
0x30,0x04,0x00,0x0C,0x30,0x00,0x00,0x0C,0x30,0x00,0x00,0x0C,0x30,0x00,0x00,0x0C,
0x30,0x00,0xC0,0x0C,0xF0,0xFF,0xFF,0x0D,0x30,0x30,0x06,0x0E,0x30,0x30,0x06,0x0C,
0x30,0x10,0x06,0x0C,0x30,0x10,0x06,0x0C,0x30,0x10,0x06,0x0C,0x30,0x18,0x86,0x0C,
0x30,0x18,0x86,0x0C,0x30,0x08,0x06,0x0D,0x30,0x0C,0x86,0x0D,0x30,0x06,0xEE,0x0F,
0x30,0x02,0xFC,0x0D,0x30,0x01,0x00,0x0C,0xF0,0x00,0x00,0x0C,0x30,0x00,0x00,0x0C,
0xF0,0xFF,0xFF,0x0F,0x30,0x00,0x00,0x0C,0x10,0x00,0x00,0x04,0x00,0x00,0x00,0x00,/*"园",2*/
"电",0x00,0x00,0x00,0x00,0x00,0x00,0x00,0x00,0x00,0xC0,0x00,0x00,0x00,0xC0,0x01,0x00,
0x00,0xC0,0x00,0x00,0x00,0xC0,0x00,0x00,0x00,0xC0,0x00,0x00,0x00,0xC0,0x00,0x00,
0xE0,0xFF,0xFF,0x03,0x60,0xC0,0x00,0x03,0x60,0xC0,0x00,0x03,0x60,0xC0,0x00,0x03,
0x60,0xC0,0x00,0x03,0x60,0xC0,0x00,0x03,0x60,0xC0,0x00,0x03,0xE0,0xFF,0xFF,0x03,
0x60,0xC0,0x00,0x03,0x60,0xC0,0x00,0x03,0x60,0xC0,0x00,0x03,0x60,0xC0,0x00,0x03,
0x60,0xC0,0x00,0x03,0xE0,0xFF,0xFF,0x03,0x60,0xC0,0x00,0x01,0x60,0xC0,0x00,0x00,
0x00,0xC0,0x00,0x08,0x00,0xC0,0x00,0x10,0x00,0xC0,0x00,0x10,0x00,0xC0,0x00,0x18,
0x00,0xC0,0x01,0x38,0x00,0x80,0xFF,0x1F,0x00,0x00,0x00,0x00,0x00,0x00,0x00,0x00,/*"电",3*/
"子",0x00,0x00,0x00,0x00,0x00,0x00,0x00,0x00,0x00,0x00,0x00,0x00,0x00,0x00,0x00,0x03,
0xC0,0xFF,0xFF,0x07,0x00,0x00,0x80,0x07,0x00,0x00,0xC0,0x00,0x00,0x00,0x60,0x00,
0x00,0x00,0x18,0x00,0x00,0x00,0x0C,0x00,0x00,0x80,0x03,0x00,0x00,0x80,0x03,0x00,
0x00,0x80,0x01,0x00,0x00,0x80,0x01,0x08,0x00,0x80,0x01,0x1C,0xFC,0xFF,0xFF,0x3F,
0x00,0x80,0x01,0x00,0x00,0x80,0x01,0x00,0x00,0x80,0x01,0x00,0x00,0x80,0x01,0x00,
0x00,0x80,0x01,0x00,0x00,0x80,0x01,0x00,0x00,0x80,0x01,0x00,0x00,0x80,0x01,0x00,
0x00,0x80,0x01,0x00,0x00,0x80,0x01,0x00,0x00,0x80,0x01,0x00,0x00,0x80,0x01,0x00,
0x00,0xFC,0x01,0x00,0x00,0xE0,0x00,0x00,0x00,0x40,0x00,0x00,0x00,0x00,0x00,0x00,/*"子",4*/
};

#endif


